soil,land,road,water,elec,area,elevation,discharge,schools,hospitals,hotels,flood_risk,env_risk,access_risk,infra_risk,overall_risk,suitability,btype
Red Soil,Agricultural,58.09967490303417,0,1,4796.597486485918,923.7283496848054,1830.7673135863827,4,1,2,42.090427545969106,20,3.167208494943054,45,29.773451764824948,70.22654823517504,Individual House
Sandy,Industrial,55.36978915049092,1,0,16409.30609499046,472.79901998152366,3312.188733681681,3,0,3,43.78961151348585,25,7.717018082515139,45,32.25561855034883,67.74438144965117,Factory
Loamy,Residential,32.65815360360717,0,1,3986.4669605590966,1081.398822512867,1706.9486099047876,3,2,2,47.97443379719397,15,45.569743993988055,45,41.6834878275149,58.3165121724851,Individual House
Sandy,Agricultural,48.73106553896986,0,1,4998.782125698065,1173.5486927267395,1736.441794981785,3,2,3,38.54606951489323,25,18.78155743505023,45,33.18651368897519,66.8134863110248,Individual House
Sandy,Agricultural,12.466021920494558,0,1,7954.254444962871,1400.848456955954,3667.631954691516,0,1,2,52.883494519876365,25,79.22329679917573,45,53.31504728175066,46.68495271824934,Individual House
Clayey,Industrial,58.75910013122068,1,0,17726.615721187813,551.6620082313955,1549.1611226955392,1,1,0,48.29344742110561,30,2.068166447965538,45,33.16974820937835,66.83025179062165,Factory
Loamy,Agricultural,58.03942787197926,0,0,3503.946704048095,1029.0251039699324,1003.8632417721255,2,0,2,27.5674078674477,15,3.2676202133679055,85,33.96549780694867,66.03450219305134,Individual House
Loamy,Agricultural,14.005092683354404,1,1,3322.4496642359954,903.9244154020363,4038.2306399828603,1,0,1,58.4987268291614,15,76.658178861076,10,44.38909910547549,55.61090089452451,Individual House
Loamy,Residential,21.468271864170863,1,0,10385.524777800054,787.8091041856327,4026.855168636159,4,1,1,56.63293203395728,15,64.21954689304856,45,49.37641293514719,50.62358706485281,Individual House
Sandy,Residential,10.508524862872182,1,0,6251.800280779819,1335.6247112325568,2487.9285185343465,1,2,0,53.372868784281955,25,82.48579189521303,45,54.30195204830194,45.69804795169806,Individual House
Red Soil,Residential,19.944467939399885,0,0,11805.830891315038,4.750971207600485,2633.2780808147754,2,2,2,84.728824742694,20,66.75922010100018,85,70.59489368519294,29.405106314807057,Individual House
Loamy,Commercial,49.877568417836365,1,1,9581.097008981245,423.16740915539646,3480.383128838193,0,1,1,54.14056334621712,15,16.870719303606066,10,27.91687699707751,72.08312300292249,Shopping Complex
Rocky,Commercial,25.80735839408927,1,1,9264.22302067312,807.4158593172451,2546.371458812167,4,1,1,47.54816040147768,55,56.98773600985121,10,41.63879014297999,58.36120985702001,Shopping Complex
Sandy,Residential,9.86183319307171,0,1,3127.4864392528725,267.4398924548285,2085.1997948461626,0,2,3,67.48814815444236,25,83.56361134488048,45,59.51175469027494,40.48824530972506,Individual House
Clayey,Residential,23.82240386283975,0,0,3679.944114746963,1361.7998005991374,4974.470966483729,4,2,3,66.04439903429007,30,60.295993561933756,85,63.93953805248496,36.06046194751504,Individual House
Red Soil,Commercial,58.97608338327041,1,1,16600.492971490152,971.392676419523,738.2021392627946,2,0,2,20.02002193943829,20,1.7065276945493224,10,12.933639602440731,87.06636039755927,Hospital/Clinic
Rocky,Industrial,39.63259773925616,1,0,17831.772013863145,716.8244919479848,2963.639896199303,0,1,0,44.09185056518596,55,33.94567043457306,45,43.41856530645835,56.58143469354165,Factory
Rocky,Agricultural,27.888852052338677,0,0,5458.987124819754,1222.0526385999817,4429.315130378302,2,1,2,47.02778698691533,55,53.51857991276887,85,59.33937042361258,40.66062957638742,Individual House
Clayey,Agricultural,14.15961824234985,1,1,3155.749528970612,676.3292871976556,3436.075205905574,2,1,3,68.46009543941254,30,76.40063626275025,10,50.06119246948195,49.93880753051805,Individual House
Red Soil,Residential,59.23972385060321,1,1,2014.9167667557015,837.9795178950143,4404.6164954411925,1,2,3,45.1900690373492,20,1.2671269156613079,10,21.633305891987547,78.36669410801245,Individual House
Sandy,Industrial,50.14669550947208,1,1,12557.65466109604,4.126493330881498,1681.673601773363,4,0,2,66.84920855824636,25,16.42217415087987,10,33.7527665331062,66.2472334668938,Factory
Black Cotton,Commercial,20.481251634800564,0,0,14591.711037503906,548.5507952926104,1359.964881301196,3,2,2,60.07898471732378,40,65.86458060866573,85,64.74378980322976,35.25621019677024,Shopping Complex
Red Soil,Residential,8.85377826466542,1,0,8083.389794860905,208.18570852645462,4256.3619345105235,3,1,2,75.29541292224637,20,85.24370289222429,45,61.914320245842305,38.085679754157695,Individual House
Clayey,Industrial,8.114405655765692,0,1,13913.841482322152,1034.5330209934366,1970.5728809273025,0,1,2,69.38285620460462,30,86.47599057372385,45,61.65299731504258,38.34700268495742,Factory
Rocky,Industrial,11.62079822280436,0,0,14546.217495630995,718.5404384636007,3548.4116152865563,2,1,0,51.09480044429891,55,80.63200296199273,85,67.5411808960028,32.4588191039972,Factory
Sandy,Industrial,36.94227209879319,0,1,18771.5033465412,452.63633587534616,738.7428920705713,1,1,1,24.38110966419236,25,38.42954650201135,45,33.14077500797016,66.85922499202984,Factory
Red Soil,Commercial,56.08198816630208,1,1,2232.5991188670378,701.7485090576135,3779.1906268833736,4,1,2,45.979502958424476,20,6.530019722829863,10,23.225330966156033,76.77466903384396,Shopping Complex
Black Cotton,Commercial,32.32088854032915,0,1,4653.542741390516,314.44483192701927,2744.9132451243468,0,2,1,81.05308794929655,40,46.13185243278475,45,57.15154389044998,42.84845610955002,Shopping Complex
Black Cotton,Agricultural,51.36200153509084,1,1,2301.9937643427747,1387.6299487292108,1343.0581995523044,2,0,3,52.02066360727338,40,14.396664108181938,10,30.306398289591165,69.69360171040884,Individual House
Loamy,Agricultural,29.52376409228943,0,1,17491.8847333861,80.95894882636951,2472.519819794525,3,1,1,79.76152204734548,15,50.79372651285095,45,54.11496434478366,45.88503565521634,Individual House
Loamy,Industrial,43.97209501723039,1,1,16059.156040637803,1298.1255529441805,3484.7181291985175,3,1,2,51.0069762456924,15,26.713174971282683,10,29.28073542881301,70.71926457118698,Factory
Clayey,Industrial,45.25300055075755,1,0,11918.199341814941,767.0381831000265,59.432044236918394,4,1,1,21.875390747048982,30,24.57833241540409,45,29.550969865318166,70.44903013468183,Factory
Red Soil,Commercial,14.568003824683625,1,0,2589.6047909724803,928.4197442082259,3187.3352940706473,4,2,2,56.357999043829096,20,75.7199936255273,45,52.905298071722,47.094701928278,Shopping Complex
Red Soil,Agricultural,24.866883243669648,0,1,6192.934814420672,453.9084313630557,2707.953891366372,4,2,2,56.54877330729924,20,58.55519459388392,45,48.68086930602571,51.31913069397429,Individual House
Rocky,Industrial,40.051618609591316,1,1,6656.677113111821,1450.046425191482,1101.430838733663,0,1,3,26.01571212227543,55,33.2473023173478,10,28.167324822133352,71.83267517786665,Factory
Rocky,Agricultural,8.88831345014014,1,0,11654.120724292925,422.77643777923475,3764.9053698809835,4,1,2,56.41133537071088,55,85.18614424976643,45,60.54050344219041,39.45949655780959,Individual House
Rocky,Agricultural,24.88471032696261,0,0,5902.833986697594,883.3169957104565,1517.3049231660057,0,1,3,38.124920881579456,55,58.52548278839565,85,57.47509300565172,42.52490699434828,Individual House
Loamy,Industrial,34.41397064546558,0,1,2386.237414346142,1490.1250576606933,1384.304657732824,1,1,0,41.08260049329008,15,42.64338225755736,45,38.53975573704086,61.46024426295914,Factory
Red Soil,Commercial,59.79234711745513,1,1,14884.483735212689,1321.6415945751687,2356.0917449966137,2,1,2,45.051913220636216,20,0.34608813757478174,10,21.35469166161637,78.64530833838363,Shopping Complex
Red Soil,Industrial,31.09934594423424,0,0,6682.524021452815,804.4947379291591,3380.7483921118237,3,2,3,52.22516351394144,20,48.1677567596096,85,54.5707464197819,45.4292535802181,Factory
Black Cotton,Industrial,49.883121641287794,0,1,9595.109363442712,1485.561784450818,4644.2298793812715,0,1,3,65.52921958967805,40,16.861463931187018,45,44.40059283918407,55.59940716081593,Factory
Loamy,Agricultural,28.763700678663977,0,0,3425.6660646638015,1052.054792598922,706.7862156605198,2,1,2,28.9447991435444,15,52.060498868893376,85,46.645804417463886,53.354195582536114,Individual House
Sandy,Industrial,48.80148974408399,1,1,16248.417764497013,313.050624212714,1982.3406037586683,4,1,1,54.663402186389526,25,18.664183759860023,10,30.04823670520134,69.95176329479867,Factory
Loamy,Commercial,37.747814089105965,0,0,11745.105661557094,608.3943156537096,334.94796256314964,3,2,3,19.2620057289865,15,37.086976518156725,85,39.51344613468446,60.48655386531554,Shopping Complex
Sandy,Industrial,53.76274928263191,1,1,18130.126897987393,501.7400010173265,3792.7537373587124,0,1,0,42.55931267934202,25,10.395417862280155,10,23.744613903339747,76.25538609666026,Factory
Black Cotton,Commercial,27.601840379256046,0,1,10413.959698241333,516.0205624067837,2238.664448406804,4,2,1,71.09953990518599,40,53.99693270123993,45,55.63407214212508,44.36592785787492,Shopping Complex
Clayey,Commercial,38.236743090181335,0,1,18887.087764539716,1140.6846590397995,3534.6456759409257,2,0,1,62.440814227454666,30,36.27209484969778,45,46.67230869203358,53.32769130796642,Hospital/Clinic
Red Soil,Agricultural,39.651027434035505,1,0,17945.495883245192,876.3943909091904,1610.9721198814364,1,2,2,42.30668553911985,20,33.91495427660749,45,37.53607850784382,62.46392149215618,Individual House
Black Cotton,Residential,27.95606179902603,0,1,11952.737272725444,57.13906738429281,4221.586207031617,2,1,3,97.58264050718593,40,53.40656366828995,45,64.75556509458755,35.24443490541245,Individual House
Red Soil,Residential,12.937162402811484,0,0,18743.975324847404,1316.1727254764642,2674.1403912005735,0,2,0,56.76570939929713,20,78.43806266198087,85,63.72751395524921,36.27248604475079,Individual House
Rocky,Agricultural,10.145767380178455,0,0,7138.686198596493,445.1942107202468,4718.0391091182755,1,1,3,54.75190551174058,55,83.09038769970257,85,69.43576385403485,30.564236145965154,Individual House
Clayey,Industrial,5.9169352829798205,0,0,7947.201091380016,1495.6123153697156,394.073195720171,1,2,0,38.40223009365846,30,90.13844119503364,85,61.72539083153887,38.27460916846113,Factory
Clayey,Agricultural,53.044384533486806,1,0,1864.0810748147019,1431.2860955021786,2571.3841227103717,4,2,3,58.7389038666283,30,11.592692444188657,45,39.20678946436706,60.79321053563294,Individual House
Black Cotton,Commercial,18.006120173128203,1,1,12194.817228513208,1410.796075022948,3832.2762299884935,2,0,2,73.49846995671795,40,69.98979971145299,10,51.721914412714526,48.278085587285474,Shopping Complex
Clayey,Residential,16.632871210497242,1,1,14716.555428649734,1216.6914060959605,3000.763240368073,0,2,0,67.8417821973757,30,72.27854798250459,10,48.81426076470764,51.18573923529236,Individual House
Sandy,Agricultural,45.481947023433605,1,1,15696.86461459996,330.9199975253139,115.97070213421378,1,0,2,17.09372743530704,25,24.19675496094399,10,18.281993342593463,81.71800665740653,Individual House
Clayey,Industrial,22.600886219806547,1,0,3846.509434875963,798.949116043173,4861.693391719404,4,0,3,66.34977844504836,30,62.33185630032242,45,54.55538653084753,45.44461346915247,Factory
Red Soil,Agricultural,32.832458082651016,1,1,9439.022373937505,336.4539402374619,1491.318465379492,1,2,0,51.43101837267937,20,45.27923652891498,10,34.82066556266652,65.17933443733348,Individual House
Red Soil,Residential,13.938108591360097,1,0,4360.401029784398,389.51318338342384,1246.3893318319103,2,2,0,48.072468485792754,20,76.76981901439984,45,50.26781872362743,49.73218127637257,Individual House
Red Soil,Agricultural,57.78601468040831,0,0,13580.419628230728,916.427654154416,2428.2993780328975,3,2,3,45.553496329897925,20,3.6899755326528236,85,41.11621759862748,58.88378240137252,Individual House
Red Soil,Agricultural,51.83697700094805,1,0,4000.9810760135942,61.25031802959507,2710.7905376167446,0,0,2,73.36573666798728,20,13.60503833175325,45,43.329267416733856,56.670732583266144,Individual House
Sandy,Residential,52.50842926307518,1,1,18179.109995165425,1454.1878502310615,3831.440687949127,3,1,0,42.8728926842312,25,12.485951228208037,10,24.37700024653293,75.62299975346707,Apartment
Loamy,Commercial,27.372556171460285,1,0,5382.058267566854,1378.0097588669466,1966.3682882949456,2,1,0,54.48422672303384,15,54.37907304756619,45,46.16424761495339,53.83575238504661,Shopping Complex
Rocky,Commercial,46.9298667538945,0,1,6536.643059476652,571.1513582365798,2199.801882311061,3,0,0,42.26753331152638,55,21.783555410175836,45,39.739525511578194,60.260474488421806,Hospital/Clinic
Black Cotton,Residential,12.913188546437908,1,1,17167.220120868995,773.1336720103695,2674.799579669155,2,0,3,74.77170286339052,40,78.47801908927016,10,54.28960077450422,45.71039922549578,Individual House
Red Soil,Agricultural,5.474045142547915,1,1,9710.884592768753,699.1791289016385,1971.9354987082033,2,2,1,58.07019868852709,20,90.8765914290868,10,48.54371739825618,51.45628260174382,Individual House
Clayey,Residential,6.098511291791547,1,0,1455.9229702013874,1323.2996679262046,4572.74039550578,4,2,3,70.47537217705211,30,89.83581451368076,45,62.875333890388426,37.124666109611574,Individual House
Red Soil,Commercial,37.26309555725082,0,1,10397.138772850269,1032.9028144741665,4256.259833171261,3,1,2,50.68422611068729,20,37.8948407379153,45,41.463189323219375,58.536810676780625,Shopping Complex
Clayey,Industrial,30.046719788636743,1,0,2606.3233722223376,417.16687113653467,2274.8684753893917,1,1,1,69.45830778464874,30,49.92213368560543,45,52.540941146028416,47.459058853971584,Factory
Rocky,Agricultural,33.490844189968584,0,0,19721.5496550589,670.2618816979453,0.9743116865856827,2,1,0,5.646775186239568,55,44.18192635005236,85,42.521852902696935,57.478147097303065,Individual House
Rocky,Commercial,5.410472722947067,0,0,12174.119838656445,643.4489635301456,4504.672477646403,3,2,0,52.64738181926323,55,90.98254546175488,85,70.67222000218085,29.32777999781915,Shopping Complex
Rocky,Agricultural,28.247764081158415,0,0,5874.119734608591,1439.002752425878,621.6828671973262,1,2,1,19.37171632365692,55,52.92039319806931,85,49.51019901279725,50.48980098720275,Individual House
Clayey,Residential,44.49374886604735,0,1,11710.635911404737,262.9663657719595,1222.562075970231,0,0,0,59.54982235657521,30,25.84375188992108,45,43.05337579728159,56.94662420271841,School
Red Soil,Industrial,29.34815360820897,1,1,2460.474964253342,134.36450594164356,761.806421826991,1,2,0,49.83721967798897,20,51.08641065298505,10,35.7146295505424,64.2853704494576,Factory
Rocky,Residential,45.272056347172224,0,1,16197.934781107524,1320.9282482425353,899.0778499051189,3,1,3,20.663542911309325,55,24.546572754712955,45,32.8688832076365,67.1311167923635,Individual House
Sandy,Industrial,17.816043041825914,0,1,18581.23302341911,1345.0289842588063,4014.3876894491736,3,0,3,51.54598923954352,25,70.30659493029015,45,50.61774496641277,49.38225503358723,Factory
Clayey,Agricultural,49.7228102464949,1,0,17614.44337591703,1307.6086318682471,2897.507208329621,1,2,2,59.569297438376275,30,17.128649589175154,45,40.88141650072548,59.11858349927452,Individual House
Clayey,Agricultural,37.36371822493987,0,0,7493.394443672692,766.4653734383345,4780.475815626743,1,1,0,62.65907044376503,30,37.72713629176688,85,57.11245872825948,42.88754127174052,Individual House
Red Soil,Residential,16.591970468644842,0,0,7189.594273224001,989.6166424041907,1157.2675616185822,2,2,2,38.99735861521044,20,72.34671588559192,85,55.98575448672163,44.01424551327837,Individual House
Clayey,Industrial,18.01962617196081,0,0,1666.6646131097,845.0445713414758,2428.17454065617,3,0,2,67.4950934570098,30,69.96728971339866,85,66.8651051383031,33.13489486169691,Factory
Clayey,Industrial,39.54167555132454,0,1,13376.606815317418,104.17173908160137,4887.1418454123495,2,2,1,85.86427676727278,30,34.097207414459106,45,54.32679872216025,45.67320127783975,Factory
Rocky,Agricultural,50.64667762668439,0,1,11163.190899606103,893.7523453510837,4132.217571373849,2,1,1,41.338330593328905,55,15.588870622192687,45,37.86563336321329,62.13436663678671,Individual House
Red Soil,Residential,27.859528011603533,0,0,9727.581055219485,20.421220884151325,3643.078395602455,0,0,0,81.80984474405004,20,53.567453313994115,85,66.27530898891604,33.72469101108396,School
Rocky,Industrial,19.206523602017572,1,0,18244.98811335943,487.48111433562923,944.8760068539597,3,1,1,28.84702237643705,55,67.98912732997071,45,46.593739664245646,53.406260335754354,Factory
Rocky,Agricultural,52.68563838008302,1,0,4189.69912057408,1398.4388638097505,3847.0270045485804,2,0,2,40.828590404979245,55,12.190602699861628,45,36.837657316708146,63.162342683291854,Individual House
Red Soil,Commercial,41.80975604629592,1,0,1183.6590671134643,456.0679044537114,1737.8256129795889,0,2,3,46.93999898079511,20,30.317073256173472,45,38.25826795732166,61.74173204267834,Shopping Complex
Black Cotton,Residential,29.64470180056921,1,1,2393.012590294543,1409.7399639663718,2652.684485233788,2,2,1,70.58882454985769,40,50.59216366571799,10,45.85412950887969,54.14587049112031,Individual House
Rocky,Commercial,31.8345107403616,0,0,5244.057318720009,375.2009357238664,3045.8060651977007,2,1,2,53.52931617147762,55,46.94248209939733,85,59.9708811848665,40.0291188151335,Shopping Complex
Sandy,Residential,16.234105736501803,0,1,1632.425436005682,471.8433606922987,3046.8185576212704,3,2,1,53.63087192433663,25,72.94315710583032,45,52.006594449975395,47.993405550024605,Individual House
Sandy,Agricultural,39.47414465356642,0,1,10554.030502219573,942.6112446578303,3632.617359567582,1,0,0,46.1314638366084,25,34.20975891072263,45,39.698452070493595,60.301547929506405,Individual House
Clayey,Industrial,24.730838079858874,1,0,6967.718649437983,1142.4404591839423,3308.510463211028,1,2,1,65.81729048003528,30,58.78193653356855,45,53.48153580140448,46.51846419859552,Factory
Sandy,Industrial,59.76048471708921,1,0,4429.17715329452,752.081652007326,341.85439655294914,3,2,3,7.89696675178668,25,0.3991921381846453,45,17.8637363976715,82.1362636023285,Factory
Clayey,Industrial,31.410093339403833,0,1,15251.597424024581,1323.1735307912331,2286.735129745536,1,2,0,64.14747666514904,30,47.64984443432695,45,50.1140779413839,49.8859220586161,Factory
Black Cotton,Residential,31.723708340428725,0,1,4884.575198418071,60.36063241592887,3320.1080335998963,4,2,1,96.44743496993708,40,47.12715276595213,45,62.78839043096601,37.21160956903399,Individual House
Red Soil,Agricultural,36.12184830758696,1,0,14064.496918882072,1383.292257951556,1479.9649108286433,1,2,3,40.56883613967612,20,39.79691948735506,45,38.39832252072541,61.60167747927459,Individual House
Red Soil,Commercial,55.42158017153107,1,1,7636.033211105139,294.46169984311206,1565.2834360819484,2,2,2,49.782571688169476,20,7.630699714114883,10,24.831575019388037,75.16842498061196,Shopping Complex
Red Soil,Agricultural,49.04499549228626,1,0,10724.727452588537,1326.3581176269838,622.8377387730777,2,2,1,20.19550590238999,20,18.25834084618957,45,25.883012277383887,74.11698772261612,Individual House
Sandy,Commercial,29.81215383888128,1,0,18743.473757175077,601.2947692295708,2093.0749298742767,0,2,1,48.54696154027968,25,50.31307693519787,45,44.56970577289735,55.43029422710265,Shopping Complex
Black Cotton,Residential,44.52845962850378,0,1,1709.6810615004438,1249.1355838065565,4934.152171530874,3,1,2,66.86788509287405,40,25.78590061916036,45,47.10023493729601,52.89976506270399,Individual House
Sandy,Residential,37.24295243294189,1,1,10505.025642071776,1007.4983247055426,1426.5968064401868,0,1,2,35.221198020568266,25,37.92841261176352,10,28.059522460139775,71.94047753986023,School
Sandy,Commercial,32.08018767856869,1,0,17234.036246224747,263.91244871739315,2657.1844634304903,2,2,1,62.145206157314234,25,46.53302053571885,45,48.384077288989694,51.615922711010306,Shopping Complex
Black Cotton,Commercial,15.577367503139278,0,0,12171.510719036622,1377.0713548221727,3716.1862638954217,2,1,3,74.10565812421518,40,74.0377208281012,85,71.69641055050062,28.303589449499384,Shopping Complex
Black Cotton,Commercial,30.516494490019,0,1,6260.539822337976,368.2760857326895,67.48635442135331,0,2,2,39.624038321960946,40,49.13917584996833,45,43.40320737517841,56.59679262482159,Shopping Complex
Black Cotton,Agricultural,18.520022286241606,0,1,8555.941567755654,366.2101780424986,4502.197797991495,4,2,2,81.39738374588968,40,69.13329618959733,45,63.02240835846072,36.97759164153928,Individual House
Black Cotton,Commercial,55.31631824184101,1,1,13925.046945842916,1221.2683449560707,1932.7509236246926,1,2,3,62.8259389120336,40,7.806136263598319,10,32.44061268511134,67.55938731488865,Shopping Complex
Red Soil,Residential,23.447374742299083,1,1,17925.425991962256,158.80988335878155,4345.579933554911,4,1,1,74.60956331289833,20,60.92104209616819,10,46.84360768355646,53.15639231644354,Individual House
Loamy,Residential,57.37452079933548,1,0,1780.2611011856202,333.0538595556905,194.73829449739023,4,0,0,21.56790411677251,15,4.375798667774205,45,22.14271610781393,77.85728389218608,Individual House
Loamy,Industrial,34.31804095520911,1,0,2359.2376159171517,755.5163601315935,728.3177593183793,4,2,1,27.98684494756531,15,42.80326507465148,45,33.99621200031073,66.00378799968928,Factory
Black Cotton,Commercial,39.734940827188815,0,0,7175.978948582164,1245.7155430299365,1612.647272387796,4,2,1,60.31921024095872,40,33.77509862135197,85,56.80549823967354,43.19450176032646,Shopping Complex
Loamy,Agricultural,34.86172444691303,0,1,5422.814004312101,221.22596210590123,1727.3088653163936,1,0,0,64.55718846824556,15,41.897125921811615,45,46.569297444338844,53.430702555661156,Individual House
Loamy,Agricultural,12.115933933168549,1,1,6033.686838225714,821.5023517685196,4238.9711151400825,3,1,1,58.97101651670786,15,79.80677677805242,10,45.341549975360856,54.658450024639144,Individual House
Black Cotton,Agricultural,25.670167045436752,1,0,5204.129973891738,1066.8608877044094,56.00557694117603,0,0,1,32.70256977746433,40,57.21638825760541,45,42.999996486513865,57.000003513486135,Individual House
Loamy,Industrial,10.453036175269316,1,1,4720.675928247996,1290.892837073927,3205.5588823483977,4,2,2,59.38674095618267,15,82.57827304121781,10,46.17992759496839,53.82007240503161,Factory
Sandy,Residential,39.26247243008599,0,1,3481.855370516544,1403.3483403033295,656.5621808927513,4,0,3,19.31562551033353,25,34.562545949856684,45,30.401105416080906,69.59889458391909,Individual House
Clayey,Agricultural,29.57808073602414,1,1,18745.12850410952,1176.9598717033987,4116.078253555247,0,2,1,64.60547981599396,30,50.703198773293096,10,42.28771762892116,57.71228237107884,Individual House
Clayey,Residential,47.789173436401526,0,1,3739.5998142169083,979.2425973330029,3892.8663297895614,0,1,0,60.052706640899615,30,20.351377605997456,45,41.85629172581423,58.14370827418577,Individual House
Black Cotton,Industrial,17.12587645496534,1,1,4883.671720545188,650.4301279691488,2499.605137056003,3,1,0,73.71853088625866,40,71.45687257505776,10,52.165703953954974,47.834296046045026,Factory
Red Soil,Commercial,14.05113321361342,0,1,5679.048755634929,168.16523128262943,1063.436127561876,2,1,2,57.666025370876405,20,76.58144464397763,45,53.57847004080115,46.42152995919885,Shopping Complex
Black Cotton,Commercial,27.34827270300723,0,0,18727.28258947799,1064.6057887882819,3172.4769548277814,3,2,1,71.16293182424819,40,54.41954549498795,85,65.76191251223386,34.23808748776614,Shopping Complex
Red Soil,Commercial,55.962196077010965,1,0,15358.56853842061,1489.1059567132304,781.2915882882282,2,1,1,21.635282746511827,20,6.729673204981722,45,23.50476726252457,76.49523273747543,Shopping Complex
Clayey,Agricultural,44.07319982568264,0,0,16004.28917599478,1105.1408920981498,950.1189629632672,1,0,1,39.984079302844684,30,26.544666957195602,85,46.38059449529454,53.61940550470546,Individual House
Black Cotton,Commercial,28.040799363610528,0,0,2990.4069312314627,25.06664060658942,3133.4495111267884,3,1,1,99.485801722702,40,53.26533439398246,85,75.38636420144131,24.61363579855869,Shopping Complex
Rocky,Agricultural,33.44996933648708,1,1,16889.887625297764,744.3899670627582,4956.142230443122,1,2,0,45.63750766587823,55,44.25005110585487,10,37.7856404595211,62.2143595404789,Individual House
Sandy,Industrial,9.631715614740408,0,0,8755.668554530941,921.9699487243557,4455.3041862627315,0,0,0,53.592071096314896,25,83.94714064209933,85,64.74401004423504,35.25598995576496,Factory
Loamy,Industrial,59.15167430068622,1,0,5993.637498035386,1034.5113016542646,2965.536788418385,3,0,2,47.21208142482845,15,1.4138761655229786,45,30.3776975400707,69.6223024599293,Factory
Red Soil,Agricultural,41.65240175822054,0,0,11939.2515868859,1079.5887534010628,2692.6838438371187,0,0,1,49.58689956044486,20,30.579330402965766,85,49.25024744689714,50.74975255310286,Individual House
Rocky,Residential,20.697223765488236,0,0,16621.475210517943,837.162661824786,4991.924400040542,4,0,0,48.82569405862794,55,65.50462705751961,85,62.965149684899686,37.034850315100314,Individual House
Loamy,Commercial,37.21946168183844,0,1,15794.390870423278,335.0404991013604,2736.9857381694683,0,2,1,62.592704633458766,15,37.96756386360261,45,44.899337587611214,55.100662412388786,Shopping Complex
Loamy,Commercial,11.02153013379467,0,1,17909.95216904151,1413.30099221482,2100.5826097972194,4,1,3,59.24461746655133,15,81.63078311034222,45,54.64331189087852,45.35668810912148,Shopping Complex
Black Cotton,Commercial,58.121016784417094,1,0,18634.511534293433,1044.999701495493,4547.777678876707,2,0,3,63.46974580389573,40,3.1316386926381767,45,40.24732070452305,59.75267929547695,Hospital/Clinic
Loamy,Agricultural,14.613174333585127,1,0,5524.319357127241,355.2600553041142,1170.9214793464412,4,1,0,50.44953268528569,15,75.64470944402478,45,50.06851380085618,49.93148619914382,Individual House
Sandy,Industrial,40.64166749303678,1,1,9053.29998921616,483.4827484054093,487.62995148404485,2,1,3,16.583217252097143,25,32.263887511605375,10,20.120097916135343,79.87990208386466,Factory
Rocky,Commercial,18.499995439641175,0,1,1277.9422448963303,1382.8915059455546,3170.4501718091515,4,1,3,49.37500114008971,55,69.16667426726471,45,54.07291896584758,45.92708103415242,Shopping Complex
Loamy,Industrial,44.46587604566947,0,0,17707.11152603614,1331.2277800610036,479.248168843745,4,1,0,20.46849436545753,15,25.89020659055089,85,37.13652467554786,62.86347532445214,Factory
Black Cotton,Commercial,47.72517519821546,1,1,3936.8708780205834,607.7196575371344,1865.7426847648007,1,2,2,63.38355989574216,40,20.45804133630756,10,35.79875629758665,64.20124370241335,Shopping Complex
Sandy,Commercial,42.038085090128796,1,1,17368.02143451119,57.46083298717647,2117.8869279086025,1,0,3,72.04282874823721,25,29.936524849785343,10,38.94912127432936,61.05087872567064,Hospital/Clinic
Clayey,Agricultural,38.79747031403559,1,0,7258.359117745331,72.74605334090728,2737.690335246166,0,0,1,87.93586922103667,30,35.33754947660735,45,55.36194159651467,44.63805840348533,Individual House
Rocky,Residential,54.085800167360645,1,1,7994.538209641626,425.8774363775836,4958.297728739812,1,1,3,44.92590377550483,55,9.856999721065591,10,28.938316251693088,71.0616837483069,Apartment
Loamy,Agricultural,9.324469104436693,0,0,1743.512835193328,943.6833290084992,1104.908616665904,2,0,2,41.7670550572089,15,84.45921815927218,85,59.23327380984116,40.76672619015884,Individual House
Black Cotton,Commercial,23.200312117910734,1,0,7210.697005541072,876.2919530018428,1878.78189253456,1,1,2,69.77555982121352,40,61.332813136815446,45,57.0046492216286,42.9953507783714,Shopping Complex
Clayey,Commercial,18.65581137969653,0,1,17878.909973224017,950.7416804159141,661.2006220532901,0,2,2,40.56005959614167,30,68.90698103383912,45,47.17276611710936,52.82723388289064,Shopping Complex
Clayey,Residential,59.340767913598185,1,1,1485.4006213104788,1075.92445789816,3038.0676301661733,3,0,2,57.16480802160045,30,1.0987201440030248,10,27.28236284356091,72.71763715643908,Individual House
Red Soil,Industrial,26.416437881678043,0,1,8720.22198788778,28.54838038910762,3638.3659115391674,2,1,2,81.68298770623403,20,55.972603530536595,45,56.832196579816056,43.167803420183944,Factory
Sandy,Industrial,45.29369845822193,1,1,1596.5929664420814,157.6283927586643,2410.3841161793944,3,0,3,65.21887181992466,25,24.510502569630106,10,35.204230779381156,64.79576922061884,Factory
Loamy,Commercial,42.659884013455255,1,1,8047.545077072234,539.2251777408189,1229.1563414498553,2,1,3,35.91815582563329,15,28.90019331090791,10,24.546402866698628,75.45359713330137,Shopping Complex
Black Cotton,Industrial,16.664468061255775,0,1,4280.172174825532,232.2899962823726,3104.441345908738,0,0,3,89.8964832077437,40,72.22588656457371,45,66.77024076385372,33.22975923614628,Factory
Red Soil,Commercial,18.144872411635323,0,0,5792.149472099069,112.98006381683123,2695.7886168442474,1,2,3,78.68497806808129,20,69.75854598060779,85,69.2293788189804,30.770621181019607,Shopping Complex
Sandy,Residential,20.470650995416875,1,1,17674.36909006696,961.4465939959979,855.9286170185887,3,0,2,28.000909591517555,25,65.88224834097187,10,32.52088044227411,67.47911955772588,Apartment
Red Soil,Residential,27.61200030426586,0,0,9284.935191815928,1223.0047162366486,2028.4095025106512,3,2,2,53.09699992393354,20,53.97999949289024,85,56.32894984659929,43.67105015340071,Individual House
Rocky,Commercial,17.887878610778976,1,1,6202.161836636332,1128.9399861514237,2175.9854581759746,1,2,1,49.528030347305254,55,70.18686898203504,10,45.6315278670656,54.3684721329344,Shopping Complex
Sandy,Residential,6.0808315510766295,0,1,12197.429181060408,1225.5596679137689,4913.088768857165,0,1,3,54.47979211223084,25,89.86528074820562,45,56.5342474263322,43.4657525736678,Individual House
Sandy,Agricultural,53.36661812439575,1,1,3700.032236819065,998.7848160868158,4246.429160777609,1,1,2,42.65834546890106,25,11.055636459340406,10,23.94433002895047,76.05566997104953,Individual House
Loamy,Agricultural,58.10854072594862,1,1,5928.440540996262,1103.0179827213033,3671.853941367969,4,0,1,47.472864818512846,15,3.1524321234189756,10,22.15361071733424,77.84638928266577,Individual House
Sandy,Residential,23.786371286736237,1,1,11378.711384454882,407.66816131245196,4443.885127514737,4,2,1,55.593317499568826,25,60.356047855439606,10,40.79667308870899,59.20332691129101,Individual House
Red Soil,Commercial,23.61787836840101,1,0,5512.937795113307,1489.5120544262466,3677.422029143575,4,1,0,54.095530407899744,20,60.636869385998324,45,48.342652989264494,51.657347010735506,Shopping Complex
Sandy,Commercial,5.390049702590404,1,0,13903.427010616593,274.74848174083064,4517.009275628667,3,2,3,68.16757866990255,25,91.01658382901599,45,61.612798491719886,38.387201508280114,Shopping Complex
Loamy,Residential,42.41378785817057,1,0,10338.334742930929,321.74081158407375,272.7655743975399,3,2,2,27.547415828363732,15,29.3103535697157,45,30.46918393235623,69.53081606764377,Individual House
Loamy,Industrial,50.39919426617458,1,1,15667.792334839127,433.38274772377025,2280.331046334583,0,2,3,53.39723657003014,15,16.001342889709022,10,27.4393685219378,72.56063147806219,Factory
Rocky,Agricultural,13.063456519800173,1,1,19016.646178726904,1462.9986451598684,3734.491676209168,2,0,1,50.734135870049954,55,78.2275724669997,10,48.06384067126741,51.93615932873259,Individual House
Red Soil,Industrial,13.78164921519329,0,1,3200.292897600747,1482.432884030859,2916.4789830500677,1,2,3,56.55458769620168,20,77.03058464134452,45,53.30175185400672,46.69824814599328,Factory
Clayey,Commercial,48.45457874842908,0,0,7358.635189706352,1192.3406245597462,875.8308207539334,2,2,0,37.4029717279714,30,19.242368752618205,85,43.65163229294454,56.34836770705546,Shopping Complex
Clayey,Commercial,38.89599115947796,0,0,7071.432194689724,943.5863978394506,1702.4604326426713,3,0,0,56.32521086298394,30,35.173348067536736,85,54.25716081892856,45.74283918107144,Hospital/Clinic
Sandy,Industrial,7.4673306695244355,1,1,3872.475467407831,780.0938627769201,1588.8718751334563,1,0,2,45.91060483528802,25,87.55444888412595,10,44.2073239133823,55.7926760866177,Factory
Rocky,Residential,39.24008447542549,1,0,16395.759609335946,1455.9312685302687,1306.73456592168,3,1,2,30.324670199577227,55,34.59985920762418,45,38.763599371758076,61.236400628241924,Individual House
Black Cotton,Industrial,21.990474756407135,1,1,15437.69537673701,1043.4342042873714,1715.6777675698304,0,2,2,66.81593666229483,40,63.34920873932145,10,47.72288001663355,52.27711998336645,Factory
Sandy,Industrial,25.27988355089653,0,1,10204.083945853581,1417.0951924890453,2574.266442305605,1,2,2,49.68002911227587,25,57.866860748505786,45,46.854725376423,53.145274623577,Factory
Rocky,Agricultural,47.33522800632841,0,0,11217.644778097581,474.82619921643584,4274.34512391638,3,0,3,43.676621045431745,55,21.10795332278599,85,50.063805696597605,49.936194303402395,Individual House
Red Soil,Agricultural,49.60143559699358,0,0,2131.3386220474285,500.66218840434846,3710.1633119687817,4,0,3,47.599641100751604,20,17.330940671677368,85,45.242609553182405,54.757390446817595,Individual House
Red Soil,Industrial,27.019614476190686,0,0,11554.639694213867,1282.0868911776533,4176.248520081168,4,1,1,53.245096380952326,20,54.96730920634886,85,56.62761103492053,43.37238896507947,Factory
Red Soil,Industrial,57.09341148034951,0,0,16035.488956373092,224.78238087794156,4418.018722815432,3,0,1,62.23970427723613,20,4.844314199417482,85,47.24497504688701,52.75502495311299,Factory
Red Soil,Commercial,27.355449487363973,1,1,11902.723898093285,1418.8917919441137,2080.7522804880364,2,0,2,53.161137628159004,20,54.40758418772671,10,37.70829421678733,62.29170578321267,Shopping Complex
Red Soil,Agricultural,47.450981937656046,0,1,6040.8210322879595,761.2115319951113,1730.131420133736,0,0,3,42.739882918260705,20,20.915030103906602,45,34.4377165473679,65.5622834526321,Individual House
Rocky,Agricultural,31.613249551034247,1,0,13683.417174352408,1389.6208178755467,288.11690842080907,0,0,2,11.859025780657621,55,47.31125074827626,45,35.47847171029923,64.52152828970077,Individual House
Rocky,Commercial,54.364277958714624,1,0,7868.280169339706,505.18918308871963,4652.458109382172,3,1,1,40.40893051032134,55,9.39287006880896,45,35.99134319581471,64.00865680418529,Shopping Complex
Loamy,Residential,54.92686840075982,1,0,11352.592401428969,1073.9383562090954,329.1150896907197,0,2,3,14.85058469362444,15,8.45521933206696,45,20.811509475785293,79.1884905242147,School
Clayey,Agricultural,9.807924432909612,0,0,10263.741902299571,724.3126829590345,3705.677576852352,1,2,2,69.5480188917726,30,83.65345927848398,85,71.0051714317414,28.994828568258598,Individual House
Red Soil,Agricultural,56.507133222062414,0,1,8242.325018338423,940.2054453682096,1890.541522327936,0,2,0,43.684047141043116,20,5.8214446298959786,45,30.994777656839084,69.00522234316091,Individual House
Black Cotton,Residential,50.404416283622865,1,1,14658.681627488566,756.5587397087284,4743.903872495932,4,2,1,65.39889592909428,40,15.992639527295225,10,35.3877734570068,64.6122265429932,Individual House
Rocky,Agricultural,48.52208928719668,0,1,17793.646127731754,1450.6734260570422,2098.010104670645,3,2,0,41.86947767820083,55,19.12985118800553,45,38.93677998437167,61.06322001562833,Individual House
Black Cotton,Agricultural,16.050123682703735,0,1,1099.037851061574,1038.1580967208758,4083.041756773582,1,0,0,73.98746907932407,40,73.24979386216044,45,61.458062643303535,38.541937356696465,Individual House
Black Cotton,Residential,49.28155648150657,1,1,18738.713865376976,376.97845293947313,1413.274160818383,0,2,3,61.32638691962262,40,17.864072530822384,10,34.43025355457351,65.56974644542649,School
Black Cotton,Residential,51.75730040767702,1,1,10718.787585581274,1364.5153828576267,1495.4435862192333,4,0,0,54.969546622465415,40,13.737832653871635,10,31.173799481330803,68.8262005186692,Individual House
Loamy,Industrial,20.9032683949783,1,1,14313.905726902038,441.0446072326565,2977.597049392171,2,2,0,60.311506467296034,15,65.16121934170283,10,42.149332098979315,57.850667901020685,Factory
Rocky,Commercial,57.37430430992781,1,0,17256.866757341668,557.4076489512844,4989.913168537369,0,2,2,39.656423922518044,55,4.376159483453662,45,34.47378824374473,65.52621175625526,Shopping Complex
Black Cotton,Commercial,7.7423080519540335,1,1,9874.97015397113,153.18554703032007,2587.8620898959816,4,0,3,96.87329016519229,40,87.09615324674328,10,64.17968986950312,35.82031013049688,Shopping Complex
Red Soil,Residential,13.245008928592682,0,0,16864.507393932916,1349.9497796942862,4681.543181966453,4,2,2,56.68874776785183,20,77.92498511901219,85,63.57230799850119,36.42769200149881,Individual House
Sandy,Residential,34.56696259283329,1,0,4374.776569648842,429.1680348417945,3931.249141243639,4,0,2,51.608177261284,25,42.38839567861118,45,43.65996096110219,56.34003903889781,Individual House
Black Cotton,Agricultural,36.668585911727035,0,0,4024.183155116475,388.37642689707354,3979.3215708861744,4,1,2,75.53026790824381,40,38.88569014712161,85,63.40701630466573,36.59298369533427,Individual House
Loamy,Industrial,40.48325458154969,0,1,13491.956008266918,1380.3938969924309,2179.7999456438206,2,1,3,51.87918635461258,15,32.52790903075052,45,39.789692481802035,60.210307518197965,Factory
Rocky,Industrial,5.933302112350655,1,1,17532.717105483007,1208.29029360755,1932.7112508640032,3,1,1,51.1708994891924,55,90.11116314608225,10,51.1876056077379,48.8123943922621,Factory
Loamy,Residential,57.82017260421716,1,1,17956.097373184748,211.6183822790616,959.6090404540769,4,2,3,44.040034721283554,15,3.633045659638057,10,21.072273567358756,78.92772643264124,Apartment
Black Cotton,Agricultural,7.4523451003779195,0,1,13231.068709167685,1153.986755855521,4819.706334918268,3,2,2,76.13691372490553,40,87.57942483270347,45,65.7927760118928,34.2072239881072,Individual House
Rocky,Agricultural,12.86840739978713,1,0,10984.295373977033,1369.549647080686,4796.9680622191,2,2,1,50.782898150053214,55,78.55265433368811,45,56.91217793594065,43.08782206405935,Individual House
Sandy,Commercial,5.770798463933134,0,1,7296.468666233808,117.76682731611588,3735.338671550914,2,2,0,77.49129074504975,25,90.38200256011145,45,64.71745240079528,35.28254759920472,Shopping Complex
Black Cotton,Commercial,36.17721383117521,1,0,19620.007896387295,1237.8224923568596,1481.2622492633475,1,0,1,58.58094152747314,40,39.70464361470799,45,47.679490438292596,52.320509561707404,Hospital/Clinic
Loamy,Agricultural,56.27467861565347,1,1,7074.218046658759,821.130077809584,1225.897701711411,1,1,3,32.44928438031485,15,6.2088689739108816,10,17.65946677658792,82.34053322341208,Individual House
Clayey,Commercial,41.62709413442553,0,1,15139.53603740027,1003.796174068201,4943.051211934815,4,0,2,61.59322646639362,30,30.62150977595745,45,44.96300670722712,55.03699329277288,Hospital/Clinic
Red Soil,Residential,50.2461607664235,0,0,11107.654198195014,739.2815083574054,332.7140755408875,3,1,0,14.092741319211875,20,16.256398722627495,85,33.24655914238103,66.75344085761897,Individual House
Loamy,Agricultural,5.730466190221905,1,0,12561.734507981588,1046.704627357918,4217.821460706545,2,1,0,60.567383452444524,15,90.44922301629683,45,57.31088996242979,42.68911003757021,Individual House
Rocky,Commercial,34.81084141638493,1,0,8476.130461183897,51.14679250012982,1777.2900024123733,0,0,2,67.77428214414343,55,41.981930972691785,45,53.71648149362315,46.28351850637685,Hospital/Clinic
Black Cotton,Industrial,30.275963762803705,1,1,19331.63938397271,1144.0600848349256,2094.3485986361025,1,0,0,70.43100905929907,40,49.54006039532716,10,45.53586826958646,54.46413173041354,Factory
Red Soil,Agricultural,32.44323693214362,0,1,11861.96419588615,50.01554678843762,4159.888243744186,1,0,0,78.88825795965784,20,45.9279384464273,45,53.342874897487064,46.657125102512936,Individual House
Black Cotton,Agricultural,8.971725193435336,1,0,18817.96497871701,682.9497716210152,453.01508002679014,0,1,0,44.81737030217697,40,85.04712467760777,45,54.19786077516388,45.80213922483612,Individual House
Rocky,Industrial,42.64394485881191,1,1,1144.2369073043683,226.44748969544233,1770.8483926012857,3,0,3,55.169132255596196,55,28.926758568646818,10,37.29088593162037,62.70911406837963,Factory
Black Cotton,Residential,32.6771228172249,1,0,11880.741080631298,1235.3614160269608,4760.121385847865,3,2,1,69.83071929569377,40,45.53812863795851,45,53.07528391298244,46.92471608701756,Individual House
Clayey,Industrial,47.08318674236952,1,1,14626.550904780157,470.4913637635029,3495.329563856282,3,0,3,61.99972148859745,30,21.528022096050805,10,34.081908045021805,65.9180919549782,Factory
Red Soil,Agricultural,31.690984873394346,0,0,15156.523252082143,681.1403169064987,3774.695824029452,4,1,0,52.077253781651414,20,47.18169187767609,85,54.27246179299702,45.72753820700298,Individual House
Red Soil,Residential,13.215989992453764,0,0,18194.560753851947,643.1261119474674,3787.526504777382,4,1,3,56.69600250188656,20,77.97335001257706,85,63.58693837880456,36.41306162119544,Individual House
Rocky,Commercial,40.65413247428021,0,1,1083.6305710719394,1158.7529485270597,302.8504158197226,0,0,0,9.893475197824399,55,32.243112542866314,45,31.02349445495512,68.97650554504489,Hotel/Resort
Clayey,Commercial,14.481249915784142,1,0,1006.2730259300523,721.7165396939632,1016.0379663021557,2,0,3,48.70044684709708,30,75.8645834736931,45,51.76130226490726,48.23869773509274,Shopping Complex
Loamy,Commercial,52.98170098451482,1,1,9973.00575510909,1183.437502515519,2456.316280406059,0,1,1,48.754574753871296,15,11.69716502580863,10,24.73839242030711,75.26160757969289,Shopping Complex
Black Cotton,Agricultural,38.72139314880828,1,1,1556.5803951020425,110.26241520401287,1840.7511623768758,2,1,2,88.51893004809469,40,35.464344751986204,10,48.34771170482969,51.65228829517031,Individual House
Sandy,Industrial,13.646213595632483,0,0,19516.118519585118,287.39095185449264,2054.5614656642674,0,0,1,65.34498948982232,25,77.25631067394586,85,67.18482398992428,32.81517601007572,Factory
Black Cotton,Residential,57.928593161466374,0,0,5219.238316286447,827.301374469541,3907.236893128363,4,2,3,63.517851709633405,40,3.4523447308893793,85,50.344334281094035,49.655665718905965,Individual House
Black Cotton,Commercial,33.510100483442635,0,1,9980.62985793205,1420.6324871290426,73.39617533867637,3,2,3,31.09039838591287,40,44.14983252759561,45,39.169097566968404,60.830902433031596,Shopping Complex
Loamy,Residential,9.009414852941024,0,1,2161.6149702322487,112.13677008267048,3302.459631606194,1,2,1,83.01944008180452,15,84.98430857843162,45,63.802881173239484,36.197118826760516,Individual House
Black Cotton,Agricultural,39.475809742828694,1,0,10918.919907253912,64.62632423529647,0.5511590091122898,0,1,3,54.264491290357284,40,34.20698376195219,45,44.7943178921131,55.2056821078869,Individual House
Clayey,Commercial,18.92593988570456,0,0,8219.16637780076,234.82601239178354,315.2926278812185,0,2,2,49.48480684269122,30,68.45676685715907,85,60.183874109231695,39.816125890768305,Shopping Complex
Clayey,Agricultural,49.203139853251635,0,0,1848.5405486672514,961.7296932902348,2041.43059918812,1,2,2,59.69921503668709,30,17.994766911247268,85,51.1434169906523,48.8565830093477,Individual House
Red Soil,Industrial,49.98021404614048,1,1,7367.36106722827,598.4893750053708,4204.742599024107,0,0,1,47.50494648846488,20,16.699643256432523,10,26.30164208507084,73.69835791492916,Factory
Rocky,Agricultural,58.842104572006406,0,1,8437.284384234255,1238.3285691265294,724.9788278223024,3,0,0,13.789050413444446,55,1.929825713322657,45,24.80862407303622,75.19137592696379,Individual House
Sandy,Agricultural,32.602824206347705,1,1,19808.50833422386,107.89972722204871,2773.107045643058,1,2,2,71.37531031509016,25,45.661959656087156,10,42.646848524303344,57.353151475696656,Individual House
Black Cotton,Industrial,30.02262838502554,1,0,4949.831566468134,294.6211302220516,3392.526134133721,1,1,3,82.81707509042052,40,49.962286024957436,45,58.72654778788654,41.27345221211346,Factory
Black Cotton,Residential,46.441158299556434,1,0,11350.812692031894,450.0396081973435,1147.6644208608027,3,2,0,52.340622350486335,40,22.59806950073927,45,41.21873519785503,58.78126480214497,Individual House
Loamy,Industrial,12.28588609880596,1,1,19758.995434773944,940.095130033178,2561.651276347915,3,0,2,58.928528475298506,15,79.52352316865674,10,45.25586575851866,54.74413424148134,Factory
Rocky,Industrial,35.08035325862183,1,1,16048.364950862568,1027.7590354523209,4557.036415690962,1,0,0,45.22991168534455,55,41.53274456896362,10,36.96365523211149,63.03634476788851,Factory
Clayey,Agricultural,35.0436180071968,0,0,19873.98251675969,186.30494094566075,2561.1426268276637,3,0,3,82.06079904146115,30,41.59396998800534,85,64.86977216151274,35.13022783848726,Individual House
Sandy,Residential,9.921021754571296,0,1,19397.667978543217,1415.7070634876093,786.61530893824,3,2,1,29.252050740121973,25,83.46496374238117,45,46.104458694637984,53.895541305362016,Individual House
Red Soil,Commercial,27.989124702880247,1,0,10301.251299788932,511.56620278531375,3139.0714834377236,3,1,1,53.00271882427994,20,53.35145882853292,45,46.13881629563121,53.86118370436879,Shopping Complex
Clayey,Industrial,51.93066392119611,0,0,14231.14114754075,1069.7531445004247,2961.0009000425703,1,2,3,59.017334019700975,30,13.448893464673148,85,49.76829027306363,50.23170972693637,Factory
Rocky,Residential,52.08844920970631,1,0,3098.419411881871,786.3115784215482,134.7737989906561,0,0,1,3.6733636773865443,55,13.185917983822819,45,24.082156783040993,75.917843216959,Individual House
Red Soil,Industrial,10.458071570582455,0,1,9381.827675889235,334.13717032065995,452.97202873783306,2,0,3,36.39669246287145,20,82.56988071569592,45,47.63131254092899,52.36868745907101,Factory
Loamy,Industrial,9.989648551130697,0,1,16371.352303067251,1269.3424846731166,783.9067757050539,1,0,1,35.180723376318404,15,83.3505857481155,45,46.65089961874032,53.34910038125968,Factory
Loamy,Industrial,19.44825123510644,0,0,10601.371098565725,1227.357042287895,681.4453878093497,2,0,2,30.76684494741038,15,67.58624794148926,85,51.164957716965944,48.835042283034056,Factory
Black Cotton,Industrial,53.11213344046964,0,0,14351.281623527406,594.1077808750351,1297.3288528046655,3,2,1,50.6685436959759,40,11.479777599217272,85,47.853934693395885,52.146065306604115,Factory
Rocky,Agricultural,12.089642179042443,0,1,15169.275269701262,882.9113785407831,2270.52661617784,3,2,0,50.97758945523939,55,79.8505963682626,45,57.304805401399435,42.695194598600565,Individual House
Sandy,Residential,44.59982414450955,0,0,5815.913683614984,386.7385439039096,1858.5814894949222,0,1,1,48.817361119536486,25,25.666959759150757,85,48.50281633162545,51.49718366837455,School
Red Soil,Residential,10.564109078720676,0,1,17638.288085908745,1034.7774431194523,4453.249457022985,3,0,1,57.358972730319834,20,82.39315153546553,45,54.92392833947832,45.07607166052168,Individual House
Clayey,Residential,39.272581956130395,1,1,9736.6261872744,463.54021893064714,3060.5470470316855,2,2,1,64.36944137512857,30,34.54569673978267,10,38.16572866624067,61.83427133375933,Individual House
Rocky,Industrial,24.583701451552965,1,1,4993.516968809331,1266.1181015733523,4380.721749809216,1,2,1,47.85407463711176,55,59.027164247411726,10,42.25571718484205,57.74428281515795,Factory
Rocky,Agricultural,48.39026796312269,1,0,17442.90175398043,326.07765641591146,2635.1966245879944,1,0,2,52.33777362426464,55,19.34955339479552,45,42.6556091171915,57.3443908828085,Individual House
Loamy,Industrial,17.852974685394997,0,0,8938.55731601882,22.20513422769621,449.3523534466998,0,2,3,55.19149534392347,15,70.24504219100834,85,60.3782839181253,39.6217160818747,Factory
Black Cotton,Industrial,40.156100616447794,0,0,15255.936329214675,402.7620629518777,2316.437245332174,2,0,2,73.79525106877539,40,33.07316563925367,85,61.3466292838848,38.6533707161152,Factory
Black Cotton,Residential,17.962539401673673,1,0,11412.628372210265,286.57872968923004,4110.1627342118245,3,1,2,86.31464136822778,40,70.06243433054388,45,64.97573306151568,35.02426693848432,Individual House
Red Soil,Industrial,44.25131557116846,1,1,8255.563292455508,762.4296595873864,970.5188358355405,4,0,0,28.347547823918692,20,26.247807381385897,10,21.983593583718015,78.01640641628198,Factory
Loamy,Commercial,53.05229190084118,0,0,16387.65188573282,305.55493748486447,456.0713937632488,0,0,3,29.52505865096281,15,11.579513498598033,85,36.72864890248649,63.27135109751351,Hospital/Clinic
Rocky,Industrial,11.974098951971802,1,1,12104.928701247647,1144.7848060792421,1647.1736916913005,0,2,3,43.94994909583306,55,80.04316841338033,10,46.14327428688665,53.85672571311335,Factory
Sandy,Commercial,52.662762872752694,1,0,8420.679946113603,362.0559570060059,1944.489153200698,4,1,0,50.00073492546544,25,12.228728545412181,45,35.557439360265946,64.44256063973405,Shopping Complex
Loamy,Industrial,37.646638992786386,1,0,3082.3595363674135,1060.4522698689836,1531.288382029522,1,1,3,43.21410789239384,15,37.25560167868935,45,37.93883818201018,62.06116181798982,Factory
Red Soil,Agricultural,11.991076997686319,1,0,18013.46096156745,867.7063845205861,676.20392812278,1,2,1,30.52630931303402,20,80.01487167052281,45,44.93792617719261,55.06207382280739,Individual House
Red Soil,Agricultural,28.51480204478416,0,0,1673.9221214916645,1479.3747847078266,1254.1992986085727,1,1,3,37.955285460975404,20,52.47532992535973,85,50.65318239268132,49.34681760731868,Individual House
Loamy,Residential,13.847316141680384,1,0,17400.55961899307,1499.8514655138474,3411.4120230105514,4,1,0,58.538170964579905,15,76.92113976386602,45,53.21864477856947,46.78135522143053,Individual House
Red Soil,Industrial,43.519133887661326,1,1,7839.268972779954,1304.2891249759948,1929.6425814658196,3,0,0,47.71306815740106,20,27.46811018723112,10,29.06660140189815,70.93339859810185,Factory
Loamy,Commercial,46.73774739298723,1,0,13147.43650652671,1139.9750539481267,3162.7472230927788,3,2,0,50.315563151753196,15,22.103754345021287,45,36.636385689368936,63.363614310631064,Shopping Complex
Clayey,Commercial,10.818808615003942,1,0,18521.79475287802,579.6846210008606,2681.5188995936624,2,1,0,69.29529784624901,30,81.96865230832677,45,60.49551732326884,39.50448267673116,Shopping Complex
Loamy,Industrial,32.837691898205435,0,0,3882.42569457407,1129.9150906969553,2745.264699288345,2,1,2,53.79057702544864,15,45.27051350299094,85,53.644330334654754,46.355669665345246,Factory
Loamy,Commercial,49.80437808142545,1,0,11772.059037137393,1435.013305619236,1242.74778973898,1,1,3,34.403861274423235,15,16.992703197624266,45,29.7895272454542,70.2104727545458,Shopping Complex
Red Soil,Agricultural,56.48896728530481,1,0,15524.224385033649,35.066363093166245,2607.7151638409077,4,0,2,73.77377639308382,20,5.85172119115866,45,41.533752035369005,58.466247964630995,Individual House
Red Soil,Commercial,33.24348267079735,1,1,15394.09282166209,806.8720502966082,117.97356931600889,0,0,0,14.04860071862084,20,44.59419554867109,10,21.565559138685067,78.43444086131493,Hospital/Clinic
Black Cotton,Residential,57.265357298627386,1,0,10987.006377390575,326.99745658265186,2158.718711624631,3,2,0,74.06381328038404,40,4.557737835621026,45,44.311769107039666,55.688230892960334,Individual House
Black Cotton,Agricultural,34.462893375081634,1,1,12870.049738222704,836.8144738032756,2863.1141159495755,4,2,2,69.38427665622959,40,42.561844374863945,10,43.42495792339634,56.57504207660366,Individual House
Clayey,Agricultural,26.680477202994936,0,0,15393.012888524047,699.6706346383368,909.9781067705464,2,0,1,43.52944283466219,30,55.53253799500844,85,54.86843949088387,45.13156050911613,Individual House
Black Cotton,Agricultural,51.65117207040925,1,1,16979.525117390825,863.6528723284266,1282.792531244757,3,2,3,50.743057607292826,40,13.914713215984577,10,29.738748466548632,70.26125153345137,Individual House
Loamy,Industrial,32.1140490751949,1,0,15474.448840641411,826.4433321280862,1097.655099078097,3,2,2,35.92458971276322,15,46.47658487467516,45,37.69275261813592,62.30724738186408,Factory
Red Soil,Industrial,30.954638081048767,0,0,7726.09392044361,1440.160558752843,352.78977632712093,4,2,3,19.317136006280226,20,48.40893653158539,85,43.11323173509443,56.88676826490557,Factory
Black Cotton,Agricultural,31.967186917540555,1,1,19937.80162009693,828.2791634021041,1739.2866057004503,2,0,0,64.79393538462386,40,46.72135513743241,10,42.858216168976455,57.141783831023545,Individual House
Black Cotton,Industrial,51.573175102836,0,0,9255.551180666784,1269.348132187301,4894.828832259697,4,0,0,65.106706224291,40,14.044708161939994,85,53.54852421898685,46.45147578101315,Factory
Clayey,Commercial,50.756784792842865,1,1,1464.829352419735,479.73043020126977,1769.4020323180505,0,1,0,55.9150186360741,30,15.40535867859522,10,30.42159619227474,69.57840380772527,Shopping Complex
Rocky,Industrial,27.193599584211615,0,0,7889.722080123779,657.1510331865734,2302.683109184878,3,1,3,47.201600103947094,55,54.67733402631397,85,59.68989354295998,40.31010645704002,Factory
Clayey,Industrial,23.331492292878877,0,1,3427.8761369030217,705.6202140672148,3265.436254781876,4,1,3,66.16712692678028,30,61.114179511868535,45,54.18703930234023,45.81296069765977,Factory
Loamy,Agricultural,32.05604132215211,1,1,3307.409698839125,418.09206500306954,3242.4887558455357,4,1,2,58.9004657692778,15,46.57326446307981,10,37.00847913501718,62.99152086498282,Individual House
Red Soil,Residential,36.50248803554099,0,1,6349.1657620309925,569.6853922169329,4749.474900093121,0,2,0,50.874377991114756,20,39.162519940765016,45,41.84666228208142,58.15333771791858,School
Clayey,Residential,18.10854658453983,1,0,2014.134389367956,897.7696192001629,4287.820701995626,4,2,2,67.47286335386504,30,69.81908902576694,45,56.820274430294496,43.179725569705504,Individual House
Black Cotton,Residential,48.667529659357484,0,1,14081.7315797817,870.2816449567986,3969.7534355257612,3,0,1,65.83311758516064,40,18.88745056773753,45,45.013453796740606,54.986546203259394,Individual House
Red Soil,Commercial,31.75655211528326,0,0,2405.7887998361966,954.6530168602208,4758.136128891553,1,2,0,52.060861971179186,20,47.072413141194566,85,54.23940497521136,45.76059502478864,Shopping Complex
Red Soil,Industrial,23.372505163097777,1,1,4862.501553283168,527.7268731302116,1153.826927415858,1,2,0,37.23341225754272,20,61.04582472817037,10,33.793150472182546,66.20684952781745,Factory
Black Cotton,Residential,10.875154613019482,0,1,2765.094575388268,473.74724272958565,3085.2709731089626,2,2,1,76.85637678296999,40,81.8747423116342,45,64.61841745194805,35.38158254805195,Individual House
Clayey,Agricultural,18.13648382219838,1,1,2200.1868871575903,917.4268241312446,4435.983833610781,0,1,2,67.4658790444504,30,69.7725269630027,10,48.05618940630832,51.94381059369168,Individual House
Black Cotton,Residential,57.2104644465791,0,0,6087.281645251292,199.29262264128744,3120.6907913905093,2,0,3,81.73982652987797,40,4.64922592236816,85,57.02124576604933,42.97875423395067,Individual House
Rocky,Residential,21.780482775073963,0,0,11866.08038554703,379.54731529821,4887.102373034348,1,1,0,55.78204038833891,55,63.69919537487673,85,64.9485129796378,35.0514870203622,Individual House
Red Soil,Industrial,14.287260915186943,1,0,19329.025572489994,63.19160542949282,501.76356953189503,0,2,3,52.67195983607159,20,76.18789847468842,45,51.732160561297164,48.267839438702836,Factory
Sandy,Industrial,30.337003541024625,1,1,17635.57643264252,108.9162788941202,2196.6525139660016,4,2,0,71.88077238109663,25,49.43832743162563,10,43.76785219129023,56.23214780870977,Factory
Sandy,Industrial,21.88982588481368,0,0,17642.74458346117,365.0749188909133,4886.814539543181,4,0,0,58.62304839534178,25,63.516956858643866,85,61.397306153030584,38.602693846969416,Factory
Loamy,Commercial,6.933758764915678,1,0,4345.273684715495,29.29392044537854,1897.8401428496288,3,1,3,86.46572793904095,15,88.44373539180721,45,65.87393862661614,34.12606137338386,Shopping Complex
Black Cotton,Commercial,22.772986950367947,1,1,6033.236676458582,368.11588813119226,3697.781875496522,1,2,0,80.21979997453647,40,62.045021749386756,10,52.08818542843445,47.91181457156555,Shopping Complex
Black Cotton,Residential,34.925974316670775,0,1,2451.4730191108083,982.4644845930391,152.0145053932459,4,0,1,32.30879652869723,40,41.79004280554871,45,39.005589486431205,60.994410513568795,Individual House
Loamy,Industrial,35.344180461098176,0,0,15790.898458388516,91.66061770339957,3474.185573151565,0,2,2,77.66431782252148,15,41.09303256483637,85,60.95576937909161,39.04423062090839,Factory
Loamy,Residential,24.61074066472888,1,0,2326.509728225677,655.1050166919615,4673.1336626378925,4,2,1,55.84731483381778,15,58.982098892118536,45,47.79208491486585,52.20791508513415,Individual House
Loamy,Agricultural,29.601651593893035,0,0,11577.217745596212,1369.663180379324,1913.5314259500135,2,0,2,52.87021562052701,15,50.663914010178274,85,54.67055396972902,45.32944603027098,Individual House
Red Soil,Agricultural,58.10348550291215,1,1,5709.635874155064,1186.9272433881015,106.49918963464732,2,0,1,7.6041124169649095,20,3.1608574951464163,10,8.951653719724323,91.04834628027568,Individual House
Rocky,Industrial,25.75416624766714,1,1,5625.46704654615,458.15625344228584,139.54902197741924,2,2,1,12.863063671094448,55,57.076389587221435,10,29.521169681688416,70.47883031831158,Factory
Black Cotton,Industrial,19.202474729299063,1,1,19823.7760497045,1387.2082187874705,4460.116528555445,2,0,2,73.19938131767523,40,67.99587545116823,10,51.118752323978384,48.881247676021616,Factory
Red Soil,Agricultural,18.390687423671807,1,1,15378.81633259221,494.46974512158727,3612.580535481309,2,2,0,55.73414343678681,20,69.34885429388032,10,42.34416377634546,57.65583622365454,Individual House
Loamy,Industrial,30.177053698727377,1,1,16901.847807529954,108.77324450634373,533.4319211328992,3,1,3,48.597980327595515,15,49.70491050212104,10,34.18552074018869,65.8144792598113,Factory
Black Cotton,Commercial,46.773608179431925,1,0,11867.67102153624,1491.0839351521704,272.9513852559828,2,2,3,31.765625660261676,40,22.043986367613456,45,33.87896557299495,66.12103442700504,Shopping Complex
Red Soil,Commercial,16.329350130366024,0,0,17549.271460481235,1305.0337907837577,4024.126818077397,3,0,3,55.91766246740849,20,72.78441644938997,85,62.01728597594046,37.98271402405954,Shopping Complex
Rocky,Industrial,44.01128699274224,1,0,13264.320244160705,698.8991749516385,4049.303164026795,3,1,0,42.99717825181444,55,26.647855012096272,45,41.21097614115912,58.78902385884088,Factory
Red Soil,Agricultural,6.1632402842178955,0,1,18977.30039113056,999.5647862886059,602.609198960245,4,0,1,30.511373908150425,20,89.72793285963684,45,47.36096408276185,52.63903591723815,Individual House
Rocky,Residential,28.04131378911703,1,1,6345.4331348670985,1006.8421167850053,1507.6020194431837,0,2,1,37.14171194158442,55,53.26447701813829,10,37.06571843408912,62.93428156591088,School
Loamy,Industrial,47.67257858615328,0,0,12311.071369875006,291.7233460956905,3900.130322869448,2,0,1,62.578454587720245,15,20.545702356411198,85,50.538884694804885,49.461115305195115,Factory
Rocky,Industrial,23.630312567593727,0,0,14112.49561080095,300.07294973044844,2627.0603547700316,0,2,0,60.088044874274665,55,60.616145720677125,85,65.68485213616542,34.31514786383458,Factory
Black Cotton,Residential,36.005540579496966,0,0,8465.808795528326,704.3710550277386,4782.924303626497,1,0,2,68.99861485512577,40,39.990765700838395,85,61.39720662450361,38.60279337549639,Individual House
Loamy,Industrial,16.273857805425095,1,1,17714.45166567701,1367.3597102065469,2405.313226730025,3,0,0,57.93153554864372,15,72.87690365762484,10,43.24526335643151,56.75473664356849,Factory
Black Cotton,Residential,45.80974651193948,0,1,19616.26009897893,14.990662287856171,3384.789687827563,1,2,3,95.64812363474377,40,23.650422480100858,45,56.63944889218553,43.36055110781447,Individual House
Sandy,Agricultural,7.8753506797817785,0,1,10381.62033608057,1173.758453924039,2548.916828707921,3,1,1,54.031162330054556,25,86.87441553369703,45,55.62951069894335,44.37048930105665,Individual House
Clayey,Commercial,51.88984546815252,1,1,8422.172441282442,86.29017557198121,4714.827478425229,2,2,0,83.85012809864298,30,13.516924219745789,10,39.72677588946149,60.27322411053851,Shopping Complex
Rocky,Agricultural,15.900801253191748,0,1,9966.820642572715,717.3331723246768,1993.2954603380442,1,1,0,49.89070889346294,55,73.49866457801376,45,55.336414257215466,44.663585742784534,Individual House
Clayey,Commercial,53.09189174395819,0,0,17201.9981689067,956.8092496102146,1148.9822758930002,4,1,0,41.70667258187046,30,11.513513760069685,85,43.22571384367208,56.77428615632792,Shopping Complex
Clayey,Residential,24.389108271528453,1,0,13263.900084845185,1030.1389006236973,1633.1693014049658,1,1,2,58.56610896021721,30,59.35148621411924,45,51.08600968960583,48.91399031039417,Individual House
Rocky,Commercial,44.74759659609676,0,1,1850.6750778438063,87.71889542386707,4263.8760208261465,3,1,1,67.54996712554379,55,25.420672339838717,45,49.497656578900006,50.502343421099994,Shopping Complex
Loamy,Agricultural,22.557391378240364,0,1,11301.228298468583,627.9054260759524,2489.6928175606668,3,2,0,56.36065215543991,15,62.404347702932725,45,48.82731518013715,51.17268481986285,Individual House
Sandy,Commercial,54.82514191790562,1,0,1328.7023320784265,875.7558907534869,1771.261517511195,0,2,0,37.71894487074749,25,8.624763470157305,45,30.35782157230095,69.64217842769905,Shopping Complex
Black Cotton,Residential,11.96504190351059,0,1,15792.172049064702,99.06830595901039,2721.3001090474145,1,1,3,99.06464116658172,40,80.05826349414902,45,71.93719028184086,28.062809718159144,Individual House
Red Soil,Commercial,14.818588409992929,0,1,7237.933197306811,202.64183489296468,666.1485363842118,4,1,1,47.45981353160812,20,75.30235265001178,45,49.686522898565784,50.313477101434216,Shopping Complex
Black Cotton,Industrial,32.11665688373412,0,0,9968.142160229258,995.4734842560578,26.79652312798042,2,1,0,30.506766241626078,40,46.4722385271098,85,49.545427816346574,50.454572183653426,Factory
Red Soil,Agricultural,9.506614147098038,0,1,16174.884012245007,782.4572948859775,1402.9234184674538,0,1,0,45.68181483257456,20,84.15564308816994,45,51.27754596344358,48.72245403655642,Individual House
Black Cotton,Industrial,15.778910158596906,1,1,1882.5275284294696,242.74299190243582,3025.028598917712,1,1,0,89.49069294620463,40,73.7018164023385,10,58.24719663175624,41.75280336824376,Factory
Rocky,Residential,56.90715102166079,1,0,4012.2891762405984,802.8590053721002,3558.403848306936,0,1,0,39.773212244584805,55,5.154748297232032,45,34.70931135991269,65.29068864008731,Individual House
Sandy,Commercial,58.70693136313379,1,1,8561.247152457181,1369.0385601666237,4133.054831759833,1,0,1,41.323267159216556,25,2.1551143947770157,10,21.251922104420046,78.74807789557995,Hospital/Clinic
Red Soil,Industrial,25.694263113173207,1,1,5368.578107365651,23.38137716304589,4633.317796972348,2,1,0,82.17355159192394,20,57.176228144711324,10,48.554800093351204,51.445199906648796,Factory
Loamy,Industrial,55.78073115576646,0,0,7420.127089726199,963.9506602287819,2060.56173482384,2,0,2,48.054817211058385,15,7.032114740389233,85,42.077214708967745,57.922785291032255,Factory
Black Cotton,Commercial,34.96535716203874,1,0,19965.320019956835,110.47565190801289,3702.5839977872733,4,2,0,92.63012159500954,40,41.72440472993543,45,60.101643740737195,39.898356259262805,Shopping Complex
Black Cotton,Commercial,19.835835623057186,1,1,16682.874313902405,9.67416444705127,373.36465099031267,0,2,2,69.92788424721888,40,66.94027396157136,10,49.70982797691945,50.29017202308055,Shopping Complex
Red Soil,Agricultural,43.63192965943293,0,0,17794.134484242062,225.9817329909507,287.64999386040046,4,1,1,31.286113482892738,20,27.28011723427845,85,42.02016902758207,57.97983097241793,Individual House
Loamy,Industrial,41.239599361617145,0,0,18804.03803774973,634.359947780879,623.989959930783,1,2,0,24.169899358211374,15,31.26733439730475,85,39.77629837470017,60.22370162529983,Factory
Loamy,Industrial,59.401892550980335,0,1,7477.781725969717,1203.5159984729294,2242.8454891538117,2,2,3,47.149526862254916,15,0.9968457483660984,45,30.251545838880745,69.74845416111926,Factory
Rocky,Residential,19.57760080751058,1,0,6644.462198132981,422.67824490683796,1056.4071924937496,2,1,2,34.873048953587066,55,67.3706653208157,45,48.5482334639594,51.4517665360406,Individual House
Rocky,Agricultural,41.963272646395446,0,1,5447.187358869423,938.5098185831379,1434.624709689079,3,2,2,32.20167603218272,55,30.06121225600758,45,38.28588967526585,61.71411032473415,Individual House
Rocky,Residential,7.861306526619579,0,0,16772.22131485433,616.73495693296,3239.400867561513,3,2,0,52.0346733683451,55,86.89782245563404,85,69.43659129282929,30.56340870717071,Individual House
Rocky,Industrial,11.250532128319566,0,0,13911.485383418514,351.49768794901195,1792.6108940142299,4,1,3,55.94972357126399,55,81.24911311946738,85,69.39468152980925,30.605318470190753,Factory
Rocky,Residential,5.21551062231013,1,1,5487.2676671746685,771.3706714242879,2786.857788590111,0,1,3,52.69612234442247,55,91.30748229614979,10,52.02051339458531,47.97948660541469,Individual House
Rocky,Industrial,59.970337458282025,1,1,8162.882754998643,1196.196735558935,2062.0187836829614,1,1,0,39.007415635429496,55,0.049437569529970915,10,24.414954864782814,75.58504513521719,Factory
Sandy,Industrial,49.125053343111276,1,1,10627.523514723167,1248.7385550842164,844.8462775990978,4,0,1,20.615662216204136,25,18.12491109481455,10,17.996709549375083,82.00329045062492,Factory
Loamy,Residential,48.269765810344744,1,0,11034.66108820132,1269.779297815855,370.0999512794706,2,1,1,17.334557573003224,15,19.55039031609209,45,24.454692729574152,75.54530727042585,Individual House
Rocky,Residential,33.034934140849884,1,1,17885.82684248258,507.8367188324691,1181.1574765494393,2,2,0,29.364415995776312,55,44.94177643191686,10,32.262989706500925,67.73701029349908,Apartment
Loamy,Commercial,21.503689559799195,1,1,8230.756525997109,1190.1840970736296,288.50234745522175,2,1,1,22.394124559154633,15,64.16051740033467,10,28.62807294578779,71.37192705421221,Shopping Complex
Loamy,Commercial,13.319535645447175,1,0,18261.956579509733,318.2676826633618,3093.0597994490345,1,0,3,69.57405512883649,15,77.80077392425471,45,57.301112776156444,42.698887223843556,Shopping Complex
Clayey,Commercial,20.6571106365555,0,0,9385.983646076003,1107.6376518643249,3978.588007330502,4,2,1,66.83572234086112,30,65.57148227240751,85,65.53537338740327,34.46462661259673,Shopping Complex
Sandy,Industrial,25.67841720610265,0,0,15181.080821054722,1422.576639408925,1698.7038411870042,1,0,1,43.554472522214425,25,57.202637989828915,85,54.54472488023228,45.45527511976772,Factory
Rocky,Residential,46.597055333916174,0,1,18674.832079716063,20.615752036435786,1935.5552767617912,2,2,1,69.82489657957063,55,22.338241110139705,45,49.523274080384645,50.476725919615355,Individual House
Black Cotton,Agricultural,34.68139838967338,1,0,18243.93837530206,660.545896768197,4080.955313796533,3,1,0,69.32965040258165,40,42.197669350544366,45,52.064794978539666,47.935205021460334,Individual House
Red Soil,Industrial,9.261599460551547,1,0,2082.104478617942,971.656482621007,1113.0645618678016,4,0,0,39.94589137221815,20,84.56400089908075,45,49.37206220504654,50.62793779495346,Factory
Black Cotton,Agricultural,5.991595492740173,0,1,4908.3816045548265,1052.6636557313295,595.801325974371,3,1,2,48.41812764630237,40,90.01400751209971,45,56.69984655423076,43.30015344576924,Individual House
Sandy,Residential,10.628269874373473,0,0,10061.203085113228,264.1316374038033,2505.590586655432,4,2,1,67.49503428717844,25,82.28621687604422,85,69.19481621952352,30.805183780476483,Individual House
Red Soil,Industrial,27.577429253355863,1,0,9199.531509109038,1458.2749128578891,3230.950847666186,2,1,0,53.105642686661035,20,54.03761791107356,45,46.34637941809975,53.65362058190025,Factory
Sandy,Agricultural,56.32561043769601,1,1,13176.941631906933,922.8980519564594,2998.2721252323963,3,1,3,41.918597390576,25,6.123982603839977,10,22.45250473766159,77.5474952623384,Individual House
Loamy,Agricultural,40.05713646650719,1,0,18949.47196568283,246.51090184240167,3569.365226370904,3,2,2,67.1950617728291,15,33.238105889154696,45,45.32779809277886,54.67220190722114,Individual House
Red Soil,Commercial,49.100424493153334,1,1,3135.6895142810276,30.783767568772934,283.7559108651194,4,0,3,41.552986039887685,20,18.16595917807777,10,24.585034908480132,75.41496509151986,Shopping Complex
Loamy,Commercial,30.65060269775017,1,1,9585.314637550568,1174.896298184664,2141.0080637918645,3,2,1,54.33734932556246,15,48.91566217041638,10,35.996987806550955,64.00301219344905,Shopping Complex
Black Cotton,Commercial,24.891634575727352,1,1,4655.809719855647,119.55710916818862,1192.8526197284655,3,2,3,78.46071720054616,40,58.51394237378775,10,50.58973661363809,49.41026338636191,Shopping Complex
Black Cotton,Industrial,10.962020499414251,1,1,17988.044369561,211.5763816053548,3795.606297730121,2,1,2,92.56491197882514,40,81.72996583430958,10,61.33021065116619,38.66978934883381,Factory
Red Soil,Residential,53.17631622024127,1,1,19327.023530231403,862.2450402835359,4363.652420301748,4,2,1,46.705920944939685,20,11.372806299597883,10,24.69027390562836,75.30972609437164,Apartment
Red Soil,Residential,48.07380159653466,0,0,10095.331955916652,905.2582551744296,1406.6787040320744,4,0,0,36.115123681507825,20,19.876997339108897,85,41.85954262330496,58.14045737669504,Individual House
Rocky,Commercial,14.246495367874882,1,1,2976.195656834674,1030.3306778885976,476.09039534704135,0,2,3,19.960184064972108,55,76.25584105354187,10,36.80002468612571,63.19997531387429,Shopping Complex
Sandy,Commercial,33.17433101319433,1,1,15920.598667730792,590.2710189954311,1267.1398099569842,4,2,3,33.049213445841104,25,44.70944831134278,10,28.99458678388008,71.00541321611992,Shopping Complex
Rocky,Commercial,31.805614435668467,1,1,14245.68565935558,1160.8480034502343,520.0424452945985,2,1,2,16.44944529697485,55,46.99064260721922,10,28.254966505746005,71.74503349425399,Shopping Complex
Sandy,Agricultural,39.38003539775907,0,1,7738.7457055958985,1461.537899423833,1612.1108305672687,3,0,0,38.397207761905605,25,34.36660767040155,45,37.03067463426735,62.96932536573265,Individual House
Rocky,Commercial,57.040279169519366,0,0,17860.742005410306,406.64241461982454,2690.9928916091285,0,1,1,45.34138533043068,55,4.932868050801048,85,46.602701878351,53.397298121649,Shopping Complex
Loamy,Agricultural,36.887429296936375,1,0,19540.805905871435,1054.5429248069188,4868.404771991032,3,1,1,52.778142675765906,15,38.52095117177271,45,41.60258772946124,58.39741227053876,Individual House
Red Soil,Residential,34.71194967282402,0,0,11599.223133473713,1392.7029785927352,1996.8512717567926,4,0,1,51.25903801692985,20,42.1467505452933,85,52.727350942248776,47.272649057751224,Individual House
Black Cotton,Industrial,7.767761311406517,0,1,11748.830315541554,1029.430143925564,1100.1996192731056,1,0,2,58.06205205761049,40,87.05373114765581,45,59.33515100707762,40.66484899292238,Factory
Sandy,Industrial,8.459911180991316,0,0,6652.756597161779,1021.6642479663893,834.0087018541753,3,2,3,30.56519624183568,25,85.90014803168114,85,57.17285569256277,42.82714430743723,Factory
Sandy,Industrial,15.304073522973388,1,0,12105.61468368297,335.6588536278099,865.19883069338,4,0,3,39.33842701545566,25,74.49321079504435,45,47.39175215417057,52.60824784582943,Factory
Black Cotton,Industrial,6.785892443046155,1,1,9353.204089972083,802.6953004795394,962.988416307296,2,1,3,55.56329521538438,40,88.69017926158975,10,50.11969814078196,49.88030185921804,Factory
Rocky,Agricultural,45.88440925635068,1,1,6741.629511632986,843.7842654068702,3811.3351126872353,4,0,3,42.52889768591233,55,23.525984572748868,10,31.51661033325653,68.48338966674348,Individual House
Sandy,Agricultural,44.783166719667975,1,0,2276.518733954125,1050.1943436839292,305.1385571620996,0,0,2,10.906979463324998,25,25.36138880055337,45,25.157790012302094,74.84220998769791,Individual House
Loamy,Commercial,12.483092893740363,1,0,5801.449334473373,1495.232174844274,4987.013534715171,1,0,2,58.879226776564906,15,79.1948451770994,45,53.90644066607257,46.09355933392743,Shopping Complex
Red Soil,Agricultural,50.98433954374045,1,0,4759.238343875624,50.46573381564312,2613.431955831306,1,1,0,74.2259710851263,20,15.026100760432598,45,43.98561506990235,56.01438493009765,Individual House
Black Cotton,Commercial,13.513231916536158,1,0,11298.797706525029,97.84899190123025,2721.3594715041286,1,2,2,98.75075250679215,40,77.47794680577307,45,71.18225007882052,28.817749921179484,Shopping Complex
Red Soil,Commercial,21.564657284854736,0,1,12431.730413508283,116.92510414637813,1787.819393498024,2,2,3,73.34971729996411,20,64.0589045252421,45,55.937127186297964,44.062872813702036,Shopping Complex
Sandy,Industrial,18.693729453875076,1,1,12562.862761814313,1114.4687017334352,3451.2767970606023,1,1,1,51.32656763653123,25,68.84378424354153,10,41.42524473367131,58.57475526632869,Factory
Sandy,Agricultural,25.476890421517627,1,1,8375.439019867903,204.53069266613628,2357.2817044039884,3,2,0,67.35893583465241,25,57.53851596413729,10,44.210256533162664,55.789743466837336,Individual House
Black Cotton,Agricultural,19.006507123947905,1,1,9003.364940024425,933.6778117355178,1645.306424822749,2,2,1,66.154501715468,40,68.32248812675348,10,48.73469763210217,51.26530236789783,Individual House
Loamy,Commercial,31.892300954114862,1,1,16850.53016317216,487.00331684018767,1325.6920185402143,4,1,1,41.32056612186431,15,46.84616507647523,10,30.923739411771315,69.07626058822868,Shopping Complex
Clayey,Commercial,27.407433474507698,1,0,10048.423456826085,685.9799343160664,4628.256034666298,0,1,3,65.14814163137308,30,54.320944209153836,45,52.132085623269035,47.867914376730965,Shopping Complex
Black Cotton,Residential,59.26132199286296,1,1,19767.693310605326,323.4947397261209,1454.947575262101,2,2,2,62.87393662345902,40,1.2311300118950612,10,30.813660321184418,69.18633967881559,Individual House
Clayey,Residential,8.075949257052411,1,1,9352.727370168433,1299.1598419568131,2181.96629714921,0,0,2,69.9810126857369,30,86.54008457157931,10,53.12837558290274,46.87162441709726,Individual House
Rocky,Commercial,12.81997570130434,1,0,13342.037947738942,879.2254862445395,1751.7070105823411,2,2,2,45.829146286320736,55,78.63337383115943,45,55.19854465800211,44.80145534199789,Shopping Complex
Clayey,Residential,7.9054241649731365,0,1,1956.8969808745203,1416.844895373379,430.8941371401798,4,0,3,38.64152670156031,30,86.8242930583781,45,50.98060761014064,49.01939238985936,Individual House
Loamy,Residential,39.42126572403067,0,0,13413.458563957405,861.8943745564943,929.6719724113356,0,1,3,30.738123017219046,15,34.29789045994889,85,42.83281567101389,57.16718432898611,School
Rocky,Commercial,7.9980102577545775,1,1,17177.101493885115,185.86204589541998,947.5098766319101,2,0,1,49.79897221447436,55,86.66998290374237,10,49.847136001001616,50.152863998998384,Shopping Complex
Clayey,Commercial,51.00418555568678,1,1,18906.69893213263,256.3056507577132,3468.247571948274,0,0,0,73.87061456561551,30,14.993024073855366,10,36.60297111642927,63.39702888357073,Hospital/Clinic
Rocky,Agricultural,33.156624687506024,0,1,19949.09162115564,1483.6109645517708,2032.927049829046,1,0,2,45.710843828123494,55,44.73895885415663,45,46.68353505338238,53.31646494661762,Individual House
Clayey,Commercial,33.985419351984355,1,0,6361.3942673354295,1088.3477959963016,3909.837815353293,1,1,2,63.50364516200391,30,43.35763441335941,45,48.81568441004122,51.18431558995878,Shopping Complex
Loamy,Commercial,35.88769792417068,1,1,11932.03123168862,73.91812504363449,3544.7546216707847,1,2,0,78.59298801633926,15,40.1871701263822,10,42.30433833731429,57.69566166268571,Shopping Complex
Clayey,Industrial,14.39475384684159,0,0,9563.6417251108,1055.6715075519971,960.2488319801882,3,2,1,47.60628817789337,30,76.00874358859735,85,61.41438675941202,38.58561324058798,Factory
Clayey,Agricultural,15.872966671296815,1,1,11712.53213092825,618.2595702144174,2814.584600600503,1,0,1,68.0317583321758,30,73.54505554783864,10,49.19737930322119,50.80262069677881,Individual House
Clayey,Agricultural,22.534952758015258,1,1,3991.6061866070863,460.8125802347858,3714.544230244014,1,2,0,68.71750699640904,30,62.441745403307905,10,46.66156379957014,53.33843620042986,Individual House
Black Cotton,Agricultural,37.64230287020183,1,0,17266.84187932289,231.0911905958014,3165.214617378615,4,1,2,84.72395284670147,40,37.26282854966362,45,56.21909063376142,43.78090936623858,Individual House
Black Cotton,Industrial,16.5564776767118,0,0,18281.809923547164,1259.8559318348484,3000.0825404399047,0,1,3,73.86088058082206,40,72.40587053881367,85,71.20277583799114,28.79722416200886,Factory
Black Cotton,Commercial,11.398244992329367,0,1,9543.571599145529,95.76206848365103,3698.0544370038397,0,1,3,99.4047146428986,40,81.00292501278439,45,72.2923813782106,27.707618621789393,Shopping Complex
Loamy,Agricultural,58.35642875301377,1,0,6328.16736989796,434.75319356946045,283.90369628153445,1,1,0,17.003775123209618,15,2.7392854116437064,45,20.136142646034294,79.8638573539657,Individual House
Rocky,Agricultural,6.20899981452926,0,1,3675.835125407234,459.5743407385566,3657.109736807164,0,2,2,54.873289602054285,55,89.65166697578456,45,61.118568104665144,38.881431895334856,Individual House
Sandy,Residential,49.14835729348119,0,1,13991.531670778284,241.3579259452505,1363.2763157671418,2,0,0,46.49696143525751,25,18.086071177531352,45,35.795454296722966,64.20454570327703,Individual House
Clayey,Agricultural,48.34193322662622,0,0,6932.404952793969,762.2773249303054,2859.3612725467706,1,0,1,59.914516693343444,30,19.43011128895631,85,51.57760866490928,48.42239133509072,Individual House
Clayey,Commercial,21.34677626148028,1,0,18281.232828354383,17.553940216338937,1211.5249734825372,1,0,1,79.84056899130033,30,64.42203956419954,45,59.799709038005,40.200290961995,Shopping Complex
Loamy,Commercial,12.459463880402238,0,0,13749.23702205253,451.4632731156137,4194.087861034188,3,1,3,61.79733764296262,15,79.23422686599628,85,64.93762489153599,35.06237510846401,Shopping Complex
Clayey,Residential,13.009575568798288,0,1,13268.021178310573,1400.444166049596,2402.7967715037803,2,2,1,68.74760610780042,30,78.31737405200286,45,59.39100565073086,40.60899434926914,Individual House
Black Cotton,Agricultural,43.358738948045584,0,0,11628.640202066576,465.79435401300856,3214.7060601249177,1,2,1,69.21265402220808,40,27.735435086590698,85,58.4082876794205,41.5917123205795,Individual House
Sandy,Agricultural,40.35436250973955,1,1,1869.7504491457867,540.6890806601274,3970.4102173836404,1,2,0,45.91140937256511,25,32.74272915043409,10,30.50467556800631,69.4953244319937,Individual House
Red Soil,Agricultural,48.05101208382627,0,0,18706.52627802615,709.7475723511074,4476.5762753568215,0,2,0,47.987246979043434,20,19.91497986028955,85,46.02428140773759,53.97571859226241,Individual House
Clayey,Industrial,56.56146448195076,0,0,12930.812372689741,842.5400622772121,3660.310485346705,1,2,2,57.85963387951231,30,5.730892530082059,85,47.43359499034982,52.56640500965018,Factory
Black Cotton,Agricultural,43.05600497966256,1,0,19887.177684279097,1213.062967231116,743.8428809520286,1,2,0,42.11285637412493,40,28.2399917005624,45,39.04949765608433,60.95050234391567,Individual House
Red Soil,Commercial,13.57183451032939,0,0,11209.771690684855,285.48183473402645,4272.661847928933,1,0,2,69.47813128837606,20,77.38027581611769,85,67.91241490496104,32.08758509503896,Shopping Complex
Sandy,Commercial,18.389343922097588,0,0,14492.10694621805,1307.6195657888359,3092.8895793275306,1,1,3,51.4026640194756,25,69.35109346317068,85,60.328705772609126,39.671294227390874,Shopping Complex
Red Soil,Industrial,51.3206551980213,0,1,2067.9815994582214,1136.324035715834,3047.248791901368,3,0,0,47.16983620049467,20,14.465574669964496,45,34.37583633766425,65.62416366233575,Factory
Black Cotton,Industrial,16.51183417088147,1,0,13002.987359644807,1083.975501992333,4606.702799024608,2,2,0,73.87204145727964,40,72.48027638186421,45,61.22528360551392,38.77471639448608,Factory
Rocky,Agricultural,8.988727432496479,1,0,15528.342620216788,130.20686057195286,1244.1577783294156,3,1,0,58.82356207414702,55,85.01878761250588,45,61.34294362907792,38.65705637092208,Individual House
Rocky,Residential,43.680402972323776,0,1,15791.771602198589,32.46103496187702,1197.9380924701666,0,1,3,55.090999008609764,55,27.19932837946037,45,45.581681747878505,54.418318252121495,School
Red Soil,Industrial,27.13894955195781,0,1,15632.121392375424,891.019051362126,2565.9677734748093,4,1,0,53.21526261201055,20,54.76841741340365,45,46.5674462675546,53.4325537324454,Factory
Loamy,Industrial,55.6022028900247,0,1,5299.369918579686,1294.7009437847419,3754.3153326743254,1,1,1,48.099449277493825,15,7.329661849958839,45,32.167222709612545,67.83277729038745,Factory
Red Soil,Agricultural,40.76402891015138,0,1,19532.571074499294,876.6621962109539,2236.203541142546,0,2,0,49.808992772462155,20,32.05995181641437,45,39.69813542446535,60.30186457553465,Individual House
Clayey,Agricultural,9.973043778541342,0,0,19908.460291873835,319.8522981682963,3169.4569494620114,4,2,2,80.31560116526688,30,83.37826036909776,85,74.70502550011784,25.29497449988216,Individual House
Clayey,Industrial,57.13211119895134,0,0,2436.321628070424,135.77984692381983,2262.6236211135943,1,1,1,79.57018138483296,30,4.779814668414431,85,54.79451715179515,45.20548284820485,Factory
Rocky,Residential,19.220649500213526,1,1,18792.48203342339,1049.3946792266024,3051.9359024348437,1,2,0,49.194837624946615,55,67.96558416631079,10,44.95958921030901,55.04041078969099,Apartment
Loamy,Industrial,23.546686972345718,0,0,6499.5346917830175,1082.6554159767143,4111.3115130685555,4,1,0,56.11332825691357,15,60.75552171275714,85,58.32854531810903,41.67145468189097,Factory
Black Cotton,Agricultural,27.12432275259481,0,1,14096.39755326833,258.797551030663,902.3834804546166,3,2,3,63.73873585910385,40,54.79279541234198,45,53.25675640377184,46.74324359622816,Individual House
Clayey,Agricultural,7.817336302237229,0,1,7424.10749398651,42.285473244804415,3476.8926700299203,4,1,2,97.50853752975243,30,86.97110616293796,45,71.62076467614784,28.379235323852157,Individual House
Rocky,Industrial,32.308348222683264,1,0,19387.33214408931,612.4252698347955,3937.1286966909165,4,2,1,45.922912944329184,55,46.152752962194555,45,47.11120777106385,52.88879222893615,Factory
Sandy,Residential,11.782517009141074,0,0,2928.573307767174,874.0780531995332,2235.5570374089125,2,0,1,53.05437074771473,25,80.36247165143155,85,63.659647674558045,36.340352325441955,Individual House
Rocky,Industrial,27.053367967859348,1,1,10457.189522171144,1059.0036143507868,1616.1678853392714,1,0,3,39.560015714820594,55,54.91105338690109,10,38.32376884691248,61.67623115308752,Factory
Clayey,Industrial,24.289038339564637,0,0,9132.908046899418,1214.9175137293541,67.7216196220104,1,2,1,27.28217280754905,30,59.51826943405894,85,50.1783278411569,49.8216721588431,Factory
Clayey,Agricultural,47.506204588457685,0,1,7194.445593281714,915.8061409600984,3985.5251116704676,3,2,1,60.12344885288558,30,20.822992352570523,45,41.99895518665258,58.00104481334742,Individual House
Rocky,Residential,49.17437813980021,0,1,13265.145826722824,166.32091289772754,1639.6932951799404,3,0,2,54.5210165947851,55,18.042703100332986,45,43.09303158325803,56.90696841674197,Individual House
Black Cotton,Commercial,13.43770853139984,0,1,3490.059125011682,1023.8725082136223,1786.547347040251,2,2,0,70.37151980795505,40,77.6038191143336,45,61.28098671136767,38.71901328863233,Shopping Complex
Red Soil,Residential,25.16031530585744,0,1,14616.585944540242,1476.264964342323,1680.0308154940612,2,1,0,47.310537483416866,20,58.066141156904266,45,45.32522340842197,54.67477659157803,Individual House
Clayey,Industrial,25.534423856750742,0,0,19631.25035229096,1358.3768768961058,2493.6966540616904,2,2,1,65.61639403581232,30,57.44262690541543,85,63.07639463888817,36.92360536111183,Factory
Rocky,Industrial,13.327574416484678,1,1,16286.615574903974,1307.503363904269,3512.4978660953852,3,2,2,50.66810639587883,55,77.78737597252554,10,47.93068123168898,52.06931876831102,Factory
Rocky,Industrial,48.914942777815476,0,1,17340.318305281362,453.2552300375113,3859.315655002554,4,0,3,44.57595050329545,55,18.475095370307542,45,39.72035651873029,60.27964348126971,Factory
Loamy,Residential,43.89755805844828,0,1,7833.098120401048,1126.182264681001,1962.8536020157917,1,0,0,50.28268252570376,15,26.83740323591954,45,37.8082896929762,62.1917103070238,Individual House
Red Soil,Agricultural,15.47099824633691,0,0,7172.845523143155,1276.6551689477183,3315.510175225845,1,2,1,56.132250438415774,20,74.21500292277182,85,62.45003838413847,37.54996161586153,Individual House
Sandy,Industrial,25.16970497265895,1,1,10823.91873911253,1017.4893069468947,3603.4212513565762,0,1,1,49.70757375683526,25,58.050491712235086,10,38.16027374295111,61.83972625704889,Factory
Black Cotton,Industrial,10.819276367108282,0,1,1868.805680483181,375.8426348519708,1484.5866583869076,3,2,2,72.43635598484283,40,81.9678727214862,45,63.09469277506654,36.90530722493346,Factory
Sandy,Residential,39.55136284011742,1,0,18961.80455467412,1430.7509578124375,483.1073476854664,3,1,2,15.774306243679973,25,34.08106193313763,45,29.041272668572397,70.95872733142761,Individual House
Red Soil,Commercial,11.675455850174082,0,1,3731.918287307652,676.2291171880138,4473.328603222312,2,1,2,57.08113603745648,20,80.54090691637653,45,54.3636243422039,45.6363756577961,Shopping Complex
Red Soil,Commercial,59.22637927437048,0,1,18157.247744193755,194.7083379988191,3385.5798589079645,0,2,1,63.510904901478234,20,1.289367876049198,45,36.80115868452968,63.19884131547032,Shopping Complex
Red Soil,Agricultural,47.93751410783243,1,1,2588.0622180067585,164.666842586088,3240.552044381457,0,1,2,68.1356109178766,20,20.104143153612625,10,34.373499609659966,65.62650039034003,Individual House
Sandy,Agricultural,26.463120227119727,1,1,16629.873625892644,971.2784809485687,294.5125760598899,3,0,1,15.274471464417864,25,55.89479962146712,10,25.569764917913034,74.43023508208697,Individual House
Red Soil,Industrial,36.82101627536449,0,0,3887.2879916860875,656.5644696251087,4089.365287519632,2,1,0,50.79474593115888,20,38.63163954105918,85,51.6860709611704,48.3139290388296,Factory
Rocky,Residential,55.12379989190248,1,0,1724.5006677379813,141.72581276844542,2830.270780430266,1,1,1,61.71550126091766,55,8.12700018016254,45,43.13217548636182,56.86782451363818,Individual House
Sandy,Industrial,35.475460421770435,1,0,14670.299554928764,1110.546858234142,4239.422086587831,2,1,1,47.13113489455739,25,40.874232630382615,45,41.71445537069074,58.28554462930926,Factory
Red Soil,Agricultural,14.597416751887534,0,1,6325.040703314137,1198.9877508879295,4872.805918683807,1,0,0,56.35064581202812,20,75.67097208018744,45,52.8904690542567,47.1095309457433,Individual House
Rocky,Residential,25.82868455696376,0,0,14575.426902902642,1088.123446179677,4785.501604401211,3,0,2,47.54282886075906,55,56.9521924050604,85,60.378038202530774,39.621961797469226,Individual House
Loamy,Residential,51.37296757663599,0,0,11546.619758983576,303.39131652601935,4280.446731951038,2,2,2,60.95327911427984,15,14.378387372273352,85,48.42824453306628,51.57175546693372,Individual House
Red Soil,Agricultural,40.431715879428985,1,1,3067.340414371246,1034.663183994104,54.736869156844506,0,1,1,10.986808413279643,20,32.61380686761835,10,17.498834661552465,82.50116533844754,Individual House
Sandy,Commercial,40.789841138359016,0,0,18710.47139272211,16.084204341577646,4428.636041184783,4,0,1,74.83748745491559,25,32.016931436068305,85,59.19735346823753,40.80264653176247,Hospital/Clinic
Clayey,Commercial,52.6751817128669,0,0,9593.969320506074,457.66820951761383,375.31156913822747,0,1,0,28.877343383490995,30,12.208030478555159,85,38.90907780386064,61.09092219613936,Hotel/Resort
Red Soil,Residential,54.168518160437756,1,0,14954.498278175071,598.2322971113156,4255.969850883836,1,1,2,46.45787045989056,20,9.719136399270411,45,32.9400387607793,67.0599612392207,Individual House
Clayey,Industrial,55.588591447869,1,1,10519.390868296878,1252.8704233282524,1400.8703430581181,3,2,0,46.120258999195116,30,7.352347586885003,10,24.980177546439542,75.01982245356047,Factory
Rocky,Commercial,10.216705628923586,0,1,12482.86802426289,585.5915596041065,3050.3416926668383,2,1,1,51.4458235927691,55,82.97215728512735,45,58.24907757875103,41.75092242124897,Shopping Complex
Loamy,Industrial,34.92693010797055,1,0,6752.698254777156,16.904169284097435,190.34115574939835,3,0,1,46.06084043094949,15,41.78844982004909,45,40.068406605844594,59.931593394155406,Factory
Black Cotton,Commercial,45.72802366700752,1,0,4806.845776065556,528.5196177420141,3855.9084805911402,3,2,0,66.56799408324812,40,23.78662722165413,45,46.49545473455038,53.50454526544962,Shopping Complex
Loamy,Commercial,46.63097648198576,1,1,11308.83386475329,748.3861475389308,558.5306111648574,1,2,0,21.51286810280071,15,22.28170586335706,10,17.849930301819512,82.15006969818049,Hotel/Resort
Red Soil,Industrial,38.369391108350214,0,1,9364.160486449038,1423.5071800091603,2053.4408583788595,3,1,3,50.407652222912446,20,36.0510148194163,45,40.90543198287343,59.09456801712657,Factory
Clayey,Agricultural,14.17330343510208,0,1,8412.151055244729,1411.5514556843173,4087.230011626507,2,1,3,68.45667414122448,30,76.3778276081632,45,58.80429285146937,41.19570714853063,Individual House
Clayey,Commercial,48.858130466791536,0,1,13778.776706797838,271.31105733211734,3476.7449825416757,0,0,2,73.50680394337508,30,18.56978255534743,45,46.11982701901813,53.88017298098187,Hospital/Clinic
Sandy,Commercial,44.60612334332201,1,0,14119.626008211582,277.7198126091773,30.21348429033455,3,1,0,18.78955009342555,25,25.65646109446331,45,27.99045780631477,72.00954219368523,Hotel/Resort
Clayey,Industrial,9.737467435196995,0,1,1872.4810657339976,245.07218469682573,2015.1616727127441,2,0,2,84.8613020593912,30,83.77088760800501,45,66.39417762278818,33.60582237721182,Factory
Sandy,Agricultural,30.509540357090692,0,0,7436.145390629771,1183.382898621155,209.63758482254013,2,1,3,12.56536660717813,25,49.15076607151552,85,41.68556983039122,58.31443016960878,Individual House
Rocky,Commercial,14.568756973699196,1,1,8823.526454301169,9.033060552609552,3367.4993040923455,1,0,2,79.81582712341863,55,75.71873837716801,10,57.61522408748852,42.38477591251148,Shopping Complex
Black Cotton,Commercial,23.561237514213452,1,1,2840.951062119194,190.765797287816,4844.742458766607,3,1,3,90.66374278417767,40,60.73127080964424,10,55.41512767687324,44.58487232312676,Shopping Complex
Red Soil,Agricultural,5.994460071312699,0,1,5482.116467267479,806.9394474661485,3276.306311503796,1,2,0,58.50138498217183,20,90.00923321447884,45,57.22779304737985,42.77220695262015,Individual House
Sandy,Commercial,27.018142762591705,1,1,1981.194147232376,371.3431003301483,1121.862155587779,0,0,0,39.40212140129876,25,54.96976206234716,10,33.783183006041355,66.21681699395864,Shopping Complex
Black Cotton,Agricultural,35.243230663591575,0,0,19928.599873723393,138.53468735889314,1776.1651603327005,0,2,2,86.40041429922252,40,41.26128222734737,85,67.80546556156472,32.194534438435284,Individual House
Clayey,Agricultural,39.07704260548977,0,0,14994.586856427046,539.8170185007515,4883.252778292339,2,2,0,62.23073934862756,30,34.871595657517034,85,56.2486576863989,43.7513423136011,Individual House
Clayey,Industrial,41.49196898207905,0,0,2661.5529735523196,411.31140759036714,1120.2620601617502,3,2,2,49.35356450229322,30,30.84671836320159,85,50.73542716660302,49.26457283339698,Factory
Black Cotton,Residential,50.9960222206353,1,1,1384.7382160117502,766.6564597714267,2807.6453652722134,2,2,2,65.25099444484118,40,15.00662963227451,10,35.08950546376304,64.91049453623697,Individual House
Clayey,Agricultural,16.850459900165152,1,0,14666.468202893324,1468.8503907452937,2002.2690434087237,3,0,3,67.78738502495871,30,71.91590016639141,45,57.4545598003334,42.5454401996666,Individual House
Rocky,Industrial,11.626500234115737,0,1,9344.651147970671,186.45695522237764,3841.5764896411083,1,1,1,69.9059576281284,55,80.62249960980711,45,64.12271007229671,35.87728992770329,Factory
Rocky,Residential,51.83454445438591,0,1,15949.137472226945,559.0900572511415,4336.946359899435,0,2,2,41.04136388640352,55,13.609092576023471,45,37.2667505042471,62.7332494957529,School
Black Cotton,Commercial,13.613704819095744,0,0,18546.044718549292,1397.977526808712,1704.1863717514839,0,1,3,68.68030123025574,40,77.31049196817375,85,70.61572842263294,29.38427157736706,Shopping Complex
Sandy,Residential,58.61180447349074,0,1,12386.707391311078,1315.309565240734,3301.981818496913,1,0,3,41.347048881627316,25,2.313659210848755,45,30.049881911281748,69.95011808871826,Individual House
Sandy,Agricultural,51.339602616925035,1,1,4555.0600354278085,591.4065521764209,2745.2384875886364,4,1,3,43.16509934576874,25,14.43399563845827,10,24.966283680633623,75.03371631936638,Individual House
Black Cotton,Agricultural,32.54821332392795,0,0,15861.686684882598,1048.4298967796046,1392.222450277167,4,0,1,57.707395674561354,40,45.75297779345341,85,58.88583293445983,41.11416706554017,Individual House
Sandy,Agricultural,58.97817837071139,0,1,19160.423120313113,131.78552037201834,1359.7040140650086,4,1,0,50.54240446630122,25,1.7030360488143543,45,33.11560057540902,66.88439942459098,Individual House
Sandy,Agricultural,10.355720100940232,1,1,12024.394454139163,1068.8115833154227,2693.1582376615197,3,0,2,53.41106997476494,25,82.74046649843295,10,45.62899111577597,54.37100888422403,Individual House
Rocky,Agricultural,21.66861686463059,0,0,13957.951498333938,1459.2865942271121,770.014367661499,1,0,2,23.983133137072333,55,63.88563855894901,85,53.865506237712566,46.134493762287434,Individual House
Sandy,Industrial,40.10234282723363,0,0,7412.019205696788,806.2322292512874,4054.0494824123575,3,1,0,45.97441429319159,25,33.162761954610616,85,49.38173549126971,50.61826450873029,Factory
Loamy,Agricultural,24.25037776602483,0,1,8249.026198545913,747.7353405516213,345.02419600201006,3,2,0,22.837889478533995,15,59.58270372329195,45,36.38893724830989,63.61106275169011,Individual House
Red Soil,Industrial,56.060490358943554,0,0,14958.435459208215,280.9779295528655,472.8724310415816,1,2,3,28.583650257923814,20,6.565849401760744,85,35.89573994071352,64.10426005928647,Factory
Clayey,Commercial,8.609434849779966,0,1,18627.650869729565,950.6822983609378,1711.1315446363378,3,1,3,64.07027218028176,30,85.65094191703339,45,59.58733074235697,40.41266925764303,Shopping Complex
Loamy,Agricultural,35.21765076335305,1,0,12950.779357262692,885.6559211683723,590.4587909856668,1,2,0,25.004763128875076,15,41.30391539441158,45,32.57764594370917,67.42235405629083,Individual House
Sandy,Agricultural,37.4976447067313,1,1,16007.110261221602,977.8995892136257,2378.5001062774622,4,2,2,46.62558882331717,25,37.503925488781164,10,31.9449374603563,68.0550625396437,Individual House
Rocky,Residential,40.90004680774732,1,0,4261.065330892087,39.124930027082726,1998.3794522093517,4,0,0,71.39508154062524,55,31.83325532042113,45,52.446592369324115,47.553407630675885,Individual House
Black Cotton,Commercial,19.061642283249796,1,0,5027.222714901498,823.0852325236103,3609.048979428585,3,1,0,73.23458942918755,40,68.23059619458368,45,59.93975534886157,40.06024465113843,Shopping Complex
Sandy,Agricultural,25.051153513592546,0,1,11108.65904983441,892.4022652460595,4765.020776048602,0,2,1,49.737211621601865,25,58.24807747734575,45,46.97004343689709,53.02995656310291,Individual House
Rocky,Agricultural,51.40242913157377,1,0,4354.52965261397,311.2952031192033,3767.7929236956297,1,2,1,52.47168052995436,55,14.329284780710381,45,41.447409380661625,58.552590619338375,Individual House
Red Soil,Commercial,15.72185229335879,1,0,13064.906334197549,312.499286232804,897.2433144030217,2,2,3,45.2644460407525,20,73.79691284440202,45,48.54178432536388,51.45821567463612,Shopping Complex
Sandy,Industrial,50.47773159453491,1,1,6541.410522499281,414.32725276642475,4677.606427322015,2,1,3,48.520931935380794,25,15.870447342441821,10,27.199938012993734,72.80006198700627,Factory
Black Cotton,Agricultural,35.94604825965084,1,0,16039.119754670946,1067.5823875908563,1960.6671627653361,3,2,2,68.226831190394,40,40.0899195672486,45,51.15187080845004,48.84812919154996,Individual House
Rocky,Residential,46.92031311567452,1,0,16354.096585672525,909.3990952985575,2370.9468046345646,0,2,0,42.269921721081374,55,21.799478140542476,45,39.744342137514096,60.255657862485904,School
Rocky,Agricultural,44.24840514449094,1,0,9811.961659351708,1268.6439691767068,2107.8811868531775,1,2,0,42.93789871387727,55,26.252658092515105,45,41.09142907298582,58.90857092701418,Individual House
Rocky,Residential,16.413132246168345,1,1,4435.40206571507,443.4878577646473,1402.7351164385948,4,0,1,41.342147801350976,55,72.64477958971943,10,43.3809466279027,56.6190533720973,Apartment
Red Soil,Residential,36.28470050386301,1,0,13288.724260556719,1368.1020898324775,4475.22143898742,3,1,2,50.92882487403425,20,39.525499160228314,45,41.95646349596906,58.04353650403094,Individual House
Sandy,Agricultural,52.72477340428008,0,1,19862.95334700814,1115.5592429750375,1661.1943294830805,1,2,0,36.04269323859159,25,12.1253776595332,45,30.646287048390356,69.35371295160965,Individual House
Red Soil,Agricultural,28.766393024106115,1,1,12829.227060907942,592.5175050205454,2892.982348397732,1,0,2,52.80840174397347,20,52.056011626489806,10,36.996943517013165,63.003056482986835,Individual House
Clayey,Residential,58.16249236228242,0,0,1679.7191235661492,142.89309843818387,1200.167921871651,1,1,1,62.88914944057139,30,3.0625127295293026,85,48.52683048658231,51.47316951341769,Individual House
Clayey,Commercial,29.87183050559449,1,1,1328.585539574569,385.47549373122376,3986.876873850902,0,0,0,71.40351274972795,30,50.213615824009175,10,44.544633418407074,55.455366581592926,Shopping Complex
Sandy,Commercial,12.853210016733659,1,1,7086.877439353818,1435.1523258222753,3870.9932976459327,1,0,1,52.78669749581658,25,78.5779833054439,10,44.36983994989677,55.63016005010323,Shopping Complex
Red Soil,Agricultural,26.418907404272026,1,1,4719.892330347692,465.545063826119,1481.56069223522,0,1,1,45.09378316406925,20,55.968487659546625,10,35.27494602231089,64.7250539776891,Individual House
Black Cotton,Industrial,57.34363235147954,0,1,16447.972935722857,494.8514402235967,3407.7703657172683,0,2,1,63.973005498714315,40,4.427279414200768,45,40.7473717781002,59.2526282218998,Factory
Rocky,Commercial,22.58464671369198,0,0,17051.30767368401,284.38339664657553,3519.3676654747487,1,2,0,61.290834522782475,55,62.3589221438467,85,66.54152261893555,33.458477381064455,Shopping Complex
Rocky,Agricultural,52.745398792688455,1,0,5913.756654899047,1210.275901708148,2812.557080523831,4,0,2,40.813650301827884,55,12.091002012185896,45,36.807528108686235,63.192471891313765,Individual House
Sandy,Commercial,53.46878749250394,0,0,7187.250762047961,413.46634536341605,3002.991911358351,1,1,0,47.82482240506905,25,10.885354179160103,85,44.460026386564195,55.539973613435805,Shopping Complex
Clayey,Industrial,24.260258838257858,1,1,5488.692386587179,495.38737255328346,2872.273191453979,4,1,1,66.21169293723852,30,59.56623526957024,10,45.06565134542605,54.93434865457395,Factory
Clayey,Agricultural,9.579171192784766,0,1,18259.268400054018,621.5221626474399,409.3220199742281,3,2,3,37.79164760128837,30,84.03471467869205,45,49.98575533012394,50.01424466987606,Individual House
Rocky,Industrial,44.850685003735,0,0,10550.337357823362,650.5924196619145,3351.326723568925,2,0,2,42.78732874906625,55,25.248858327108323,85,50.787779643950266,49.212220356049734,Factory
Sandy,Agricultural,22.13317644576923,0,1,13466.603837558378,617.0111856225326,2348.875049193456,3,2,3,50.46670588855769,25,63.11137259038462,45,48.441190208591344,51.558809791408656,Individual House
Red Soil,Industrial,48.06079878416648,1,0,8894.159647292463,755.6155430620929,2192.2864027070677,0,1,1,47.98480030395838,20,19.898668693055868,45,36.019347279649395,63.980652720350605,Factory
Clayey,Commercial,29.346016654323822,0,1,12989.269676586091,1221.7693194246049,4299.996093909003,3,1,0,64.66349583641905,30,51.08997224279363,45,51.154716603445074,48.845283396554926,Shopping Complex
Red Soil,Commercial,31.689670828844186,0,0,8331.252157712985,1228.927561113033,116.13356730558854,2,2,2,14.400253638900725,20,47.18388195192635,85,41.086059261596844,58.913940738403156,Shopping Complex
Clayey,Industrial,47.78501737116952,1,0,7453.890316855283,1197.4697006450203,1256.5745897937759,2,2,3,45.18523745308314,30,20.35830438138413,45,36.65440920392513,63.34559079607487,Factory
Clayey,Industrial,26.029983208389535,0,0,13055.121390296124,151.68725867473125,607.0174992137318,4,1,0,58.53161866169338,30,56.61669465268411,85,60.390240194763706,39.609759805236294,Factory
Loamy,Industrial,29.3720039927603,1,1,12230.179482930796,1199.518204912221,176.7052230486288,3,0,2,18.1911034627825,15,51.04666001206617,10,23.878551214990416,76.12144878500959,Factory
Clayey,Agricultural,25.69047578232922,1,0,6577.031129191043,180.37766022986517,1378.3849883797377,0,1,1,72.32242120822055,30,57.182540362784636,45,55.35848251357335,44.64151748642665,Individual House
Black Cotton,Commercial,25.203728340250397,0,1,3837.620556069995,187.085655078387,4942.381363973388,0,0,1,90.47392861023418,40,57.99378609958267,45,63.41432153847763,36.58567846152237,Shopping Complex
Sandy,Agricultural,33.92706172958027,1,1,8002.957182924615,1421.7941574524411,1351.145866037869,4,2,1,34.541151888362315,25,43.45489711736622,10,29.203127440268364,70.79687255973164,Individual House
Sandy,Commercial,49.48396944756329,0,0,8888.755143696275,1229.096767058312,3318.529098978857,4,2,0,43.62900763810918,25,17.526717587394515,85,44.65183207018684,55.34816792981316,Shopping Complex
Red Soil,Residential,24.897257155741123,0,0,12945.002335067491,828.615700302013,591.4944502036074,3,0,0,25.605574715136868,20,58.504571407098126,85,47.83809400207244,52.16190599792756,Individual House
Clayey,Agricultural,33.83400962957552,1,1,18376.04650910041,1312.455306716793,3009.23815023615,4,1,1,63.54149759260612,30,43.609983950707466,10,40.142020145089006,59.857979854910994,Individual House
Black Cotton,Commercial,41.890002899343045,0,1,1687.5111531255775,1484.0469638277943,4922.407415691567,2,1,1,67.52749927516425,40,30.18332850109492,45,48.430456871581214,51.569543128418786,Shopping Complex
Red Soil,Commercial,19.819169546701026,0,0,5629.559238295054,915.9630999476664,1459.1876173023265,0,0,2,44.228959959371274,20,66.9680507554983,85,56.47214867465452,43.52785132534548,Shopping Complex
Loamy,Agricultural,20.26375426963159,1,0,4680.6029033116465,919.347655472277,4240.378081877914,2,0,3,56.9340614325921,15,66.22707621728068,45,49.98369055572741,50.01630944427259,Individual House
Red Soil,Agricultural,56.33772198629001,1,1,10543.59376518189,1131.6405437398919,4987.856901832677,1,0,2,45.9155695034275,20,6.103796689516656,10,23.096398498578786,76.9036015014212,Individual House
Red Soil,Commercial,44.79440153320987,0,0,9164.315333820035,348.2084285479992,2942.77044360372,2,0,3,57.90889390381758,20,25.34266411131688,85,50.85377889416537,49.14622110583463,Hospital/Clinic
Clayey,Agricultural,36.745267192281986,1,0,14851.71485258358,250.68729227819904,1547.0055021401768,0,1,0,68.71255570804111,30,38.75788801286336,45,49.48886650103023,50.51113349896977,Individual House
Loamy,Industrial,40.62460299313366,1,0,5605.902338352413,1139.3711250226088,3367.656299495781,1,2,2,51.843849251716584,15,32.292328344777246,45,39.718429324295116,60.281570675704884,Factory
Red Soil,Agricultural,6.61146937068801,1,0,12295.468949245413,517.3571924911535,4224.241031343094,3,1,0,58.347132657328,20,88.98088438218664,45,56.91671752561146,43.08328247438854,Individual House
Black Cotton,Agricultural,38.99566310589333,1,1,17793.288008399228,202.605534458901,856.7512148098916,1,0,0,63.22977645219044,40,35.00722815684445,10,39.382228797477765,60.617771202522235,Individual House
Black Cotton,Agricultural,33.02298802733111,0,1,18302.87705844779,472.3165888766246,2262.5788192072664,4,1,3,71.40525766056975,40,44.961686621114815,45,53.482261836478116,46.517738163521884,Individual House
Sandy,Commercial,35.01623238786896,0,0,19216.907489775593,537.955301811863,1595.9385506192048,0,0,3,39.16471291541686,25,41.639612686885066,85,49.117552692117165,50.882447307882835,Hospital/Clinic
Loamy,Industrial,24.76831047569494,1,0,15691.961889519784,1447.841489258536,1416.7949848118994,4,0,2,44.143822077314255,15,58.71948254050843,45,43.6302083621871,56.3697916378129,Factory
Loamy,Residential,9.481064374211805,0,1,18213.770218919384,1046.9395666318849,4304.1063037008635,2,0,2,59.62973390644705,15,84.19822604298032,45,55.41996337800155,44.58003662199845,Individual House
Sandy,Residential,15.633657848662871,1,1,5456.08656772021,796.2844760996009,2108.2700341091927,3,0,2,52.091585537834284,25,73.94390358556188,10,42.96803083463247,57.03196916536753,Individual House
Red Soil,Industrial,57.29095922669695,1,1,4754.037942659063,1453.3097080239074,1695.381709019564,0,1,3,39.58489437371704,20,4.515067955505074,10,20.48348001967723,79.51651998032277,Factory
Loamy,Industrial,27.478475924901367,0,1,1123.2735918300027,1354.709610711271,3017.5527071300685,3,0,1,55.130381018774656,15,54.20254012516439,45,46.346268387862224,53.653731612137776,Factory
Black Cotton,Industrial,30.66757357069753,0,1,14430.042791152868,768.0012849212396,1097.0078981869065,0,1,1,52.27326457106375,40,48.88737738217078,45,47.767486945415,52.232513054585,Factory
Black Cotton,Commercial,7.899038441939145,0,0,18811.876568461143,1358.519453065471,1149.4674528403948,4,1,3,59.01458944632311,40,86.83493593010142,85,69.61384028873844,30.386159711261556,Shopping Complex
Clayey,Residential,7.066142624918932,0,0,4551.771555791852,606.4569870939849,2601.443654357523,2,2,2,70.23346434377027,30,88.22309562513512,85,72.38748642660337,27.612513573396626,Individual House
Loamy,Industrial,44.44497958757167,1,1,13101.927933110697,345.63099803493697,2046.3636432309206,1,1,1,60.15089522101086,15,25.92503402071388,10,32.28407183253227,67.71592816746772,Factory
Red Soil,Commercial,34.595206526661116,1,1,15182.735425213774,349.0172652331277,1474.9119196116224,3,2,0,49.908400846579504,20,42.341322455564814,10,33.55327091019403,66.44672908980597,Shopping Complex
Sandy,Residential,32.97882913189467,0,0,18624.670467813074,993.47328666319,269.755661370511,0,2,1,13.150405944436553,25,45.035284780175544,85,40.86146327559668,59.13853672440332,School
Sandy,Agricultural,18.37184917324678,1,1,13290.344256327211,751.6054810609156,2603.8711931926077,0,2,1,51.40703770668831,25,69.38025137792204,10,41.58752604182142,58.41247395817858,Individual House
Red Soil,Commercial,45.96129023964572,0,1,19435.580922226294,988.4262705081701,4083.0460280053753,3,1,3,48.509677440088566,20,23.397849600590476,45,37.077849504178616,62.922150495821384,Shopping Complex
Rocky,Residential,14.253011850967054,0,0,7548.789679238407,1029.1139463932548,4256.886026430289,1,2,3,50.436747037258236,55,76.24498024838825,85,66.21410652513744,33.78589347486256,Individual House
Clayey,Commercial,15.446410901356101,0,0,7648.6421416567455,33.484309346576424,1177.199898630401,2,0,1,79.67333668647441,30,74.25598183107317,85,72.19966329803434,27.800336701965662,Shopping Complex
Sandy,Residential,30.339169424155152,1,0,11317.237690272566,81.05938852185352,2998.2060197374417,0,1,0,73.55164433265,25,49.43471762640807,45,53.10175492302952,46.89824507697048,School
Loamy,Residential,20.745392416156747,1,0,8286.535741202235,799.0165898868748,4279.406547314702,0,0,0,56.81365189596082,15,65.42434597307209,45,49.740864656854306,50.259135343145694,School
Clayey,Agricultural,18.61046396782305,0,1,1027.08883746312,286.55321664011535,2043.6296413813238,3,1,2,80.15419100963732,30,68.98256005362825,45,61.049606866780124,38.950393133219876,Individual House
Loamy,Commercial,40.48807045043324,0,0,14903.66847665276,948.8006532066595,4660.6840865376425,3,2,1,51.87798238739169,15,32.51988258261126,85,49.7872644812399,50.2127355187601,Shopping Complex
Black Cotton,Industrial,40.80344598701995,0,1,15282.623788091185,828.2786087559721,4514.892645647765,0,2,1,67.79913850324502,40,31.994256688300084,45,48.97826264821077,51.02173735178923,Factory
Clayey,Agricultural,50.34843883899611,0,1,15192.51748904864,878.6405375563369,1040.6694870940469,0,1,0,40.22628003213191,30,16.08593526833981,45,33.85068182833112,66.14931817166888,Individual House
Sandy,Agricultural,27.973971183513672,1,1,7555.392665598865,453.683069746516,1294.824164501019,0,2,3,37.682006309351,25,53.37671469414388,10,32.78288088180882,67.21711911819118,Individual House
Clayey,Residential,9.019680006438264,1,1,10923.499992912266,959.765259416845,902.2099932298444,4,0,1,47.78927986298733,30,84.96719998926956,10,44.968047949362955,55.031952050637045,Apartment
Clayey,Industrial,20.051651170680174,0,0,7839.49684535672,1244.2389547275345,980.2717572735114,0,0,0,46.59252235280018,30,66.58058138219971,85,58.70252816902999,41.29747183097001,Factory
Clayey,Commercial,58.90030047582493,0,1,1304.6916005822695,1497.1068803883556,4539.31043586749,2,2,1,57.274924881043766,30,1.8328325402917898,45,36.25443184343827,63.74556815656173,Shopping Complex
Rocky,Industrial,37.794221637798614,1,1,11686.529884156957,1257.6665792583215,4655.689545963115,2,1,3,44.55144459055035,55,37.009630603668974,10,35.59541325760986,64.40458674239014,Factory
Clayey,Industrial,44.03553966405612,0,1,3351.4526555962098,836.2481395199212,259.48620592565476,1,1,2,26.180839202499065,30,26.6074338932398,45,31.56515219418462,68.43484780581538,Factory
Loamy,Industrial,5.4046806293978,1,0,2520.7851577373713,290.1443875199348,2968.016778361024,3,0,3,73.24016659145445,15,90.99219895100367,45,61.882108044759974,38.117891955240026,Factory
Black Cotton,Industrial,33.501315270038646,1,0,15354.482305238957,1022.1688141797313,2821.157814287858,1,2,3,69.62467118249035,40,44.1644745499356,45,52.65975355135552,47.34024644864448,Factory
Red Soil,Industrial,7.064076164249172,0,0,1180.6178459440068,1406.4806783369672,1952.7382336222993,0,2,0,57.28874563138369,20,88.22653972625139,85,66.35769590254714,33.642304097452865,Factory
Clayey,Residential,36.30766166502964,1,0,19221.160428565796,317.79980959845363,3158.487964115535,3,0,0,73.85509600783537,30,39.487230558283926,45,51.47109124231336,48.52890875768664,Individual House
Sandy,Residential,55.64239672998414,1,0,10789.85191813896,383.99343078986567,4736.839127554251,0,1,3,49.049794970112025,25,7.262672116693096,45,33.98309626871249,66.01690373128751,School
Clayey,Agricultural,58.26305217752243,1,1,19677.31218341682,223.51281511747672,851.2744136107309,3,2,0,51.0489563207854,30,2.894913037462615,10,25.590862971640544,74.40913702835945,Individual House
Sandy,Residential,34.73039714639083,1,0,2101.95387698146,1105.0824654396026,602.0545485822781,4,1,3,19.358491685047856,25,42.11600475601529,45,32.30447327877057,67.69552672122943,Individual House
Loamy,Agricultural,30.20126428887188,0,1,12087.06142845235,609.8422551354889,166.95285414487836,4,1,3,17.788741010679598,15,49.66455951854687,45,32.142199233374576,67.85780076662542,Individual House
Sandy,Agricultural,56.97594018366717,1,0,7637.2136835423125,94.04345832957611,1819.1665392007174,4,0,1,62.49673823832298,25,5.040099693888038,45,38.13388330688505,61.86611669311495,Individual House
Red Soil,Commercial,42.04854075981823,1,1,17026.16736347143,1312.4249872354203,1688.1423853893302,1,1,3,43.25071251783205,20,29.91909873363629,10,28.11752406465029,71.8824759353497,Shopping Complex
Black Cotton,Industrial,8.56946037461252,1,0,7863.231969451439,836.50785705385,2154.0984407932197,3,0,2,75.85763490634687,40,85.71756604231247,45,65.22956372779953,34.77043627220047,Factory
Sandy,Residential,30.614906771712366,0,1,5949.264002089632,496.6414380005337,2516.5501544047447,1,2,0,48.54778702703989,25,48.975155380479386,45,44.23551430458381,55.76448569541619,Individual House
Sandy,Commercial,18.213476015536713,0,0,17293.50941489835,515.9744640916455,3789.1199701522733,3,1,2,51.44663099611582,25,69.64420664077214,85,60.41737250883357,39.58262749116643,Shopping Complex
Black Cotton,Residential,30.839237679677485,0,1,8118.4087414119585,435.37683028636013,1960.566952287592,0,0,0,73.37891980865086,40,48.60127053387085,45,55.08293956649551,44.91706043350449,School
Red Soil,Agricultural,30.050606460349893,1,1,1319.833077350668,683.2202585889628,1653.0655468061677,4,0,3,45.548659321035885,20,49.91565589941685,10,33.92094473721677,66.07905526278323,Individual House
Clayey,Residential,37.01796415481081,0,1,8415.492915947341,505.56253273221745,4134.394101298134,4,1,2,62.7455089612973,30,38.30339307531532,45,47.286776405282886,52.713223594717114,Individual House
Sandy,Industrial,24.62237696920882,0,1,13435.923111207896,821.9194561059142,4248.9833532682815,3,0,1,49.84440575769779,25,58.962705051318636,45,47.18621827802389,52.81378172197611,Factory
Black Cotton,Agricultural,14.034874720076044,0,1,5832.831237321255,1160.2758784069413,1163.829821466766,1,2,3,57.76787774931631,40,76.6085421332066,45,56.62089274556236,43.37910725443764,Individual House
Loamy,Agricultural,32.70456890244759,1,1,9207.764256077988,1011.6919251665603,1573.3591135565416,1,1,3,45.29104004551894,15,45.49238516258735,10,31.974960306578467,68.02503969342153,Individual House
Black Cotton,Commercial,50.66115863901691,0,0,2077.587627362285,441.6853391311757,4125.581854550442,2,2,3,68.83358999237524,40,15.564735601638475,85,55.23294039774095,44.76705960225905,Shopping Complex
Loamy,Industrial,41.52067254371813,0,0,12173.763038765188,793.1115173096689,397.04122148882414,4,0,1,19.560656293846954,15,30.798879093803123,85,38.04594947629721,61.95405052370279,Factory
Red Soil,Agricultural,23.610232625886873,0,1,15369.603553347482,1260.1892398683763,1629.2339019536894,4,2,2,46.682119882602066,20,60.64961229018854,45,45.75114503145786,54.24885496854214,Individual House
Clayey,Industrial,56.45376625173715,1,1,8852.938666621096,102.3093521140882,2241.750535204306,1,0,3,81.74799731022043,30,5.910389580438078,10,37.08939645368667,62.91060354631333,Factory
Black Cotton,Residential,55.17141641870502,1,1,8984.42002322774,117.44590048035714,935.3580760028551,4,0,2,65.86755338655942,40,8.047639302158288,10,33.56555351083537,66.43444648916463,Individual House
Rocky,Industrial,16.51416196612543,0,1,2677.3674731134124,834.2551020746301,899.570983053491,1,2,3,27.86287916953846,55,72.47639672312428,45,47.371106890119535,52.628893109880465,Factory
Sandy,Agricultural,7.1679671816199635,0,1,4836.876425727669,958.6726925847048,2124.3102900676436,2,1,3,54.20800820459501,25,88.05338803063339,45,55.9861498792666,44.0138501207334,Individual House
Red Soil,Commercial,45.77197895929192,0,1,3938.8307594303405,317.11952366385617,3772.6086236742785,3,1,3,59.52983384034565,20,23.713368401180134,45,41.01378394441601,58.98621605558399,Shopping Complex
Black Cotton,Agricultural,50.51856437420343,1,1,10152.067604569222,1117.8301900372771,4201.164897738137,3,1,1,65.37035890644914,40,15.80239270966095,10,35.330223794672435,64.66977620532757,Individual House
Sandy,Industrial,58.23255112732454,1,0,11055.855278064253,969.3950655610912,4896.175462680867,2,2,3,41.441862218168865,25,2.9457481211257743,45,30.241088806640548,69.75891119335945,Factory
Black Cotton,Industrial,53.94100167485709,0,1,19029.86249440094,1384.9339023544296,369.9202504585952,4,2,2,31.91315459045763,40,10.098330541904843,45,30.94418674213638,69.05581325786362,Factory
Loamy,Agricultural,38.02941225135282,1,1,2391.398581267444,253.43130278780507,1083.4110057299633,0,2,3,48.95498888449276,15,36.617646247745306,10,31.038657671508787,68.96134232849121,Individual House
Black Cotton,Industrial,34.15287865668094,0,0,12397.491489945896,1127.061398037016,3783.149211920989,4,2,2,69.46178033582976,40,43.078535572198426,85,62.33125701059002,37.66874298940998,Factory
Rocky,Residential,6.531257819442246,1,0,11003.472019236586,125.46463587490054,2702.993530278309,1,1,2,74.83930739264541,55,89.11457030092959,45,67.97240016265829,32.02759983734171,Individual House
Black Cotton,Agricultural,18.56610457646278,0,1,10808.428860780754,847.9386142768462,1638.398869812091,0,1,0,66.12645125212612,40,69.05649237256203,45,57.65838103138465,42.34161896861535,Individual House
Black Cotton,Commercial,30.278811345310952,1,0,17590.0264602737,827.8427092487187,1027.9483062362176,2,0,2,50.989263288396614,40,49.53531442448175,45,47.48007075705925,52.51992924294075,Hospital/Clinic
Rocky,Agricultural,39.56771450459623,0,0,4905.230943214243,582.577566970111,1402.3877582122402,3,2,0,32.155826538095745,55,34.05380915900628,85,49.26799157808508,50.73200842191492,Individual House
Red Soil,Residential,35.648850832512586,1,0,1774.6922124860575,1266.8567215028509,2146.4447515047596,3,1,1,51.087787291871855,20,40.58524861247902,45,42.27703770527491,57.72296229472509,Individual House
Black Cotton,Residential,45.84497943249298,0,1,13773.158645049658,6.555967179018351,885.7560975301637,4,1,3,73.86051906173893,40,23.591700945845034,45,48.99910690806988,51.00089309193012,Individual House
Rocky,Residential,20.387181198787246,0,1,7557.991818583622,780.2691028477811,4821.129779383753,3,1,1,48.90320470030319,55,66.02136466868792,45,53.1214628122781,46.8785371877219,Individual House
Sandy,Residential,36.07239342088603,0,0,1334.2084080379673,325.73032475278114,537.9422229993719,4,1,1,28.196926619599065,25,39.87934429852328,85,44.838760391490496,55.161239608509504,Individual House
Loamy,Residential,9.847823386493566,0,1,5776.106138517863,1115.2479286746493,4927.887172446095,1,1,2,59.53804415337661,15,83.58696102251072,45,55.23505570930949,44.76494429069051,Individual House
Loamy,Commercial,27.751603797076385,1,1,6877.208710119426,64.60113945914576,4209.466430003363,1,1,3,81.18603068318217,15,53.747327004872695,10,46.60194249033193,53.39805750966807,Shopping Complex
Black Cotton,Industrial,46.258845812503054,0,1,12719.929158900599,1247.3320322723664,2115.7580875686954,2,2,3,66.43528854687423,40,22.901923645828248,45,46.227831902863045,53.772168097136955,Factory
Red Soil,Residential,43.13704693859742,1,0,4279.130086936169,1257.1383400604273,3699.081671941051,1,0,1,49.215738265350645,20,28.104921769004292,45,38.5017388351238,61.4982611648762,Individual House
Red Soil,Residential,59.485350544469846,1,0,8848.032611114562,1249.2990186052543,3357.57621848193,4,0,0,45.12866236388254,20,0.8577490925502502,45,30.259469100496453,69.74053089950354,Individual House
Sandy,Agricultural,20.28401192932658,0,0,10167.033443938817,228.85279009900478,1066.4345897446547,3,2,0,48.52652140662116,25,66.19331345112236,85,58.532610855098,41.467389144902,Individual House
Black Cotton,Commercial,32.400411454568854,0,0,9725.510435917728,945.6097778415674,1695.350430594732,1,1,2,63.806905748252426,40,45.999314242385246,85,61.08224557248466,38.91775442751534,Shopping Complex
Loamy,Commercial,23.12417275756982,0,1,19504.874566668852,21.551038775084407,2565.6128140272895,1,2,0,84.92589448410249,15,61.45971207071697,45,58.58899108711511,41.41100891288489,Shopping Complex
Red Soil,Industrial,29.233171273254612,0,1,1864.5805180156262,1271.9438869337998,3189.2208994386347,4,1,0,52.69170718168635,20,51.278047877908975,45,45.51160948306746,54.48839051693254,Factory
Black Cotton,Commercial,52.13225714281635,1,1,19068.395542595586,1084.4627902629306,2714.4749067831076,1,1,1,64.96693571429591,40,13.112904761972757,10,34.51665369049675,65.48334630950325,Shopping Complex
Red Soil,Agricultural,42.63149913536677,1,0,12056.807065886633,796.730596348879,2364.9373050323693,3,1,0,49.34212521615831,20,28.947501441055394,45,38.756619185919256,61.243380814080744,Individual House
Rocky,Agricultural,53.534265524117,1,0,16118.826584426928,1095.8871496449258,2215.7613672745006,3,1,3,40.61643361897075,55,10.77622412647166,45,36.409807798257674,63.590192201742326,Individual House
Red Soil,Industrial,16.193110958253754,1,1,9177.459742305433,141.4861449776583,2491.32249647509,3,1,1,77.46255356177707,20,73.01148173624375,10,50.86476418068291,49.13523581931709,Factory
Loamy,Agricultural,53.03486148127909,0,0,9622.919743882629,792.9837482652845,2171.7575992298516,3,2,1,48.74128462968023,15,11.60856419786819,85,43.46159066985513,56.53840933014487,Individual House
Clayey,Residential,8.286925079811143,1,0,17707.203481300647,436.91473772466816,2706.6503877285795,0,2,0,73.71338446656713,30,86.18845820031476,45,63.09679911337719,36.90320088662281,Individual House
Sandy,Residential,53.872960424043384,0,1,18022.75542954614,1458.9291948344594,4439.926495233334,3,0,3,42.531759893989154,25,10.211732626594355,45,32.43904911954479,67.56095088045521,Individual House
Sandy,Agricultural,23.099057870340037,0,0,5535.088747194655,1285.6769259358525,3164.146565273058,0,1,3,50.22523553241499,25,61.501570216099935,85,57.95422499037023,42.04577500962977,Individual House
Loamy,Industrial,22.302319837773656,1,0,4785.595693107745,1099.9135437509653,3613.1043749427004,3,2,0,56.42442004055658,15,62.82946693704391,45,48.95591374845578,51.04408625154422,Factory
Red Soil,Commercial,33.16487171842651,1,1,10428.46830352907,1400.621452874598,2987.4156686538827,3,2,3,51.70878207039337,20,44.72521380262248,10,34.7793771752933,65.22062282470671,Shopping Complex
Black Cotton,Industrial,56.737960324777745,1,0,18105.26351542614,520.2649568482107,3215.088412070011,4,1,2,63.81550991880556,40,5.436732792037091,45,40.94461166959122,59.05538833040878,Factory
Red Soil,Commercial,7.627975057477295,1,1,7124.74677471735,1351.319848482272,2891.7491422409007,3,1,2,58.093006235630675,20,87.28670823753784,10,47.65422924185519,52.34577075814481,Shopping Complex
Loamy,Agricultural,24.372703628890992,1,1,13388.277691443494,487.8573481600655,134.33261097911597,1,2,0,19.32203542275564,15,59.37882728518168,10,26.357419219259892,73.6425807807401,Individual House
Sandy,Agricultural,52.111459377583465,1,0,14454.882067071421,1099.1950795367295,4997.991911000099,3,1,1,42.972135155604136,25,13.147567704027566,45,33.32713923046834,66.67286076953167,Individual House
Red Soil,Residential,26.78299625895067,0,1,15794.818632988961,1104.6253676646736,168.04620106448343,2,2,1,16.665174956552,20,55.36167290174888,45,33.92322946023042,66.07677053976958,Individual House
Sandy,Commercial,15.953629367838685,0,0,11714.564700498302,27.524814681140207,1975.7400411682686,4,0,3,79.87490460053728,25,73.41061772026886,85,71.30887104025527,28.69112895974473,Shopping Complex
Black Cotton,Industrial,28.363679973227647,0,0,8646.648387300422,541.5895474172928,525.5783914946671,4,1,2,41.42064783658643,40,52.72720004462059,85,54.9290267539604,45.0709732460396,Factory
Sandy,Agricultural,26.205387582041812,1,0,19373.303787180485,29.14900861274683,484.64225220466227,3,0,1,47.39255763181798,25,56.32435402993031,45,45.66848367861887,54.33151632138113,Individual House
Sandy,Industrial,55.34789108066869,0,0,12615.284312754202,1495.638026415373,3967.634758372418,2,0,3,42.16302722983283,25,7.753514865552191,85,41.69543824682954,58.30456175317046,Factory
Clayey,Residential,46.90639066587034,0,0,14842.739021032145,183.29514274385699,2129.6288967903847,3,0,2,79.275693768901,30,21.82268222354942,85,58.9521633750027,41.0478366249973,Individual House
Clayey,Commercial,32.78135556592035,0,0,7554.674068221689,814.216343472164,4005.6935414938243,1,1,1,63.80466110851991,30,45.364407390132754,85,59.42273323551515,40.57726676448485,Shopping Complex
Rocky,Commercial,59.36038116968641,0,0,13729.034439058521,1185.8343581439558,1363.9323534041575,4,0,3,26.43855177566155,55,1.0660313838559858,85,39.02000096744554,60.97999903255446,Hospital/Clinic
Clayey,Agricultural,30.590264220175783,0,0,5898.155581118393,301.8954033913387,1282.313959031174,4,2,0,61.88498892209922,30,49.016226299707036,85,59.66380269766148,40.33619730233852,Individual House
Sandy,Commercial,8.203080695115137,0,0,5656.841433044087,727.579002143209,1256.1569090723108,2,2,0,39.07236800766743,25,86.32819884147477,85,60.257378513052295,39.742621486947705,Shopping Complex
Loamy,Agricultural,19.425087699824168,1,1,14579.721834379101,911.1431413817262,3080.7281320395964,0,1,1,57.14372807504396,15,67.62485383362639,10,41.65651828467198,58.34348171532802,Individual House
Sandy,Residential,28.983876412062195,1,1,10906.499988995767,240.30713159331808,4074.996949228,2,1,3,64.33560300138537,25,51.69353931322968,10,41.690845878792295,58.309154121207705,Individual House
Loamy,Commercial,13.629644328036607,1,0,13982.255598025406,1167.8331898673077,2261.305050376203,1,0,2,58.59258891799085,15,77.283926119939,45,53.328387651281545,46.671612348718455,Shopping Complex
Loamy,Agricultural,57.116081947822366,0,0,6119.331324213742,449.004685784048,1896.244453205412,2,1,0,48.70558743010977,15,4.806530086962724,85,41.7485881222791,58.2514118777209,Individual House
Clayey,Industrial,47.17668937997752,1,0,12375.743480077877,316.53461450826046,4867.897771008246,0,2,2,71.21375078451,30,21.372184366704133,45,46.01785886625453,53.98214113374547,Factory
Red Soil,Agricultural,19.755796023527495,1,1,9434.739344359139,837.4331196561253,583.770180058194,1,2,3,26.736454595282005,20,67.07367329412085,10,31.626177431878915,68.37382256812108,Individual House
Black Cotton,Commercial,37.49424934348537,0,1,12342.245450065031,615.4704414644068,2433.1634102244625,1,2,0,68.62643766412866,40,37.50958442752438,45,50.64664928932613,49.35335071067387,Shopping Complex
Clayey,Residential,44.679703641026464,1,0,6526.714912640168,1380.4289169546266,2042.438765907172,0,1,1,60.830074089743384,30,25.53382726495589,45,43.423982747649156,56.576017252350844,School
Clayey,Commercial,56.77034108987389,0,0,14593.568309333354,1320.0940472972309,490.6329829344519,3,2,0,27.620074386220566,30,5.3827648502101795,85,36.76271724772974,63.23728275227026,Hotel/Resort
Red Soil,Commercial,53.489944204647585,1,0,16312.657957029845,725.0259950833248,1341.0018104410958,2,1,1,33.44755015766002,20,10.85009299225402,45,28.66916580324451,71.33083419675549,Shopping Complex
Black Cotton,Agricultural,33.335572437601755,0,1,5938.41300329675,538.8956620883963,142.20606289556014,1,0,2,32.51022814851076,40,44.44071260399708,45,39.73875800297804,60.26124199702196,Individual House
Sandy,Industrial,47.60589408861597,0,0,6711.7906372572,488.27697244689784,4384.771444914785,2,2,0,44.801908131032135,25,20.656843185640057,85,45.84487864227126,54.15512135772874,Factory
Rocky,Commercial,35.917961460517176,1,1,13561.931124662766,401.34543462226105,3039.2476449520054,0,0,3,50.939783557535044,55,40.13673089913804,10,38.61310696992177,61.38689303007823,Hospital/Clinic
Rocky,Industrial,35.39871395250471,0,1,14216.118311767339,816.8217805687159,4075.092489351254,4,2,2,45.15032151187383,55,41.00214341249215,45,45.55314838227888,54.44685161772112,Factory
Sandy,Agricultural,11.310807708600555,1,0,14377.894003551552,1207.4679071018154,2607.772262014949,0,2,2,53.17229807284986,25,81.14865381899908,45,53.897467780247226,46.102532219752774,Individual House
Clayey,Industrial,11.937571190888363,0,1,13971.2715907409,466.1349123053367,2997.549147109472,2,2,1,71.0475124639577,30,80.10404801518607,45,60.64264136618171,39.35735863381829,Factory
Black Cotton,Agricultural,34.12434882623516,1,0,8463.346622098237,285.14113453212224,3504.272389045824,1,0,3,82.36044472151387,40,43.12608528960806,45,56.85767697493187,43.14232302506813,Individual House
Clayey,Residential,19.787384973845363,1,1,8502.21981366989,713.2257092749302,4540.058137321074,2,2,2,67.05315375653866,30,67.02102504359107,10,47.2238600756863,52.7761399243137,Individual House
Loamy,Industrial,6.157029635325775,0,1,5841.534849243247,103.5516251964998,458.7594391292288,4,0,0,53.42283386196314,15,89.73828394112371,45,54.63256283696803,45.36743716303197,Factory
Clayey,Industrial,44.75615621451168,1,0,3979.8402980308965,1051.9185091945603,1654.7419736786346,1,1,1,53.90580041994477,30,25.4064063091472,45,40.96863172426747,59.03136827573253,Factory
Clayey,Residential,6.786762817959072,1,0,14158.970208541208,777.5373994529004,3545.1309535000023,4,2,3,70.30330929551023,30,88.68872863673488,45,62.528340412612295,37.471659587387705,Individual House
Sandy,Industrial,37.740226260723,1,1,2770.5869334739436,744.5622119592813,4791.752815006964,3,2,1,46.56494343481925,25,37.099622898795005,10,31.822635926885486,68.17736407311452,Factory
Sandy,Residential,34.65565867700229,0,1,18818.05344894885,450.66806932503374,4904.037142450027,0,0,1,50.296001171247404,25,42.240568871662845,45,43.1637426278523,56.8362573721477,School
Sandy,Commercial,58.284807981779245,0,1,16707.039769757575,1357.010156297605,3190.5150456863116,3,2,2,41.42879800455519,25,2.858653363701251,45,30.214742642519628,69.78525735748038,Shopping Complex
Rocky,Agricultural,31.63172266412029,1,0,17292.609059187867,135.72943777432906,967.9923887743364,2,1,0,47.30815084299691,55,47.28046222646618,45,47.87796835166546,52.12203164833454,Individual House
Loamy,Residential,8.498079000778855,1,0,18226.707477688615,1304.7360133305472,596.0445570697837,3,2,0,31.796371391200957,15,85.83653499870191,45,46.08786373659581,53.91213626340419,Individual House
Sandy,Industrial,35.342838229355394,0,0,8763.494443741562,565.057803623884,4730.218221402127,0,1,3,47.164290442661155,25,41.09526961774102,85,51.78131905936666,48.21868094063334,Factory
Black Cotton,Residential,51.26028938388558,0,0,17087.31374365762,1320.9352739625335,2169.638447312537,1,1,3,65.1849276540286,40,14.566184360190704,85,53.70627076895768,46.29372923104232,Individual House
Rocky,Industrial,59.826710635479195,1,1,4003.1647055413373,1093.1421874985754,974.0801663134241,4,2,0,18.524925667398684,55,0.28881560753467284,10,17.305927885473206,82.69407211452679,Factory
Red Soil,Commercial,28.668874552898988,0,1,1411.1940975564778,156.25608999305746,4669.462578888006,1,2,1,73.4574159621918,20,52.218542411835024,45,53.014731189725886,46.985268810274114,Shopping Complex
Black Cotton,Residential,22.616430837320838,0,1,15912.936498613153,1247.3044297640304,522.6213578215594,3,1,1,42.79831944710097,40,62.30594860446527,45,47.805898957601656,52.194101042398344,Individual House
Black Cotton,Commercial,54.86593133235994,1,1,2421.1363119418465,1023.2652505492576,3647.8554842853755,2,1,0,64.28351716691002,40,8.556781112733418,10,33.138426286601856,66.86157371339814,Shopping Complex
Sandy,Agricultural,15.518317099186675,0,1,19781.96867919251,48.45286937302268,3126.315137716671,3,1,2,79.21324856282197,25,74.13613816802221,45,61.25867153899324,38.74132846100676,Individual House
Red Soil,Industrial,38.848590326810964,0,0,13821.132162429563,200.55402316450494,438.67332190445916,0,2,1,37.02807746651615,20,35.252349455315056,85,46.02291447710942,53.97708552289058,Factory
Red Soil,Industrial,27.314293329952125,0,0,15315.544494600004,953.4420837535428,1693.7439781972107,0,0,0,47.046306231456185,20,54.47617778341313,85,54.33525162686295,45.66474837313705,Factory
Rocky,Commercial,7.25953007255554,1,1,5670.2732692794525,993.9007543204274,749.6534477000532,2,2,2,27.17818643586218,55,87.90078321240743,10,42.23756105565362,57.76243894434638,Shopping Complex
Red Soil,Agricultural,24.100866086813376,0,1,13803.442484474075,1119.9771492563925,3022.4929626658063,1,0,1,53.97478347829666,20,59.83188985531104,45,48.09914668123159,51.90085331876841,Individual House
Loamy,Residential,19.587568737647103,1,1,1821.1788078441868,1080.3681011624728,2385.565158387144,0,0,3,57.103107815588224,15,67.3540521039215,10,41.57460076143626,58.42539923856374,Individual House
Sandy,Residential,42.73501346689178,0,1,16918.688678548417,989.2799320049324,21.375623302454795,0,2,1,5.743759099326152,25,28.77497755518037,45,24.204060073559248,75.79593992644075,School
Red Soil,Industrial,57.183477373055496,0,1,4222.857767599877,1149.3583526196337,4878.55283141954,2,0,1,45.704130656736126,20,4.6942043782408405,45,31.41999682441785,68.58000317558215,Factory
Rocky,Commercial,19.742595305825077,1,1,14249.803269841641,862.6285588385592,1747.9232494477021,1,1,0,44.022816162497776,55,67.09567449029154,10,42.93190427944711,57.06809572055289,Shopping Complex
Loamy,Commercial,49.630626653342496,1,1,5265.129523421839,391.1870782866824,1291.02196418525,3,2,1,41.94155792316844,15,17.282288911095847,10,23.750117500882915,76.24988249911709,Shopping Complex
Clayey,Residential,8.044789931612524,1,1,2300.6102190948122,1368.5649205960774,1112.2147789705134,4,0,1,52.23309809650714,30,86.59201678064579,10,46.92958852893895,53.07041147106105,Individual House
Clayey,Agricultural,34.59665555218972,1,0,10148.379892438492,27.321046397966896,794.0794808678392,2,1,2,67.59316294543135,30,42.338907413017125,45,49.99233388415525,50.00766611584475,Individual House
Loamy,Agricultural,8.880253504044202,0,1,4216.437995183,549.8425798072353,4995.685381082549,1,0,0,59.77993662398895,15,85.19957749325967,45,55.72287219171105,44.27712780828895,Individual House
Rocky,Residential,56.37181451218516,1,1,14859.435778204446,1093.305439645745,1475.5473394080243,4,0,2,29.417993160114193,55,6.04697581302473,10,22.55804155929615,77.44195844070384,Apartment
Loamy,Residential,47.14932043065646,1,0,5513.751024286213,640.7340617245114,2027.5674861214081,2,1,3,50.21266989233588,15,21.41779928223923,45,36.42888428287736,63.57111571712264,Individual House
Sandy,Commercial,41.187245116252576,1,0,7506.9785684807475,37.251611220021466,4356.779580890445,3,1,1,73.46809204773557,25,31.354591472912375,45,48.55248008493554,51.44751991506446,Shopping Complex
Sandy,Agricultural,50.31430098935653,0,1,11781.345774024985,98.97135467431978,3209.4375177143907,3,2,0,67.48314347220168,25,16.142831684405778,45,42.654808136372026,57.345191863627974,Individual House
Clayey,Residential,40.61358875635897,0,0,6414.39727396892,972.9560537074329,1843.4720587263625,1,0,3,58.7160439854375,30,32.31068540606839,85,54.37828674642022,45.62171325357978,Individual House
Red Soil,Residential,58.29194184458601,1,0,8181.774207989271,1447.2968991079495,4491.642179619265,1,2,0,45.4270145388535,20,2.846763592356652,45,30.861145986687887,69.13885401331211,Individual House
Rocky,Industrial,44.267687132562436,1,1,16496.813649767348,827.7954537517484,3748.621011068001,3,2,1,42.93307821685939,55,26.220521445729275,10,32.331707737333105,67.6682922626669,Factory
Clayey,Residential,55.85622352702357,1,0,4404.987141659489,760.1367270356536,1139.5025377084983,3,0,0,40.82599487241407,30,6.906294121627383,45,31.76567173575177,68.23432826424823,Individual House
Red Soil,Residential,33.44225406058509,1,1,2561.83020015674,477.4878195844009,3218.694972999602,2,0,0,52.990167309789676,20,44.26290989902485,10,35.1122860331826,64.8877139668174,Individual House
Red Soil,Agricultural,11.438542714002445,0,1,7238.797917527366,385.0360107990947,4611.992491462008,1,2,2,64.03820367355371,20,80.93576214332926,45,56.89731182157611,43.10268817842389,Individual House
Sandy,Commercial,34.04977467826594,1,1,9063.158573263685,31.477472634427073,2482.304392252063,4,1,0,75.5989079723679,25,43.25037553622343,10,43.52221167438462,56.47778832561538,Shopping Complex
Black Cotton,Agricultural,11.978005543470132,0,0,11310.526360594786,409.43230146070675,3668.062014158336,3,2,0,80.43956052649006,40,80.03665742754978,85,75.41301054115897,24.586989458841032,Individual House
Black Cotton,Commercial,37.587141354702275,1,0,8076.050227325134,673.6656612978786,4855.518719945796,4,0,2,68.60321466132443,40,37.354764408829546,45,50.599816233670936,49.400183766329064,Hospital/Clinic
Loamy,Industrial,31.53711832902146,1,1,16008.322304233297,296.92467457342525,3452.0707044760647,1,1,1,66.30023994333912,15,47.43813611829757,10,39.814618009743086,60.185381990256914,Factory
Sandy,Residential,39.241646880802996,0,1,1747.070265700992,131.02198272214383,512.1934488304031,1,2,3,38.57213829307869,25,34.59725519866167,45,37.14956220224296,62.85043779775704,Individual House
Red Soil,Industrial,5.552583958015738,1,0,9203.583225772602,1076.591800881904,1222.7977546564466,0,0,2,43.067809103625,20,90.7456934033071,45,52.010156537095526,47.989843462904474,Factory
Rocky,Commercial,15.716227041045025,1,1,8262.862378471687,1341.9304036021008,2975.4821867132446,3,1,1,50.070943239738746,55,73.80628826492496,10,46.7264022001398,53.2735977998602,Shopping Complex
Black Cotton,Agricultural,32.0231737551672,1,0,13303.991325330322,1405.1581045306284,1377.7790768595305,1,1,1,57.549788098398814,40,46.628043741388005,45,49.04943676978659,50.95056323021341,Individual House
Red Soil,Agricultural,57.277695887402416,1,0,19359.248786050524,926.998092745484,4787.708526945699,1,1,3,45.680576028149396,20,4.537173520995978,45,31.37249499010128,68.62750500989873,Individual House
Black Cotton,Industrial,26.098497219533712,0,0,10697.13272594838,79.1618738989227,2026.760170110869,3,0,1,96.72566326118121,40,56.50250463411048,85,75.22960829994103,24.770391700058966,Factory
Black Cotton,Commercial,28.34046143294991,1,0,19750.66009189269,1111.2939449426601,2286.152028661825,0,2,2,70.91488464176253,40,52.76589761175015,45,55.26168402755442,44.73831597244558,Shopping Complex
Black Cotton,Industrial,44.30828489536422,1,0,6742.738503350752,165.14295789282957,3508.010467350586,0,0,1,87.01435130258916,40,26.152858507726307,45,54.24323758283778,45.75676241716222,Factory
Rocky,Industrial,38.20860165073649,0,0,1586.4945183067593,1004.6221765317359,2621.2486567093706,0,0,3,44.44784958731588,55,36.31899724877251,85,54.13649666775368,45.86350333224632,Factory
Sandy,Residential,21.440938255408327,1,1,4147.600182051842,1169.0487536218136,1910.7298344438418,0,1,3,48.85436212502475,25,64.26510290765279,10,39.41530247067186,60.58469752932814,Apartment
Rocky,Industrial,27.59490175620853,0,1,8507.372810716779,1088.797066239709,383.1893757728938,2,2,2,14.765062076405744,55,54.00849707298578,45,38.16989599498845,61.83010400501155,Factory
Clayey,Residential,16.973488937147785,1,0,7010.344274582491,1427.8257086416959,2982.2279475393193,3,1,2,67.75662776571305,30,71.71085177142035,45,57.392532660854656,42.607467339145344,Individual House
Red Soil,Residential,58.13118025216147,1,0,2844.0284886841755,1107.2194267010846,4337.900153970173,3,0,1,45.46720493695963,20,3.114699579730882,45,30.942196622868593,69.0578033771314,Individual House
Sandy,Agricultural,12.184890985654786,1,1,9220.542046123619,1039.8146669727128,3428.812208800281,3,1,3,52.9537772535863,25,79.69184835724202,10,44.706784128065706,55.293215871934294,Individual House
Sandy,Residential,25.45102315115307,0,1,7424.199661531692,392.6147582746536,1907.4750502347608,0,0,3,54.22985972042773,25,57.58162808141155,45,48.37585792250259,51.62414207749741,School
Sandy,Residential,6.421143472100615,0,1,3329.7651886913304,1387.1530296538526,638.630323115647,0,0,1,27.167320594287787,25,89.29809421316564,45,46.83308576129214,53.16691423870786,Individual House
Sandy,Agricultural,17.19787205634505,1,1,6626.225481626269,269.3158061912503,4081.6909345212193,1,0,3,65.54158361443872,25,71.33687990609158,10,47.02377424157645,52.97622575842355,Individual House
Rocky,Industrial,47.92591261090852,0,1,17842.28505175242,1357.3449172096896,4708.741811156024,2,1,2,42.01852184727287,55,20.123478981819133,45,39.23735239200029,60.76264760799971,Factory
Sandy,Commercial,16.06463777588837,1,1,6738.928444297463,468.9938150188656,1941.3649539813239,3,2,2,52.67151073452245,25,73.22560370685272,10,42.99142968379604,57.00857031620396,Shopping Complex
Loamy,Commercial,9.403487139093109,0,1,14565.153041598982,195.24539081650312,3643.2109459203075,2,1,1,77.93440476623654,15,84.32752143484481,45,61.85892202689399,38.14107797310601,Shopping Complex
Red Soil,Commercial,31.09492489144878,1,1,12628.894513497356,1240.024540906756,2053.8171994537784,3,0,1,52.226268777137804,20,48.1751251809187,10,35.822975367227905,64.17702463277209,Hospital/Clinic
Sandy,Industrial,5.548307910398517,0,0,9116.442085759063,3.7431804012437175,2511.334694260997,0,1,1,84.38833219832574,25,90.7528201493358,85,77.22412130674796,22.77587869325204,Factory
Red Soil,Residential,9.662138493448325,1,1,5541.487099269714,1248.132476521246,4182.381903082049,0,0,2,57.58446537663792,20,83.89643584425279,10,46.62867184288647,53.37132815711353,Individual House
Loamy,Commercial,49.41942282596363,0,0,8011.279287572964,393.46776306896385,417.1217110557679,3,2,2,24.379512730486617,15,17.63429529006062,85,36.44140327818547,63.55859672181453,Shopping Complex
Loamy,Industrial,47.43103396727835,0,1,12250.037055949813,1327.081909133432,2651.6767439335254,4,2,3,50.14224150818041,15,20.948276721202745,45,36.28685370816383,63.71314629183617,Factory
Red Soil,Residential,55.33263512226928,0,1,7664.311080237744,1037.2187733623687,1073.1013733561124,0,0,2,27.628868686554927,20,7.778941462884532,45,25.864839406015356,74.13516059398464,School
Black Cotton,Agricultural,51.998348975091226,0,1,5083.032237910405,999.2749992758851,1699.0297274788118,1,2,1,58.98100730580343,40,13.336085041514622,45,41.227373817409855,58.772626182590145,Individual House
Clayey,Commercial,42.574655978189995,1,1,3212.79222894101,547.979344747265,3222.144123211371,0,0,0,61.356336005452505,30,29.04224003635001,10,35.73527761099588,64.26472238900412,Shopping Complex
Black Cotton,Residential,7.878307151536456,1,1,17715.57182028174,89.10446083615648,136.1420616842418,1,1,0,63.406996795631336,40,86.86948808077257,10,52.40982089866411,47.59017910133589,Individual House
Black Cotton,Commercial,48.056673989266166,0,0,9365.946539286208,1245.109647308366,2969.1254948658134,2,1,0,65.98583150268345,40,19.90554335122306,85,55.321426863744975,44.678573136255025,Shopping Complex
Rocky,Commercial,51.503094596230824,1,1,12878.958113115672,256.35569276479197,1417.2111972687485,0,2,0,44.08710873042975,55,14.16150900628196,10,29.7208653072209,70.2791346927791,Shopping Complex
Black Cotton,Commercial,48.94951801745749,0,0,10317.7968615993,558.3879628421283,3347.4218040403607,0,2,0,65.76262049563563,40,18.41746997090418,85,54.87128466619851,45.12871533380149,Shopping Complex
Sandy,Residential,32.96634694194144,1,0,17578.763848801304,900.5320282636227,707.906759565271,2,0,2,21.91654845582006,25,45.05608843009761,45,33.934814067061424,66.06518593293858,Individual House
Rocky,Industrial,17.809601125721493,0,1,11391.762196516005,723.3806078409325,3679.0580190808932,1,2,1,49.54759971856963,55,70.31733145713085,45,54.42099276578208,45.57900723421792,Factory
Rocky,Residential,51.49314866287997,1,0,10134.846941033153,297.9909527569771,3228.198598814891,4,2,1,53.24725566886138,55,14.178085561866709,45,41.68106087456816,58.31893912543184,Individual House
Loamy,Commercial,44.993954535707616,1,1,18567.41881801254,210.92453532342586,4856.2091644017555,1,2,3,68.09603924666754,15,25.010075773820645,10,34.836132679788804,65.1638673202112,Shopping Complex
Black Cotton,Residential,58.94186459138684,0,1,14674.102324861737,184.8694083754359,4556.17681629074,3,0,1,82.17236934962713,40,1.7635590143552662,45,46.45121902595831,53.54878097404169,Individual House
Loamy,Agricultural,13.56309287657631,0,1,3119.448239590289,1294.5118222488013,1416.5143159985116,3,1,3,46.939513100826154,15,77.39484520570615,45,49.27754088671569,50.72245911328431,Individual House
Red Soil,Industrial,17.411552067863028,0,0,4376.384762739467,47.33932359200044,136.58286362718485,3,0,1,45.538409840057916,20,70.98074655356162,85,57.93363008241067,42.06636991758933,Factory
Clayey,Residential,16.64889824348265,0,1,15955.334395849395,1465.5213893998414,3276.8428055587888,2,0,3,67.83777543912933,30,72.25183626086225,45,57.556180468910824,42.443819531089176,Individual House
Rocky,Agricultural,48.58968721917352,0,0,16881.175102419133,297.79303557812113,3014.4369450233626,1,2,3,53.98499606051935,55,19.01718796804414,85,53.14904561319281,46.85095438680719,Individual House
Red Soil,Industrial,15.2799013047565,1,1,11358.625752715634,165.48344531861719,137.14384383223032,0,1,1,38.99389483133845,20,74.53349782540583,10,37.78123764731991,62.21876235268009,Factory
Red Soil,Agricultural,8.666290640281835,0,1,11534.649329466145,865.4574821651927,613.3876460129634,3,0,0,30.101180260188812,20,85.55618226619694,45,46.17445865761532,53.82554134238468,Individual House
Sandy,Industrial,59.92084436220957,1,0,13006.726294177446,119.97893691104494,2923.508522679928,1,2,1,63.82105269478492,25,0.13192606298404996,45,37.370349958920734,62.629650041079266,Factory
Clayey,Residential,6.364946629483203,0,0,9343.19971137015,903.6798947453924,4559.13632021746,0,0,1,70.4087633426292,30,89.39175561752799,85,72.74100607430222,27.25899392569778,Individual House
Red Soil,Agricultural,50.93842330873761,1,0,13923.783346194175,1275.9399672204197,4532.501382567035,1,2,0,47.2653941728156,20,15.102627818770642,45,34.56854491517812,65.43145508482188,Individual House
Red Soil,Commercial,25.095176285285905,1,0,3061.143893761898,71.84703220113725,757.4252730603743,2,1,1,54.56388945781777,20,58.174706191190154,45,47.891037858033755,52.108962141966245,Shopping Complex
Clayey,Agricultural,51.28885028667984,0,0,19264.30560498034,1199.8029067928162,1922.8697320262477,3,1,3,57.635182068854995,30,14.518582855533595,85,49.551959437982646,50.448040562017354,Individual House
Clayey,Industrial,35.50412701661297,0,0,15252.941652103513,591.716161473178,216.0143217608701,4,2,0,27.44425468106416,30,40.82645497231172,85,45.562102881450386,54.437897118549614,Factory
Red Soil,Residential,54.589717621749806,1,1,12992.309876171132,239.23595074681498,2346.359231814645,3,0,0,61.99841354975365,20,9.01713729708365,10,29.453729066684687,70.54627093331531,Individual House
Clayey,Industrial,55.940614252804465,1,0,7010.119083180133,264.1447204011886,3765.4172983660283,3,0,2,72.16616321272755,30,6.765642911992558,45,42.69956785245278,57.30043214754722,Factory
Red Soil,Agricultural,5.50039997044268,0,1,4058.1542616778543,1378.1468155413393,3949.863556828057,2,1,3,58.62490000738933,20,90.83266671592887,45,57.47688168156848,42.52311831843152,Individual House
Red Soil,Agricultural,9.147669679603354,1,1,8777.516312749947,165.9086279109967,2494.9473329828647,0,0,3,77.75856490543936,20,84.75388386732774,10,53.90396868373571,46.09603131626429,Individual House
Sandy,Commercial,18.76973012639705,1,1,13569.95807090711,1300.1741806734856,479.3483735410919,3,2,1,20.894534939222577,25,68.71711645600492,10,30.74236634272913,69.25763365727087,Shopping Complex
Black Cotton,Residential,41.812347899992595,1,1,13040.485125039108,816.3669314754219,1906.819875907832,0,2,1,65.6833105431585,40,30.31275350001235,10,39.067347065108564,60.932652934891436,School
Red Soil,Residential,53.85497080813283,1,1,8270.181946245859,58.58426822465862,4660.509799871822,0,2,3,73.02120120448728,20,10.241715319778606,10,33.617849251515196,66.3821507484848,School
Loamy,Agricultural,30.29680732116795,1,0,12652.441482829465,696.7142185760075,1148.0627825985734,2,1,3,37.38705382167948,15,49.50532113138675,45,38.961799120434506,61.038200879565494,Individual House
Rocky,Residential,38.3835213950846,1,1,16461.217615783404,1226.174271714451,1598.7722495636326,3,1,3,36.37956464250151,55,36.02746434152567,10,32.48971371025694,67.51028628974305,Apartment
Black Cotton,Commercial,15.367491903755862,0,1,1499.4106744145342,1089.3041814586506,3734.1358773153543,2,1,1,74.15812702406103,40,74.38751349374023,45,61.80222283185641,38.19777716814359,Shopping Complex
Black Cotton,Industrial,49.273175863492696,0,1,9561.799910675238,733.1736265270767,3667.903944429691,2,2,3,65.68170603412682,40,17.878040227512173,45,44.70810716882243,55.29189283117757,Factory
Black Cotton,Residential,58.20304612444084,0,0,15412.549340869029,1290.0748195443255,4561.011440124662,4,1,3,63.44923846888979,40,2.9949231259319333,85,50.20596424559441,49.79403575440559,Individual House
Sandy,Agricultural,19.772941310302862,0,0,11376.744938804168,180.54714267034456,1940.5934536018772,2,2,0,69.03580518424116,25,67.0450978161619,85,65.92380626852488,34.076193731475115,Individual House
Red Soil,Industrial,32.21542733803005,1,0,13378.04567065233,1364.9115800885534,2572.9936193714557,4,0,3,51.94614316549249,20,46.30762110328326,45,44.008055383743184,55.991944616256816,Factory
Sandy,Industrial,9.73638607785056,0,0,10816.851459501499,1269.6618127250233,2336.962306102388,0,1,2,53.56590348053736,25,83.77268987024907,85,64.69123868575033,35.308761314249665,Factory
Red Soil,Commercial,35.75251610546326,1,1,19845.616348963908,1062.4152384858542,4638.760855112266,0,0,1,51.061870973634186,20,40.41247315756124,10,33.474773130162276,66.52522686983772,Hospital/Clinic
Sandy,Agricultural,32.653089301567434,1,0,2037.8091932917262,1226.831613193124,3846.6529441231737,1,0,0,47.83672767460814,25,45.57818449738761,45,43.13740081045975,56.86259918954025,Individual House
Sandy,Residential,12.944006628529268,0,1,10329.851613675168,815.723260263999,4157.208899169242,1,1,3,52.76399834286768,25,78.4266556191179,45,53.07406332478316,46.92593667521684,Individual House
Rocky,Agricultural,29.313641721494125,0,0,2736.914433175836,1012.7436436465003,665.4913441470545,0,1,3,19.981416452567558,55,51.14393046417646,85,49.27947837444276,50.72052162555724,Individual House
Loamy,Industrial,23.37575586476098,1,0,4035.925680157838,840.8971060616683,3959.2334643407994,3,0,0,56.156061033809756,15,61.040406892065036,45,48.41472308484967,51.58527691515033,Factory
Sandy,Agricultural,33.70069814178541,0,0,8277.728657946975,533.1427957619239,2164.893830287485,1,0,0,47.57482546455365,25,43.832169763690985,85,52.60923135351652,47.39076864648348,Individual House
Rocky,Residential,37.210988448583954,0,0,3955.261738509259,853.2911960417664,116.69341415323554,2,0,0,7.031121170918722,55,37.981685919026745,85,41.45631388957824,58.54368611042176,Individual House
Clayey,Residential,5.467256823396523,1,1,19310.05615317637,386.1979987978886,300.44176371642305,1,2,2,43.47014114060601,30,90.88790529433913,10,44.93652572279689,55.06347427720311,Apartment
Loamy,Commercial,46.85532906222554,1,0,18989.00575777802,660.4187562611779,3389.5396986742226,0,0,2,50.286167734443616,15,21.907784896290764,45,36.577104931127955,63.422895068872045,Hospital/Clinic
Sandy,Residential,44.21578605239574,1,1,7386.083278191472,421.1631108903648,1860.0622057298494,3,2,0,46.877510948076164,25,26.307023246007105,10,29.233884643328434,70.76611535667156,Apartment
Black Cotton,Residential,25.14575124135872,1,1,13155.206528715911,184.33168419208351,4340.577866117402,0,1,3,90.65366113813532,40,58.09041459773547,10,54.75138504778123,45.24861495221877,School
Clayey,Agricultural,7.911476456285005,1,1,11141.313091281936,482.79278458485925,3671.3656693793323,3,0,1,71.0545638108372,30,86.81420590619166,10,53.57264881034094,46.42735118965906,Individual House
Clayey,Agricultural,46.521289688177774,1,1,16496.152629799602,1277.9808272771559,108.40005833480882,1,1,2,22.537678744651732,30,22.464517186370387,10,20.5043168572207,79.4956831427793,Individual House
Rocky,Industrial,57.53463382629729,0,1,12921.466586521901,571.6211559634586,3434.44155918001,2,0,1,39.616341543425676,55,4.108943622837856,45,34.39295544590845,65.60704455409154,Factory
Clayey,Commercial,18.20833778121078,0,1,1004.79663532068,1122.0054734533037,961.7623636617811,2,1,1,46.683162827932925,30,69.6527703646487,45,49.5022995809387,50.4977004190613,Shopping Complex
Loamy,Agricultural,22.793853755537086,0,1,15500.313326585037,262.79678135724185,2112.9128435195603,0,0,2,70.53372967968122,15,62.01024374077153,45,53.6893663230813,46.3106336769187,Individual House
Sandy,Residential,15.109708921499823,1,0,15190.114304626244,636.6287387514624,3123.6760106148135,3,2,1,52.222572769625046,25,74.81715179750029,45,51.98218841874383,48.01781158125617,Individual House
Sandy,Industrial,36.73148678396618,1,1,10684.73140576314,172.28410400276485,4363.589206478464,1,1,3,66.48008206384256,25,38.780855360056364,10,39.213242562358985,60.786757437641015,Factory
Black Cotton,Agricultural,13.516276705610021,0,0,18155.46049142802,207.93159505123455,2280.4894419596963,3,1,2,92.14503512052342,40,77.47287215731663,85,78.86898033151235,21.131019668487653,Individual House
Rocky,Commercial,24.59066689037587,0,0,18260.47790811763,926.1545698351038,4042.4522709556722,3,0,2,47.85233327740603,55,59.01555518270688,85,61.00220544276883,38.99779455723117,Shopping Complex
Black Cotton,Commercial,43.33571576638446,0,1,10954.321857383547,911.2227261735167,3914.828314003164,3,2,1,67.16607105840389,40,27.773807056025902,45,47.70157663444783,52.29842336555217,Shopping Complex
Clayey,Industrial,35.806379065514164,1,1,12551.776392734215,320.0578610322933,2072.6925642562915,1,2,1,73.84493357168387,30,40.32270155747639,10,42.926402139458446,57.073597860541554,Factory
Black Cotton,Industrial,26.255441038036437,0,0,19933.919366568774,711.634791433198,2504.900817164514,3,2,0,71.43613974049089,40,56.24093160327261,85,66.31288180998996,33.68711819001004,Factory
Loamy,Industrial,28.113728099414804,0,0,6677.584461416933,1294.959250466922,3502.4250502490654,2,0,2,54.9715679751463,15,53.143786500975324,85,56.02599541654503,43.97400458345497,Factory
Sandy,Industrial,35.916098544277624,0,1,7167.72760391807,261.3022630147243,155.74217323469864,0,1,1,24.457683047741106,25,40.13983575953729,45,33.59514800659371,66.40485199340628,Factory
Clayey,Industrial,5.322560033793872,1,1,4472.704150606431,28.81579961027225,4454.05706899623,4,0,3,98.94041201493519,30,91.12906661034354,10,64.4114108578132,35.588589142186805,Factory
Black Cotton,Residential,9.318042764948542,0,0,18021.47184399949,977.9927109953585,3849.0807971884674,3,2,2,75.67048930876287,40,84.46992872508577,85,74.85215343933845,25.14784656066155,Individual House
Rocky,Residential,53.46919372696564,0,0,15145.279409036058,80.24731213302749,1247.079407011652,2,2,0,50.75945098050998,55,10.884677121723925,85,49.98697712360948,50.01302287639052,Individual House
Loamy,Agricultural,9.283344400020992,1,1,3007.214128534596,1469.910357858669,4905.899765944878,2,1,3,59.67916389999475,15,84.52775933329835,10,46.769647198322744,53.230352801677256,Individual House
Loamy,Commercial,43.874197791577785,1,0,19653.57967276135,914.4304256983215,896.9517629480939,0,0,0,28.97048581106743,15,26.87633701403702,45,30.358754287382855,69.64124571261715,Hospital/Clinic
Black Cotton,Residential,55.602099025997894,1,0,14888.272455061206,705.5945292659585,4570.433368522009,0,0,0,64.09947524350052,40,7.329834956670183,45,41.51727507439273,58.48272492560727,School
Sandy,Residential,19.88759823659521,1,1,17159.920082494515,644.9888100364601,1622.3672916155558,4,2,3,43.47544627316231,25,66.85400293900798,10,38.179906930358804,61.820093069641196,Apartment
Black Cotton,Residential,25.377029038273285,1,0,1914.8649942908175,859.6059877753971,3815.7335508206793,4,1,0,71.65574274043168,40,57.704951602877856,45,56.75574785987055,43.24425214012945,Individual House
Clayey,Agricultural,36.2906773214594,0,1,10594.257459901186,135.93665508032237,2281.8829662397256,4,1,0,84.77113136481582,30,39.51553779756767,45,55.29878042707745,44.70121957292255,Individual House
Black Cotton,Industrial,53.49399333012216,0,1,14273.367447813745,1395.0285882292437,3682.336937250011,1,2,0,64.62650166746946,40,10.843344449796405,45,42.58011169606341,57.41988830393659,Factory
Loamy,Agricultural,56.80480729932311,1,1,11315.985106864984,938.4631028278167,778.9152396968313,1,0,0,23.37710296910585,15,5.325321167794812,10,14.26331633113575,85.73668366886425,Individual House
Black Cotton,Commercial,45.675978646119745,1,0,13666.301848286272,275.9677464163632,1347.532291932414,2,0,0,66.97358639213654,40,23.873368923133754,45,46.65909746803123,53.34090253196877,Hospital/Clinic
Sandy,Commercial,9.764086847008173,1,1,16539.60720821898,843.8715806469943,499.28912236012815,0,1,2,23.54476073545052,25,83.72652192165305,10,35.42229673782094,64.57770326217906,Shopping Complex
Rocky,Commercial,41.80347855441679,1,0,8112.404196243728,199.88475874951743,4325.719907189015,3,1,1,61.55604483642475,55,30.327535742638673,45,48.62649962840833,51.37350037159167,Shopping Complex
Red Soil,Commercial,27.566704702996415,0,1,17124.704836755485,26.329076337468173,1481.4649388474966,0,2,2,71.15787802095275,20,54.05549216167264,45,52.66913034775162,47.33086965224838,Shopping Complex
Black Cotton,Residential,30.888554972008386,0,1,4095.405990540524,945.775477820997,3472.381147083317,1,1,2,70.27786125699791,40,48.519075046652695,45,53.97702020161244,46.02297979838756,Individual House
Sandy,Residential,7.703161468984737,1,0,6146.8350455011205,972.7250128051917,4101.105988707641,2,0,1,54.07420963275381,25,87.1613975516921,45,55.716322759386856,44.283677240613144,Individual House
Sandy,Agricultural,15.5084176640497,1,0,1823.5667786191898,875.5448742051233,4507.09118189673,3,0,1,52.12289558398757,25,74.15263722658383,45,51.7811727610416,48.2188272389584,Individual House
Rocky,Industrial,48.478248414350624,1,0,7924.109415369771,275.2248065400346,531.4855765585891,4,1,3,25.99666103518205,55,19.20291930941562,45,33.39956118966762,66.60043881033238,Factory
Loamy,Commercial,29.96773581763229,1,1,8218.281351658286,905.1447877421506,4465.074667563063,4,2,0,54.50806604559193,15,50.05377363727952,10,36.34126652527705,63.65873347472295,Shopping Complex
Sandy,Agricultural,21.591423289713187,0,0,16300.141346937768,84.76641138677971,986.2638886535974,1,0,1,55.241437267436865,25,64.01429451714469,85,60.33807667288907,39.66192332711093,Individual House
Sandy,Residential,26.121049068072697,1,1,13409.482735503463,913.8575333578834,3684.510057954808,2,0,3,49.46973773298183,25,56.46491821987884,10,37.68063776151335,62.31936223848665,Apartment
Sandy,Residential,51.991973232912414,1,0,9297.728604957665,831.0255286614282,3644.245096823056,0,2,3,43.002006691771896,25,13.346711278479304,45,33.38738016173999,66.61261983826,School
Sandy,Industrial,46.19494595727263,0,1,13390.165593851216,982.8822462586493,42.51570870477117,1,1,2,5.301577684777266,25,23.008423404545624,45,22.60765804080845,77.39234195919155,Factory
Clayey,Industrial,19.977346844959552,1,1,2002.8836597981322,1343.2134086285907,1103.1195415512711,0,0,3,49.068054119785536,30,66.70442192506741,10,40.84992442319179,59.15007557680821,Factory
Clayey,Industrial,11.462601211680532,0,1,4425.159184349146,1275.537157859305,2459.5425733243364,3,0,0,69.13434969707987,30,80.89566464719911,45,60.17093855577773,39.82906144422227,Factory
Loamy,Agricultural,18.859902190423945,1,1,12912.009249593346,1470.9812873438082,2100.1735333164106,0,2,2,57.28502445239401,15,68.56682968262676,10,41.94146597899459,58.05853402100541,Individual House
Black Cotton,Residential,55.64160480801036,1,0,13185.969565280742,1464.3615494048627,4592.867399423048,3,1,1,64.08959879799741,40,7.263991986649415,45,41.497357575961445,58.502642424038555,Individual House
Sandy,Residential,36.987386081736545,0,0,15708.558515441116,1158.479540060629,1798.7043475126159,2,2,2,42.72724042981818,25,38.35435653043909,85,49.543123283046135,50.456876716953865,Individual House
Rocky,Industrial,34.34141148096306,1,1,8656.99542201844,1434.629433266592,4684.918574179812,1,2,2,45.41464712975923,55,42.764314198394906,10,37.33620504501445,62.66379495498555,Factory
Black Cotton,Commercial,37.80164798308538,0,1,14728.527835706967,1300.925828833668,2297.1465919626553,0,1,0,68.54958800422865,40,36.997253361524365,45,50.49166914186112,49.50833085813888,Shopping Complex
Rocky,Industrial,25.131554616058338,0,0,13995.626318643599,1091.3736748424594,4821.764483200829,2,0,0,47.717111345985415,55,58.114075639902765,85,60.72950788107059,39.27049211892941,Factory
Black Cotton,Agricultural,49.3908861175732,0,0,19304.474189027133,113.0763819656328,3686.7740501243056,2,2,2,88.86769555266874,40,17.681856470711338,85,62.77415756111189,37.22584243888811,Individual House
Loamy,Industrial,33.780743711513736,1,0,5087.474302068904,73.57483240483165,4146.67295816078,0,0,1,79.14032412783166,15,43.69876048081044,45,52.12380356494369,47.87619643505631,Factory
Sandy,Industrial,11.421134652283754,1,0,11481.91171130015,1256.3993512586553,524.384441745005,4,0,0,23.63240517182916,25,80.96477557952707,45,43.512535705021975,56.487464294978025,Factory
Sandy,Agricultural,12.098581865598462,0,0,12433.524400098917,734.4837868075474,2930.7071662118387,4,0,2,52.97535453360038,25,79.83569689066923,85,63.500298309427436,36.499701690572564,Individual House
Red Soil,Industrial,34.52725305764401,1,0,19974.309813750195,1221.9100265623813,713.501799146754,3,0,0,25.638222718524077,20,42.45457823725999,45,33.83702251079842,66.16297748920158,Factory
Rocky,Residential,56.51136199389615,1,1,4822.4987011663825,469.3774059828291,1488.1050102548704,2,2,0,31.471615347653632,55,5.814396676839749,10,23.21866454088871,76.78133545911129,Apartment
Black Cotton,Commercial,21.95936669219093,1,0,10941.142379378553,596.4747874845192,3117.8270308363403,1,1,3,72.51015832695226,40,63.40105551301512,45,58.47881929268707,41.52118070731293,Shopping Complex
Black Cotton,Industrial,52.824764287257004,0,0,7577.520846559139,1050.2800815178978,3631.128523469454,1,0,1,64.79380892818575,40,11.958726187904986,85,52.91751467184126,47.08248532815874,Factory
Clayey,Agricultural,47.02525726183836,0,1,10991.966403000997,1372.9901053981398,195.91891005625416,2,0,2,24.162063885665493,30,21.624571230269396,45,29.61286516755027,70.38713483244973,Individual House
Red Soil,Commercial,18.629684359879874,1,0,5410.443439959013,131.6422117183289,2654.7186553618235,4,0,2,77.4440462069303,20,68.95052606686687,45,58.593047689142324,41.406952310857676,Shopping Complex
Clayey,Agricultural,6.998741157393335,0,0,1904.6351901222743,1292.2172169519094,2826.569931449432,2,1,3,70.25031471065166,30,88.33543140434445,85,72.4214679998142,27.578532000185803,Individual House
Clayey,Commercial,10.60159958283105,1,0,11878.74362405609,1189.519087319048,394.13998555100585,3,0,2,37.232399815312355,30,82.33066736194826,45,49.36400677584639,50.63599322415361,Shopping Complex
Clayey,Commercial,45.06716636160921,1,1,7381.232001355811,473.308906094782,2503.440171003818,2,1,2,62.33467404391078,30,24.88805606398465,10,35.03914993136493,64.96085006863507,Shopping Complex
Rocky,Industrial,15.981835592235567,1,0,4456.88663322024,532.8249211973393,3569.2114002491326,0,2,3,50.00454110194111,55,73.36360734627405,45,55.3424912222479,44.6575087777521,Factory
Rocky,Residential,25.419900627796657,0,1,7154.775755482641,69.69221583286445,266.13642437765486,4,1,3,38.78622038063206,55,57.63349895367224,45,47.48355187163928,52.51644812836072,Individual House
Loamy,Industrial,32.593454130353365,0,0,1936.3238275071535,23.610916675076975,3801.3388816198103,0,0,2,82.43498146690703,15,45.67757644941106,85,63.771637625770225,36.228362374229775,Factory
Loamy,Agricultural,44.90074926475896,1,1,19058.402447711964,715.5091895365937,2882.132524520684,0,2,3,50.77481268381026,15,25.165417892068405,10,28.812538912350693,71.18746108764931,Individual House
Clayey,Agricultural,11.227717279251895,0,0,12041.810384491948,143.3094682459658,4166.136041358955,2,1,0,90.59450258542907,30,81.28713786791351,85,77.77986037187856,22.220139628121444,Individual House
Red Soil,Commercial,27.350152290260382,1,0,16480.60494559347,291.00272162281954,1090.3128642703498,2,0,0,47.50855591547273,20,54.41641284956603,45,44.48209778280696,55.51790221719304,Shopping Complex
Black Cotton,Commercial,31.679010002848248,0,0,9039.245753406878,1270.1507992899953,4166.368421065592,1,2,0,70.08024749928794,40,47.20164999525293,85,63.57849912356401,36.42150087643599,Shopping Complex
Rocky,Residential,34.745488518434684,0,1,18162.97868375753,856.5425868756787,472.8048763373399,0,2,0,14.769725397138128,55,42.09085246927553,45,35.192117006317226,64.80788299368277,School
Red Soil,Industrial,50.009835276736915,0,0,10183.046209492813,950.4486558991701,2019.148482223357,2,1,3,47.49754118081577,20,16.650274538771797,85,45.036708047978465,54.963291952021535,Factory
Sandy,Agricultural,14.44230072737693,1,0,11904.96112181272,281.21899624788006,997.4239576232425,1,0,1,45.46476419574781,25,75.92949878770511,45,49.895042165438014,50.104957834561986,Individual House
Rocky,Commercial,49.430729850464225,1,1,10344.08562119048,1242.9927066816292,4380.104161454371,0,1,1,41.642317537383946,55,17.6154502492263,10,29.728673700390956,70.27132629960904,Shopping Complex
Rocky,Residential,43.10831352331587,1,1,14932.28762148538,1301.9696586596212,3524.599081508869,1,2,2,43.22292161917103,55,28.152810794473552,10,32.91622526532825,67.08377473467175,Apartment
Loamy,Agricultural,35.57289478094276,0,1,11766.465474439185,784.991390569565,126.80888580364092,4,2,1,15.642954020837127,15,40.71184203176207,45,29.15299441523351,70.84700558476649,Individual House
Black Cotton,Commercial,43.47403287214146,1,0,6160.379548027557,1368.8366578179898,47.616778069780594,3,0,0,28.083827343360248,40,27.543278546430912,45,33.96515920678382,66.03484079321618,Hospital/Clinic
Black Cotton,Agricultural,27.6609756423411,1,1,3765.2510951302797,1267.2429374318724,1456.2462724083487,0,2,3,60.2096815375817,40,53.8983739294315,10,43.04798202051147,56.95201797948853,Individual House
Sandy,Residential,12.611867228246851,1,0,12516.363388776577,1096.986265011657,716.4155714028269,2,0,0,27.175344620994824,25,78.98022128625524,45,44.256425938912,55.743574061088,Individual House
Sandy,Residential,41.6170882145952,1,1,10294.41926939369,1101.113873540443,3151.5223878009792,4,1,0,45.595727946351204,25,30.638186309007992,10,29.86805135847492,70.13194864152509,Apartment
Rocky,Agricultural,33.85697686770922,0,1,2823.5382372261456,158.09021092629493,3318.984669412799,1,2,3,66.05034312749498,55,43.57170522048464,45,53.5105463997444,46.4894536002556,Individual House
Clayey,Industrial,40.165614029852655,0,0,8516.7318500721,406.2540565434987,4709.754518306838,3,2,0,67.58335309992692,30,33.05730995024557,85,57.66850107253582,42.33149892746418,Factory
Loamy,Agricultural,23.58993295656695,1,0,10780.752018008618,100.27082972651408,4760.199622729204,0,0,0,80.08626697726743,15,60.683445072388416,45,56.7010547101407,43.2989452898593,Individual House
Loamy,Commercial,54.87766175369097,0,0,16710.971442686212,13.021813839462993,3294.483527056728,3,0,3,77.49927573120948,15,8.53723041051505,85,52.75905410855208,47.24094589144792,Hospital/Clinic
Rocky,Industrial,37.30534277165673,0,0,2445.9200608338847,237.4642970758652,28.375564263543595,4,1,3,20.993317767804776,55,37.82442871390545,85,46.30376839720803,53.69623160279197,Factory
Red Soil,Commercial,9.69713663599806,0,1,7621.411616674056,1320.7307739704102,1794.9895828480717,3,0,2,53.47550749796192,20,83.8381056066699,45,53.92595402595414,46.07404597404586,Shopping Complex
Clayey,Agricultural,29.739219488743576,0,1,16630.466331497322,359.8110885540773,2565.707566236331,0,2,2,72.97652981456947,30,50.43463418542737,45,53.90044398145616,46.09955601854384,Individual House
Rocky,Industrial,46.599583010899885,0,1,13320.054703659996,1455.2309438875825,2495.8987825423296,4,1,0,42.35010424727503,55,22.334028315166847,45,39.90604356533797,60.09395643466203,Factory
Clayey,Commercial,48.67740089527498,1,0,6509.208114271949,895.9364993418092,3016.7031475111335,1,1,2,59.830649776181254,30,18.870998507875044,45,41.4084770486322,58.5915229513678,Shopping Complex
Clayey,Agricultural,32.202837902006735,0,0,17061.367318430206,355.88773145203555,4802.757414023802,0,1,1,72.59602663737618,30,46.32860349665544,85,62.74076019724552,37.25923980275448,Individual House
Clayey,Agricultural,54.21111639572156,1,1,10372.578030691155,745.6962052263192,4425.9634597757695,3,0,1,58.44722090106961,30,9.64813934046407,10,29.86856215049038,70.13143784950962,Individual House
Rocky,Industrial,19.721764045686363,1,1,10468.685934898751,328.64223405017304,544.5401672524414,0,0,0,30.24182829061685,55,67.1303932571894,10,38.11723821601325,61.88276178398675,Factory
Loamy,Agricultural,27.582928348104662,1,0,19555.1594448073,1475.9603372735608,1329.9019569669663,4,2,2,41.70230705231316,15,54.028452753158895,45,41.60292065659933,58.39707934340067,Individual House
Loamy,Residential,54.422830081293355,0,1,18995.21356149119,1270.8974758574457,4165.547087098182,3,1,0,48.394292479676665,15,9.295283197844412,45,32.761823167347934,67.23817683265207,Individual House
Clayey,Commercial,54.29411940593684,0,1,7812.120984027034,39.35818317349366,4121.534544096035,1,1,2,86.06497915810617,30,9.509800990105262,45,48.25019295286347,51.74980704713653,Shopping Complex
Red Soil,Commercial,42.71420228535745,0,1,3671.003444598564,1421.6640472012068,1376.8536206083547,2,1,3,36.85852184082773,20,28.809662857737578,45,34.3528983587241,65.6471016412759,Shopping Complex
Black Cotton,Agricultural,52.243930091722106,0,0,7187.667913283787,1081.5976609543309,3652.9401534305975,1,2,3,64.93901747706947,40,12.926783180463147,85,53.210351912090104,46.789648087909896,Individual House
Rocky,Agricultural,9.882529682592796,1,1,1579.1819459163726,123.57187803191749,3360.1868935892867,0,0,3,74.11505489743675,55,83.52911719567868,10,57.57254851302253,42.42745148697747,Individual House
Black Cotton,Residential,52.5747236914277,1,0,1394.5898474974329,1005.9566194896684,2367.6198248498076,2,1,3,64.85631907714307,40,12.375460514287155,45,43.04357680557186,56.95642319442814,Individual House
Red Soil,Industrial,22.634094860262472,1,1,8514.920588776964,970.3900469485282,1007.2747633951468,4,0,0,34.48697155283732,20,62.27650856622921,10,33.13956718505037,66.86043281494963,Factory
Rocky,Agricultural,14.808233183551899,0,0,18879.37663124745,328.1831187113752,4443.215904470431,3,0,0,60.60695458142951,55,75.31961136074683,85,69.54233694368703,30.457663056312967,Individual House
Clayey,Agricultural,18.165340998812546,1,1,17555.789483411947,1137.6700500113634,3389.255921534174,3,0,0,67.45866475029686,30,69.72443166864576,10,48.04164057976534,51.95835942023466,Individual House
Loamy,Agricultural,27.98826794076379,1,1,10717.413844434837,130.59705496945068,844.9646243918735,4,0,1,54.06640220447948,15,53.352886765393684,10,37.011462462916235,62.988537537083765,Individual House
Black Cotton,Agricultural,18.8155602532457,1,1,11739.301242245783,734.1677718468717,3524.011724204304,0,0,3,73.29610993668858,40,68.64073291125717,10,51.3138217056553,48.6861782943447,Individual House
Sandy,Commercial,22.631217230907446,0,0,1112.736438175073,14.884810744631881,3707.1685978848996,1,2,3,79.44910704759522,25,62.28130461515426,85,68.37751362044689,31.62248637955311,Shopping Complex
Sandy,Agricultural,12.423816733940315,1,1,5094.521960841545,1453.1062333421196,4434.401425605203,2,0,3,52.89404581651492,25,79.29363877676614,10,44.586325729971755,55.413674270028245,Individual House
Red Soil,Commercial,21.289722105744918,1,1,1470.708411753291,1127.345447665364,1114.1962762096746,4,1,2,36.96149499775726,20,64.51712982375847,10,34.56580570515466,65.43419429484534,Shopping Complex
Clayey,Agricultural,36.475609799810066,0,0,15336.251121212363,238.27811423948404,4943.770527067033,0,1,2,78.58441069567844,30,39.20731700031656,85,63.05637299356659,36.94362700643341,Individual House
Black Cotton,Industrial,29.301953945008517,1,0,3767.2701245034573,512.5110599269244,766.9671126346061,0,1,1,46.01385376643999,40,51.16341009165247,45,46.14570134116712,53.85429865883288,Factory
Clayey,Residential,24.069531867975115,0,1,17511.89494705952,240.84356671226442,3003.4444592979153,2,2,1,81.53200303027036,30,59.88411355337481,45,59.257229448938325,40.742770551061675,Individual House
Black Cotton,Industrial,46.05486708714127,1,1,13223.161959839976,1149.926196193972,3285.8825263673925,4,0,2,66.48628322821469,40,23.241888188097874,10,37.58067117689961,62.41932882310039,Factory
Red Soil,Agricultural,54.14304842663248,0,1,5358.954853798554,88.34448814157275,2094.764476329303,1,1,2,71.16356860484751,20,9.761585955612532,45,41.59764550059976,58.40235449940024,Individual House
Red Soil,Agricultural,46.62340725963184,0,1,3996.686024581745,1260.6099833455712,2375.1885438519325,1,1,0,48.34414818509204,20,22.29432123394693,45,36.74403217326895,63.25596782673105,Individual House
Sandy,Agricultural,23.260038616472354,0,1,12924.869317538009,1413.2945082535948,4454.550483610687,4,1,0,50.184990345881914,25,61.23326897254608,45,47.87306386419519,52.12693613580481,Individual House
Clayey,Industrial,45.94431923106545,1,0,18115.902625364146,1014.9419142094498,3226.3711483273096,3,0,2,60.51392019223364,30,23.426134614890913,45,42.7864057210045,57.2135942789955,Factory
Rocky,Agricultural,13.358910036072816,1,1,14648.844159373251,319.4481750021513,2485.0047911734314,1,1,3,61.49338199085272,55,77.73514993987864,10,51.70647118176811,48.29352881823189,Individual House
Sandy,Industrial,12.167489345021,0,0,7622.386380464174,540.1351437203261,641.7478121676235,3,0,2,25.79308390709722,25,79.72085109163166,85,53.957792140391945,46.042207859608055,Factory
Clayey,Commercial,24.00948703698874,0,0,12160.288310104295,715.8598122133969,36.68812611567318,4,1,0,26.731390763066276,30,59.984188271685426,85,50.10203383499455,49.89796616500545,Shopping Complex
Sandy,Residential,49.42363029742314,0,1,6904.472212076006,906.9371583033807,624.8430907591674,0,1,1,16.14095424082756,25,17.6272828376281,45,25.05615469369667,74.94384530630333,School
Rocky,Residential,18.549153598326605,0,0,19983.84176879452,1002.9946347175312,4780.922837382527,4,0,2,49.36271160041835,55,69.084744002789,85,64.04813506084366,35.95186493915634,Individual House
Loamy,Industrial,8.478937489427377,0,1,15227.944580775173,831.3220729783242,3820.4339149566536,0,1,2,59.880265627643155,15,85.86843751762103,45,55.925202349080365,44.074797650919635,Factory
Loamy,Commercial,12.24402443634953,0,0,12673.251155378319,526.9708812327837,4835.581637551239,4,2,3,58.93899389091261,15,79.59329260608412,85,64.02697101334044,35.97302898665956,Shopping Complex
Loamy,Industrial,52.230973269126906,0,0,9041.923712550755,1336.3759208473546,178.5435485408593,3,0,1,12.51312765353546,15,12.948377884788485,85,31.11668914993453,68.88331085006547,Factory
Loamy,Commercial,39.85808066110082,0,1,12744.89351493159,122.08808702693736,3401.102019293196,3,1,3,74.71019461310856,15,33.56986556483197,45,48.041034505795984,51.958965494204016,Shopping Complex
Black Cotton,Agricultural,18.92606398534872,0,1,7490.705186879361,699.3840813652425,221.46763201708995,4,2,1,37.69783664400462,40,68.45656002441879,45,47.558382831506314,52.441617168493686,Individual House
Loamy,Commercial,35.54127039304997,0,0,1548.4319497025845,1163.347257701221,3910.2823443441157,0,2,3,53.11468240173751,15,40.76454934491671,85,52.2812761768373,47.7187238231627,Shopping Complex
Rocky,Commercial,34.01687923339427,0,1,8506.681924776025,91.30899793710134,1904.7508636759715,4,0,1,68.11225758894479,55,43.30520127767622,45,54.16559047554973,45.83440952445027,Hospital/Clinic
Red Soil,Commercial,41.04897881423637,0,1,18679.135572017472,1058.0028252169518,478.8268005324742,0,1,2,19.314291307090393,20,31.58503530960604,45,28.90626078488315,71.09373921511686,Shopping Complex
Red Soil,Residential,17.825315493188896,1,0,12899.720800703451,1229.5674341299875,2840.2332089375764,3,0,2,55.543671126702776,20,70.29114084468517,45,51.263070105517265,48.736929894482735,Individual House
Black Cotton,Commercial,52.54216429569187,0,0,2595.1583583471306,991.2469477905784,1400.6009830069404,2,2,2,52.87647858621584,40,12.429726173846888,85,48.86419904863726,51.13580095136274,Shopping Complex
Loamy,Agricultural,22.015270914400705,1,0,17814.878654505494,19.40533841303399,3297.8697093590927,1,2,0,85.33186196661778,15,63.30788180933216,45,59.193122140649265,40.806877859350735,Individual House
Loamy,Agricultural,43.17724096869303,1,1,6108.622137488782,270.2055406983094,3290.873797568952,3,0,1,64.99335731592818,15,28.03793171884496,10,34.5071579902861,65.4928420097139,Individual House
Loamy,Agricultural,5.886855550471819,1,1,5631.620368571821,513.1696183379262,3525.037370603764,4,0,1,60.52828611238205,15,90.18857408254696,10,48.48204365997046,51.51795634002954,Individual House
Sandy,Commercial,25.496142144178098,0,1,6644.728406826095,350.53505345706884,4962.325393888795,4,1,3,58.59386125653135,25,57.50642975970317,45,49.88445887971176,50.11554112028824,Shopping Complex
Clayey,Industrial,24.344039987734455,1,0,11966.842486393192,1443.978210341141,1933.488549737027,0,2,0,64.58376099780692,30,59.42660002044258,45,53.210966354343064,46.789033645656936,Factory
Sandy,Industrial,34.891643572065796,0,1,11349.073775245555,977.3908711706905,2326.5773724255046,1,0,3,47.27708910698355,25,41.847260713223676,45,42.00879636575016,57.99120363424984,Factory
Clayey,Agricultural,9.000494397745808,1,0,10336.861337834753,445.45643602735544,4023.0585051267044,3,2,0,73.02249023892222,30,84.99917600375699,45,62.55766558456202,37.44233441543798,Individual House
Loamy,Residential,48.45722555493596,0,0,14633.200406739914,1394.5462479981684,2891.8501151094265,1,0,3,49.88569361126601,15,19.237957408440067,85,45.76948211605312,54.23051788394688,Individual House
Loamy,Industrial,16.97794409721627,0,0,7014.216895364221,1110.8912992142803,186.28605343899818,1,1,0,21.481235044475895,15,71.70342650463955,85,48.94428889172645,51.05571110827355,Factory
Sandy,Commercial,42.23707981851056,1,0,15859.225909876192,426.91081774056295,4215.392601299282,3,2,3,49.826080980938585,25,29.60486696914907,45,39.840345085615766,60.159654914384234,Shopping Complex
Sandy,Industrial,49.17666677842512,1,0,4331.111889193384,568.3223541029331,257.4934096902048,0,1,3,8.855701499197815,25,18.038888702624803,45,22.609217700375435,77.39078229962456,Factory
Clayey,Agricultural,35.90323259328322,0,0,15869.794992463176,299.1432874559351,854.1006824589215,0,1,0,52.15760825350152,30,40.16127901119463,85,54.04548264152419,45.95451735847581,Individual House
Red Soil,Residential,45.7485763697092,1,0,13612.391999755373,1456.6109973987327,510.399834870936,0,2,1,18.770852604991422,20,23.75237271715133,45,26.75789159103483,73.24210840896517,School
Clayey,Industrial,41.4023171718253,0,1,13980.957881404143,775.9447438351098,389.63566440560095,2,0,3,29.442133995155693,30,30.99613804695784,45,33.80378141004395,66.19621858995605,Factory
Sandy,Industrial,24.55413884336042,0,0,10149.51454541794,1344.085031246977,128.424376523551,1,1,0,12.429952819630914,25,59.07643526106597,85,44.11959230213731,55.88040769786269,Factory
Rocky,Agricultural,49.48721964684609,0,1,13673.02912093643,519.7496565252716,275.1385698618369,2,1,0,7.1309664855252155,55,17.521300588589853,45,26.376163417081287,73.62383658291871,Individual House
Sandy,Residential,21.208575343704037,1,1,2516.1438846296905,1291.2624046462136,2212.19594589405,0,2,1,50.69785616407399,25,64.65237442715994,10,40.15734326421588,59.84265673578412,Individual House
Rocky,Residential,36.41671047633345,0,1,17179.47122393798,80.83027264074593,1264.2613499130696,3,2,1,55.33123302073328,55,39.30548253944425,45,48.69230219211771,51.30769780788229,Individual House
Black Cotton,Agricultural,45.996875652784674,0,1,2055.3974362652743,1473.135476286432,632.6844170940938,1,2,1,39.15446942868571,40,23.338540578692218,45,36.78869944471305,63.21130055528695,Individual House
Sandy,Commercial,25.84257503968792,0,1,3826.088687558452,1368.051550549954,3293.5277136326304,3,1,1,49.53935624007802,25,56.92904160052014,45,46.571035084157344,53.428964915842656,Shopping Complex
Black Cotton,Industrial,21.652218418958377,0,0,11959.00446144749,544.8044171649824,1130.5595531712925,4,0,3,55.19813645868626,40,63.91296930173604,85,62.5475900859742,37.4524099140258,Factory
Red Soil,Commercial,30.26403055950525,1,1,15048.817653677139,1162.083247971866,94.74577672404727,1,0,3,14.328907894604633,20,49.559949067491246,10,22.905105029984433,77.09489497001556,Hospital/Clinic
Clayey,Industrial,49.987992189203446,1,1,2448.779722578816,1128.386889710739,2092.0989188366384,3,2,2,59.50300195269914,30,16.686679684660916,10,31.997720604609924,68.00227939539008,Factory
Rocky,Industrial,56.14569697301156,1,1,18494.531468324076,1351.8821956543975,1552.1649598915255,0,1,3,31.00687495457762,55,6.423838378314059,10,23.20836582868068,76.79163417131932,Factory
Clayey,Commercial,34.97958770729396,1,0,19498.545327213273,460.88247169321664,1593.0221567324638,2,1,2,57.46259790623279,30,41.700687154510064,45,46.28708105580899,53.71291894419101,Shopping Complex
Black Cotton,Agricultural,41.38064129280085,0,1,12513.05328714651,698.2800079712242,2226.350140907807,3,1,2,67.65483967679978,40,31.032264511998576,45,48.68726001487957,51.31273998512043,Individual House
Rocky,Agricultural,54.68004922314028,0,1,10143.625652159895,1297.4994189090796,3344.5696361713885,4,2,3,40.32998769421493,55,8.866584628099545,45,35.83214185000011,64.16785814999989,Individual House
Clayey,Industrial,10.420076827711831,0,1,15086.504473315244,1167.869181202824,3082.39560018997,0,1,2,69.39498079307204,30,82.63320528714695,45,60.69654459936195,39.30345540063805,Factory
Sandy,Agricultural,17.76432178263908,0,1,7238.789694216903,590.2000781104188,4686.308048944377,4,1,1,51.55891955434023,25,70.39279702893487,45,50.6438211012528,49.3561788987472,Individual House
Loamy,Industrial,43.98950034383704,0,0,10372.024247997022,1268.5878493681832,2588.5833315126074,2,0,2,51.00262491404074,15,26.684166093604944,85,48.02196024331549,51.97803975668451,Factory
Black Cotton,Agricultural,50.30594540517648,0,1,18406.869509473625,70.43105884860223,2362.849548625361,4,2,3,91.19765011778975,40,16.156757658039197,45,53.20836695573621,46.79163304426379,Individual House
Clayey,Industrial,52.136596558181786,1,0,19157.453079589137,1173.0694544444852,1067.0721760844847,3,2,0,40.30729438214425,30,13.105672403030354,45,33.13397113450807,66.86602886549193,Factory
Black Cotton,Agricultural,27.830894727021292,0,0,18614.313204972517,310.14878915055095,3776.906444240784,3,2,3,82.43334896921162,40,53.615175454964515,85,69.50546600296519,30.494533997034807,Individual House
Black Cotton,Residential,9.913694626052676,0,1,5986.513272312963,429.18136173568075,703.8788810714236,0,1,0,53.84827226077445,40,83.47717562324554,45,56.96618919708244,43.03381080291756,Individual House
Rocky,Commercial,29.077981251479095,0,1,5416.911764118505,739.8222653933905,2455.6644491024203,2,1,0,46.73050468713023,55,51.536697914201504,45,48.73985111904595,51.26014888095405,Shopping Complex
Rocky,Residential,17.690402461387958,1,0,6655.625612656971,674.6017516049609,2106.610991937222,2,0,2,49.577399384653006,55,70.51599589768674,45,54.48108875905024,45.51891124094976,Individual House
Loamy,Commercial,21.01580502481433,0,1,9384.911135380744,780.8551603048214,3291.504392022016,1,2,2,56.746048743796415,15,64.97365829197611,45,49.60453163332277,50.39546836667723,Shopping Complex
Sandy,Commercial,47.47471562606282,0,1,6969.180843047308,817.1633935080357,4588.107349783294,1,1,0,44.131321093484296,25,20.875473956561976,45,35.66483087186,64.33516912814,Shopping Complex
Black Cotton,Industrial,9.153989731423778,0,1,8110.043119042101,497.2915365472454,4732.977957491113,3,0,2,75.87401037430932,40,84.74335044762704,45,64.99174124291503,35.008258757084974,Factory
Clayey,Commercial,50.51696696143862,1,0,12792.102090294431,262.841269525545,838.996335815792,4,1,1,50.38020880442349,30,15.80505506426897,45,37.33433684761546,62.66566315238454,Shopping Complex
Red Soil,Residential,28.521799720329298,0,0,15487.987864785542,1152.721843930959,1309.0860913358908,4,1,3,39.0512718966355,20,52.4636671327845,85,51.03386194701855,48.96613805298145,Individual House
Black Cotton,Residential,37.78351621053273,0,1,14975.605767090423,599.9642236307131,4058.1765998235333,0,2,2,68.55412094736681,40,37.02747298244545,45,50.500810577189746,49.499189422810254,School
Black Cotton,Agricultural,9.930872717962345,1,1,16474.047774503888,758.7612936885885,2591.398812245964,2,2,0,75.51728182050941,40,83.44854547006275,10,55.79318500469398,44.20681499530602,Individual House
Loamy,Residential,23.55474930965038,0,0,1611.5036610926413,967.0450775266771,2265.1728417786594,3,1,0,56.1113126725874,15,60.74208448391604,85,58.3244805563846,41.6755194436154,Individual House
Sandy,Agricultural,9.933550545816518,1,0,1906.9420038963653,1364.456883459984,3553.1272619035294,4,1,3,53.516612363545875,25,83.44408242363914,45,54.59183493315084,45.40816506684916,Individual House
Red Soil,Commercial,57.884904758461026,0,0,15998.276253083957,1061.32924671033,3009.624763034859,1,1,2,45.52877381038474,20,3.5251587358982874,85,41.066360517609226,58.933639482390774,Shopping Complex
Rocky,Residential,49.39939071294378,1,0,11128.497624168005,68.18883838557677,4853.570272106673,3,1,2,67.55882201862944,55,17.667682145093693,45,47.562508242793726,52.437491757206274,Individual House
Rocky,Commercial,30.279801489605312,0,0,11984.672801480287,1257.8405450970265,2919.8732614413348,0,1,0,46.43004962759867,55,49.53366418399114,85,58.13393341565732,41.86606658434268,Shopping Complex
Clayey,Residential,17.29814015780191,0,0,1999.1503440731647,1484.0325226912787,2329.8691317362664,3,2,3,67.67546496054952,30,71.16976640366349,85,67.2288543371082,32.7711456628918,Individual House
Red Soil,Residential,56.34003078874187,1,0,5850.962222254147,708.7275380570733,2714.0868103908783,4,2,0,45.91499230281453,20,6.099948685430206,45,31.845234477342636,68.15476552265736,Individual House
Rocky,Agricultural,23.95281276498345,0,1,13128.731792824077,1454.385504681901,4042.6990834848666,0,1,3,48.01179680875414,55,60.07864539169425,45,51.32379023098751,48.67620976901249,Individual House
Clayey,Commercial,13.854143742805611,0,0,17324.455912102847,820.9931135147242,3063.375283926104,1,1,2,68.5364640642986,30,76.90976042865731,85,68.96520252966883,31.03479747033117,Shopping Complex
Sandy,Residential,35.97404136496752,1,0,18422.68454644665,689.4239938079247,3235.2404569335886,1,2,2,47.00648965875812,25,40.043264391720804,45,41.463087478495545,58.536912521504455,Individual House
Clayey,Industrial,56.90757661896489,0,1,10507.970420866553,497.1071470911826,4857.19440018296,4,1,3,57.94667701978782,30,5.154038968391845,45,37.3198466990237,62.6801533009763,Factory
Rocky,Commercial,5.210665977517742,1,1,11364.010422025754,986.3323137500082,3091.9774221272864,0,2,0,52.69733350562056,55,91.3155567041371,10,52.022955903001474,47.977044096998526,Shopping Complex
Loamy,Commercial,18.09686637896993,0,1,16827.942990310825,344.7306307875669,1901.426241672699,1,2,0,64.82047039145749,15,69.83855603505012,45,53.64680364577265,46.35319635422735,Shopping Complex
Loamy,Commercial,56.61462022257242,1,0,11214.867414199738,157.40132777160647,3456.630135063983,0,2,0,68.40226527806051,15,5.642299629045965,45,38.85136775458267,61.14863224541733,Shopping Complex
Loamy,Agricultural,14.409728177143911,0,0,10820.31198520903,40.85565387632112,3297.296984886557,3,2,3,85.94622872313475,15,75.98378637142682,85,72.57712664595387,27.422873354046132,Individual House
Rocky,Industrial,11.228389840190093,0,1,18196.59671745812,438.5701690728956,69.23817753190953,2,0,3,16.26345594621693,55,81.28601693301651,45,45.513713814430055,54.486286185569945,Factory
Loamy,Commercial,36.360296868989245,1,1,16008.721700061722,593.6562482505574,2336.6464839291657,2,1,0,52.90992578275269,15,39.39950521835126,10,33.11835032855125,66.88164967144874,Shopping Complex
Red Soil,Residential,52.40141028121565,0,1,18272.378000864595,828.1150444218716,3714.518014411997,2,1,0,46.89964742969609,20,12.664316197973918,45,33.83095564988711,66.1690443501129,Individual House
Sandy,Residential,31.241039973165936,1,0,5146.694040841922,439.12473778050963,2495.207288605645,1,1,3,51.84225573987794,25,47.931600044723446,45,45.12768952013814,54.87231047986186,Individual House
Clayey,Agricultural,59.70103411764886,1,1,10963.134246451778,1476.0893585781168,3898.105679676947,4,2,3,57.07474147058778,30,0.49827647058523894,10,27.10072863235203,72.89927136764797,Individual House
Clayey,Residential,42.35444347458961,1,0,17006.9704432738,437.6177523617514,2254.418482138072,2,2,0,65.15432398964751,30,29.409260875683984,45,45.906328615297625,54.093671384702375,Individual House
Rocky,Commercial,9.074119896574626,0,0,3111.8087218750698,661.4630826696131,4916.607988186179,4,2,0,51.731470025856346,55,84.8764668390423,85,68.8251312188103,31.1748687811897,Shopping Complex
Loamy,Residential,59.60576724250865,0,0,16098.580931585275,154.9142482978505,1464.4579460194434,2,1,2,57.092862211890676,15,0.65705459581892,85,43.64676542311646,56.35323457688354,Individual House
Loamy,Commercial,27.434183022910474,0,0,4476.494284882519,390.93977000561347,460.6130407303677,3,2,1,30.897328858542927,15,54.27636162848255,85,47.88315550761066,52.11684449238934,Shopping Complex
Black Cotton,Residential,20.80713936150154,1,1,16354.256344721101,72.49820968348664,2150.0590057704867,2,0,3,98.44832257861543,40,65.32143439749743,10,59.287271501889755,40.712728498110245,Individual House
Sandy,Industrial,35.68335509678371,1,1,12628.017813580494,839.262950155992,2708.545124369595,4,1,1,47.07916122580407,25,40.527741505360495,10,32.85964180537155,67.14035819462845,Factory
Red Soil,Agricultural,21.73691755014754,1,1,4671.483838212476,1126.5970246986476,1745.4686584123074,1,0,3,49.47514378070926,20,63.77180408308744,10,38.7592513440201,61.2407486559799,Individual House
Clayey,Agricultural,9.755162891608379,0,0,9993.72940732322,293.5647215041019,1211.4058005897948,3,0,2,66.17544199864768,30,83.7413951806527,85,69.84675349468986,30.153246505310136,Individual House
Black Cotton,Industrial,5.07855886935472,1,1,13956.198162754661,551.8664067241061,3360.2934569274453,4,1,3,76.73036028266132,40,91.53573521774213,10,58.239559903366995,41.760440096633005,Factory
Black Cotton,Industrial,29.727084410614427,0,0,13043.205116787305,24.92434009074085,1885.6254992812605,0,0,3,96.78527847752716,40,50.45485931564262,85,73.73856229604516,26.26143770395484,Factory
Rocky,Agricultural,51.02748822246257,0,0,9117.696728402383,1259.283083583318,3156.8426455031845,2,0,1,41.243127944384355,55,14.95418629589571,85,47.67364135450845,52.32635864549155,Individual House
Clayey,Industrial,36.477335209654214,0,0,18087.964049497612,1169.9452873975042,3895.3572429938795,3,2,2,62.88066619758645,30,39.204441317242974,85,57.559343498466,42.440656501534,Factory
Rocky,Commercial,59.95640144188925,0,1,10866.004875269042,94.88104631143857,3805.0131388001187,1,0,2,63.31803686084137,55,0.07266426351792177,45,41.67947896717396,58.32052103282604,Hospital/Clinic
Red Soil,Residential,20.776565510596,0,0,10611.47867204508,547.301413980617,1876.5465531784564,0,2,2,52.336789685920124,20,65.37239081567333,85,58.910974093990376,41.089025906009624,School
Black Cotton,Agricultural,20.425028561803042,0,0,2182.7612088876313,1432.929920774243,2839.4911447508734,2,0,2,72.89374285954923,40,65.95828573032827,85,69.25238143342429,30.74761856657571,Individual House
Black Cotton,Industrial,13.78622031286693,0,1,18520.287406155105,588.0405841184655,2248.291122213712,3,1,3,74.55344492178327,40,77.02296614522179,45,62.59944725892959,37.40055274107041,Factory
Sandy,Commercial,14.023497354593434,0,1,4365.214804889087,789.313015086024,4354.026263548301,4,1,1,52.494125661351646,25,76.62750440901094,45,52.52982008372581,47.47017991627419,Shopping Complex
Red Soil,Agricultural,20.68526278055263,1,1,11038.54917529453,532.8642915155327,4393.792398999996,2,1,2,54.828684304861845,20,65.52456203241229,10,41.07118001480472,58.92881998519528,Individual House
Black Cotton,Industrial,48.60620249004399,0,0,16267.784426605893,894.1970821923927,1718.707914440184,3,1,0,60.22260766629268,40,18.989662516593356,85,53.07532831235078,46.92467168764922,Factory
Red Soil,Agricultural,54.816623485004634,0,0,5093.612262157223,1467.2353134552334,458.6872393936536,2,2,2,15.469588916621914,20,8.638960858325603,85,31.82409633539907,68.17590366460092,Individual House
Clayey,Industrial,58.62979433392247,1,1,11020.092509445982,1496.2537552217957,837.9124166200974,3,0,1,34.10079974892133,30,2.283676110129221,10,19.506198939654773,80.49380106034522,Factory
Loamy,Agricultural,17.775930975304895,1,0,5573.0132752434765,1162.0724670167867,1835.0087106544188,4,0,1,54.25619146926215,15,70.37344837449184,45,50.08302910786471,49.91697089213529,Individual House
Black Cotton,Commercial,53.471365008775045,1,0,15434.204958198325,606.4666470306589,2821.249773814953,2,1,1,64.63215874780624,40,10.881058318708256,45,42.59152014140925,57.40847985859075,Shopping Complex
Sandy,Commercial,23.054029910253536,1,1,11722.482189589864,741.6483012434825,3283.9350548221464,3,2,1,50.23649252243661,25,61.576616816244105,10,39.22692658691384,60.77307341308616,Shopping Complex
Clayey,Residential,11.206229948428643,0,1,17263.541347507726,535.0969921684582,1656.8552314300011,0,2,0,62.33554714149286,30,81.32295008595226,45,57.89817902101056,42.10182097898944,Individual House
Red Soil,Agricultural,52.85137090360911,1,1,17996.602054670275,1478.3619448565194,3337.495598119929,1,1,2,46.78715727409772,20,11.914381827318152,10,24.85410050276374,75.14589949723626,Individual House
Rocky,Residential,39.98580990539902,1,1,13325.936166462563,1061.6404587381055,4688.69991836878,3,0,3,44.00354752365024,55,33.35698349100163,10,34.49048750602799,65.50951249397201,Apartment
Clayey,Agricultural,14.060199284458395,1,1,14782.433677019944,673.3971681502669,3260.0706358447524,3,1,3,68.4849501788854,30,76.56633452590268,10,50.11131619408556,49.88868380591444,Individual House
Black Cotton,Industrial,28.64071916321514,1,1,11435.18189785041,18.17290516440351,792.8261472217563,3,0,0,75.60596884376713,40,52.2654680613081,10,48.02845611064552,51.97154388935448,Factory
Red Soil,Industrial,20.79917321823872,0,1,8304.145928280275,780.7251215858225,2898.344564888138,2,1,2,54.80020669544032,20,65.33471130293546,45,49.76375016913798,50.23624983086202,Factory
Loamy,Residential,45.52370127906084,1,1,13314.240537395857,1475.8923025524268,2709.4775838349137,1,0,2,50.61907468023479,15,24.12716453489861,10,28.498467271806827,71.50153272819317,Individual House
Clayey,Agricultural,29.93789268433474,1,0,18257.48384625925,784.5913634595779,4353.500554492103,2,2,3,64.51552682891631,30,50.103512192775426,45,50.85631243831456,49.14368756168544,Individual House
Black Cotton,Residential,59.410396980851175,1,0,8916.92722819732,273.64002823367053,1751.5152760648716,3,1,0,71.7593045820644,40,0.9826716985813704,45,42.61142452836788,57.38857547163212,Individual House
Sandy,Commercial,8.010974024277733,1,0,6973.790501102111,33.14062065716228,2114.7280502833996,3,0,3,82.00881925450082,25,86.64837662620378,45,65.36518089562622,34.634819104373776,Shopping Complex
Rocky,Residential,24.52583963749357,0,0,8380.301832498908,532.0556371863136,2993.2952774324685,1,0,0,47.86854009062661,55,59.12360060417738,85,61.03488918276366,38.96511081723634,Individual House
Red Soil,Residential,31.504509191048758,1,0,9272.554974020393,1377.3420835449103,2622.126558710127,0,0,1,52.12387270223781,20,47.4924846815854,45,44.36647661617958,55.63352338382042,School
Clayey,Industrial,32.67234551115759,1,0,2397.659550576608,1494.8311622638214,3595.082962025871,2,0,2,63.83191362221061,30,45.54609081473735,45,49.47769247145805,50.52230752854195,Factory
Clayey,Residential,22.37647023121002,1,0,10470.394968264893,1418.0519622180038,201.94495456247907,0,2,2,30.444781533447077,30,62.7058829479833,45,42.0821442737023,57.9178557262977,School
Loamy,Agricultural,45.10821370036624,0,0,10391.970712951133,1094.1299898813852,2817.580096034799,3,0,2,50.72294657490844,15,24.81964383272293,85,47.457942259398685,52.542057740601315,Individual House
Loamy,Industrial,53.111089041893614,1,0,12180.43272516994,837.2140926609829,608.3594650193763,3,2,2,20.88941703991412,15,11.481518263510651,45,23.681675529847606,76.31832447015239,Factory
Sandy,Residential,56.62956160878247,1,0,7893.580578955299,886.0292195733781,1576.0449625986066,4,0,2,33.363508849776515,25,5.617397318695893,45,28.081577427095752,71.91842257290425,Individual House
Rocky,Commercial,49.28013572397394,0,0,12649.044323156204,808.4880136379413,3308.134307661952,4,2,2,41.67996606900651,55,17.866440460043435,85,48.554598239163134,51.445401760836866,Shopping Complex
Sandy,Residential,51.78191085186297,1,1,17686.10989520986,1060.5739573844826,787.0710029608884,0,2,1,18.795942346252026,25,13.696815246895056,10,16.25278363291197,83.74721636708803,School
Black Cotton,Residential,35.27999153409975,0,0,19153.94881940812,628.3098400430287,1544.2091775231443,4,0,2,60.064185666937945,40,41.20001410983375,85,58.572468510886715,41.427531489113285,Individual House
Black Cotton,Residential,50.4238524534748,0,1,12088.632106679943,1003.8060074336482,3515.03241417656,1,2,1,65.3940368866313,40,15.960245910875344,45,44.12797438803979,55.87202561196021,Individual House
Sandy,Industrial,21.692715003137373,1,0,1809.2281254359486,182.41817243580155,3254.0262126341695,0,1,2,69.63173090306756,25,63.845474994771045,45,55.33247456476641,44.66752543523359,Factory
Rocky,Agricultural,26.916331916006794,1,1,19415.48394807507,398.5429598422256,455.19834604869027,4,0,2,22.462306351438567,55,55.13944680665534,10,32.39666892466734,67.60333107533266,Individual House
Sandy,Commercial,22.430215760019937,0,0,14411.379157028869,1254.0045582129442,2886.3424674616194,4,1,0,50.39244605999502,25,62.61630706663344,85,58.29143288765661,41.70856711234339,Shopping Complex
Rocky,Residential,30.7063034496359,0,1,7383.309322519391,1355.6233961150867,736.2723095931972,1,2,2,21.04887032945497,55,48.82282758394017,45,39.07281151129428,60.92718848870572,Individual House
Rocky,Agricultural,20.706878893125,1,0,3795.9963183107443,808.5123563404495,1261.3568935724634,1,2,3,34.05041814816801,55,65.488535178125,45,47.78978014639006,52.21021985360994,Individual House
Red Soil,Agricultural,57.88862932399458,0,1,3724.9536324892238,47.453425819398596,2296.0563931788934,0,1,0,72.68063711983744,20,3.5189511266757023,45,40.56796077361203,59.43203922638797,Individual House
Rocky,Industrial,22.206454540311746,0,0,4187.143716652452,1390.4603561876522,546.7341164909456,2,0,0,19.383068694740974,55,62.98924243281376,85,52.031384651362785,47.968615348637215,Factory
Loamy,Commercial,10.392449596101692,1,1,1865.8779106625857,1053.0963870409296,4968.234839592834,1,1,0,59.401887600974575,15,82.67925067316385,10,46.21047332863206,53.78952667136794,Shopping Complex
Rocky,Industrial,33.974944132772734,0,0,18140.92958440532,621.0418856330411,826.8478052700057,4,2,3,22.043220072206932,55,43.37509311204545,85,48.05890030328379,51.94109969671621,Factory
Rocky,Agricultural,8.1404493144847,0,1,11274.59642371939,897.5684147992446,3906.563142143022,0,0,1,51.964887671378825,55,86.43258447585883,45,59.295856803947295,40.704143196052705,Individual House
Rocky,Agricultural,11.079874146971928,0,1,14299.228841562906,644.6622516620491,4149.194225116125,2,1,0,51.23003146325702,55,81.53354308838013,45,57.813896784234984,42.186103215765016,Individual House
Black Cotton,Agricultural,17.066416405793547,0,1,16734.061676097845,698.0088400980765,4972.319849480007,0,1,0,73.7333958985516,40,71.55597265701076,45,60.945681728745754,39.054318271254246,Individual House
Loamy,Industrial,30.539263743517793,0,1,16039.279120330804,1330.2147984891026,2143.266089261342,4,0,0,54.365184064120555,15,49.10122709413701,45,44.803121195976445,55.196878804023555,Factory
Loamy,Commercial,28.828801276996533,0,1,17769.50685084799,241.6263703756673,4370.4726006967,2,1,2,70.29521745821081,15,51.95199787167245,45,51.091325578291894,48.908674421708106,Shopping Complex
Sandy,Residential,48.98305241015351,1,1,19377.837827974086,155.50370322335516,4787.697195084255,2,0,1,64.42401470406031,25,18.36157931641081,10,33.38879997552381,66.61120002447619,Individual House
Red Soil,Industrial,45.67110596362624,0,1,9342.341680096852,4.093116769523619,864.4707244733357,1,0,3,55.626050992388734,20,23.881490060622937,45,39.68949036249179,60.31050963750821,Factory
Rocky,Agricultural,28.447506169488573,1,1,19056.37386669942,471.00056341819004,2397.180445297663,3,1,3,48.62808965253645,55,52.58748971751904,10,40.91670380776752,59.08329619223248,Individual House
Clayey,Industrial,23.353731416659645,1,0,14742.50901851351,221.1206497266411,300.0540942804386,4,0,1,48.895410047845395,30,61.07711430556726,45,48.1326720931377,51.8673279068623,Factory
Red Soil,Agricultural,22.405783123382424,1,0,2342.6956158534913,329.97824270716677,3103.620060121008,3,0,1,64.59985965672439,20,62.657028127695966,45,52.52420791177752,47.47579208822248,Individual House
Red Soil,Residential,47.569729801170496,1,0,13953.879303034562,16.858473998065392,2907.030784282832,4,2,1,77.09605910982344,20,20.71711699804918,45,46.4128999379505,53.5871000620495,Individual House
Loamy,Residential,7.863982342169836,1,1,14047.616532492124,340.79312203155484,1020.6314233159858,0,2,2,49.999045558883964,15,86.89336276305028,10,43.973006636371956,56.026993363628044,Apartment
Red Soil,Commercial,5.70519072308332,1,1,18211.350712058014,499.0673728985609,3989.5137944706303,3,2,0,58.62965994531552,20,90.49134879486114,10,48.64321817957571,51.35678182042429,Shopping Complex
Rocky,Agricultural,48.754941555965644,1,0,8085.710516931749,47.35124461482199,186.34361381769938,2,1,2,32.697062210473256,55,18.7417640733906,45,35.62941279201329,64.37058720798672,Individual House
Rocky,Commercial,31.24305067939771,1,0,12113.318505164538,911.8561864457215,4031.136620637785,1,1,1,46.189237330150576,55,47.928248867670476,45,47.648295282470315,52.351704717529685,Shopping Complex
Black Cotton,Commercial,12.198462620446678,0,1,1231.5634692231079,853.2005233256369,133.2264558193369,4,1,2,37.614913461275066,40,79.6692289659222,45,50.33252695292683,49.66747304707317,Shopping Complex
Rocky,Residential,17.95612640269757,1,1,7309.429601445384,145.5536677648876,3284.1440606817514,1,1,3,70.77774833343236,55,70.07312266217072,10,53.040492582244,46.959507417756,Individual House
Rocky,Industrial,56.28771742035604,1,0,2182.6307970168377,892.5146662776015,393.8475695745064,4,0,2,7.805022036401118,55,6.187137632739933,45,23.778542120925373,76.22145787907462,Factory
Loamy,Industrial,52.272663659369385,1,1,10915.586482533043,1497.9808779133164,1256.1275965616148,2,0,1,34.05438601638995,15,12.878893901051029,10,19.888758580999237,80.11124141900076,Factory
Rocky,Commercial,44.03817776231849,0,0,16531.50535963211,1416.703429217311,3609.566746559179,2,2,0,42.990455559420376,55,26.603037062802514,85,51.19741871149776,48.80258128850224,Shopping Complex
Black Cotton,Residential,31.522387668552962,1,1,4922.41115045231,4.006490051494948,1402.023998126934,2,0,2,87.91949364231075,40,47.46268721907839,10,51.13749457957836,48.86250542042164,Individual House
Clayey,Agricultural,33.61779944052621,0,0,11021.379865597792,1193.0674669955395,2555.8692435886737,2,1,1,63.59555013986845,30,43.970334265789646,85,59.001026115401366,40.998973884598634,Individual House
Loamy,Industrial,58.63844944061772,1,0,4876.164093704574,530.407914354729,4576.241347600572,2,0,2,47.340387639845574,15,2.2692509323038053,45,30.636448407021902,69.3635515929781,Factory
Clayey,Commercial,58.117374413635794,1,1,3293.0808890785684,95.47705550194114,248.17177018289172,1,2,3,46.70546847013242,30,3.1377093106070078,10,24.131341292198098,75.8686587078019,Shopping Complex
Loamy,Industrial,16.839797518220884,0,0,10708.939046752506,443.9748205743121,4055.3989686783675,0,1,2,61.15156138598606,15,71.9336708029652,85,62.88646418583642,37.11353581416358,Factory
Sandy,Industrial,49.610751146792495,1,1,2503.823798044825,482.60477446944344,326.35999284244764,3,0,2,11.168225601984222,25,17.31541475534584,10,14.487732649530937,85.51226735046906,Factory
Red Soil,Agricultural,15.848346639185923,0,1,12159.737991621798,784.8663589635853,633.9742216833832,1,2,0,28.717397773871184,20,73.58608893469014,45,42.69761145452745,57.30238854547255,Individual House
Sandy,Residential,16.744561283617326,0,1,1595.411752857799,991.625650903282,596.5955194460543,3,0,2,23.745770068016753,25,72.09239786063779,45,41.33411898896531,58.66588101103469,Individual House
Rocky,Agricultural,42.18511687905172,1,1,3027.584465499135,1123.583418312612,4970.5114160536305,0,2,2,43.45372078023707,55,29.691471868247135,10,33.38167024014476,66.61832975985524,Individual House
Clayey,Residential,27.27506042231516,1,1,11449.9522242598,368.8545638449,900.931596657667,4,2,3,51.068592996880554,30,54.541565962808065,10,38.50939903961021,61.49060096038979,Individual House
Rocky,Industrial,56.23494239085861,0,0,12236.740845079363,482.65585537274546,4483.809231281341,0,2,3,40.98191307992062,55,6.275096015235647,85,45.41244358178113,54.58755641821887,Factory
Red Soil,Commercial,9.895535419280485,0,1,1550.7516717814035,462.5725602896028,4954.660814732771,0,1,3,59.77176252780371,20,83.50744096786586,45,56.04697712669776,43.95302287330224,Shopping Complex
Loamy,Agricultural,33.13391024452211,1,1,11894.15897202961,544.1053021813148,1918.92385206149,4,0,0,52.094999480099276,15,44.776816259129816,10,34.177453882817204,65.8225461171828,Individual House
Red Soil,Residential,55.51868417437167,1,0,16931.547981149102,1499.4844634345081,3155.242717643427,3,0,3,46.12032895640708,20,7.468859709380553,45,32.259330062087614,67.74066993791239,Individual House
Black Cotton,Industrial,54.72625132637278,1,1,14724.007368585124,1166.9149542411387,3895.4562688180627,2,1,3,64.3184371684068,40,8.789581122712036,10,33.20884828962039,66.79115171037961,Factory
Red Soil,Residential,13.609106737865767,0,0,3492.516974495174,1462.4856979030455,1963.2254091810414,4,1,2,55.86223149915439,20,77.31815543689038,85,63.13131988392663,36.86868011607337,Individual House
Black Cotton,Residential,25.165073505305106,1,1,12257.018303708683,1039.666589320586,809.0707024890364,4,0,2,47.89014567345445,40,58.05821082449149,10,39.77610369183193,60.22389630816807,Apartment
Red Soil,Residential,39.05167700256829,0,0,13772.797501410056,609.4060524709264,2168.813718962806,0,1,0,50.23708074935793,20,34.913871662386185,85,50.561446177871815,49.438553822128185,School
Black Cotton,Industrial,13.76671866242712,1,1,1707.3928332935438,584.6162754404625,3859.438225014723,4,1,3,74.55832033439322,40,77.0554688959548,10,53.85927934102632,46.14072065897368,Factory
Clayey,Commercial,58.24121946251563,0,1,17251.605704988833,732.8717174625676,3903.813813742015,1,0,1,57.43969513437109,30,2.931300895807283,45,36.586718520981705,63.413281479018295,Hospital/Clinic
Rocky,Commercial,55.31121308002132,0,1,18219.080548506772,625.304675046656,1152.6939608545667,2,2,2,23.226075947086006,55,7.814644866631141,45,29.582787798137886,70.41721220186211,Shopping Complex
Rocky,Commercial,14.182259846895805,1,1,17158.593193882913,1242.4893691391187,874.8281994537327,0,1,1,27.950999027350704,55,76.36290025517366,10,39.62357472336616,60.37642527663384,Shopping Complex
Sandy,Residential,11.663550369354198,0,1,16667.99789179315,697.5030195400393,4602.803510501749,3,0,1,53.08411240766145,25,80.56074938440968,45,53.719626688783926,46.280373311216074,Individual House
Rocky,Industrial,9.697466554454591,0,0,15154.338770756973,443.42154031626893,219.99515279155278,3,0,3,19.37024399824127,55,83.83755574257569,85,57.23897433502837,42.76102566497163,Factory
Loamy,Residential,55.01940152201471,0,0,13035.208594357242,1162.2904030449777,3673.6923788254344,3,0,1,48.245149619496324,15,8.300997463308818,85,42.461051732650915,57.538948267349085,Individual House
Red Soil,Commercial,15.649309538750343,0,1,13893.913094776786,1281.630614072092,232.10692723377002,3,1,0,20.729811159987815,20,73.9178174354161,45,39.98488826484976,60.01511173515024,Shopping Complex
Sandy,Commercial,27.89567106993951,0,0,16321.510573364678,630.6434342106771,4189.5002543049395,3,2,0,49.02608223251512,25,53.50721488343415,85,55.53593250223883,44.46406749776117,Shopping Complex
Loamy,Industrial,29.686825110860166,1,1,13587.470708864788,1001.712857858298,4527.0740666805095,0,2,2,54.57829372228496,15,50.521958148566384,10,36.48289233994133,63.51710766005867,Factory
Loamy,Residential,37.94560743174622,1,1,7226.812176959348,88.20680083245713,1487.095621145495,1,0,1,66.96310251502592,15,36.75732094708963,10,37.37641611703148,62.62358388296852,Individual House
Black Cotton,Agricultural,8.945443906108373,0,1,8143.260941065724,794.1972779572,369.6782175834878,1,1,0,43.157203375142664,40,85.09092682315271,45,53.62775288708811,46.37224711291189,Individual House
Rocky,Agricultural,17.471723957028377,1,0,18044.09189907355,67.47170661826208,2403.4226817371427,3,1,0,75.58376661364719,55,70.88046007161937,45,63.67443333268136,36.32556666731864,Individual House
Clayey,Commercial,56.23197128054093,0,1,1325.3196301460762,43.78626074170211,1492.315183727384,1,2,1,75.16113520991033,30,6.280047865765113,45,43.62640928990989,56.37359071009011,Shopping Complex
Clayey,Industrial,54.962555899771324,0,0,14277.591043641358,919.3872757841085,2085.680714051895,2,2,0,58.25936102505717,30,8.39574016704779,85,48.23971140053196,51.76028859946804,Factory
Sandy,Residential,47.97098560731307,1,1,19140.773496079095,455.0030735924807,3324.927267443401,1,1,1,46.70706918262289,25,20.048357321144877,10,27.609563544204228,72.39043645579576,Apartment
Clayey,Residential,6.0670685090018495,0,1,14418.335229201499,1113.8057436831982,1049.130179743585,4,2,0,51.46583646762124,30,89.88821915166358,45,56.23509755158332,43.76490244841668,Individual House
Red Soil,Commercial,22.985372267285616,0,0,19884.327776403858,1344.1238409488883,1784.7578475704317,3,0,1,49.94881388458723,20,61.691046221190646,85,57.15484641490319,42.84515358509681,Shopping Complex
Clayey,Commercial,39.53773044385993,0,1,14063.353205038286,209.08676059552604,3912.8124514633682,4,2,0,79.57036175330346,30,34.10378259356679,45,52.12557226204791,47.87442773795209,Shopping Complex
Sandy,Residential,20.135461647541163,1,0,1652.8975551203603,1086.7842578683858,3218.8097497641083,4,1,0,50.96613458811471,25,66.44089725409806,45,49.44837141936466,50.55162858063534,Individual House
Clayey,Residential,55.027268227957755,1,1,16713.187751291545,771.779997432515,1631.3774557561933,3,0,0,50.87073205813443,30,8.287886286737077,10,26.876727792031318,73.12327220796868,Individual House
Red Soil,Commercial,39.8639204007843,0,1,6407.968326847063,168.1788752440483,3321.5080012996427,0,1,3,69.94328738516103,20,33.560132665359504,45,47.120183751146236,52.879816248853764,Shopping Complex
Black Cotton,Residential,8.954869452404509,0,1,9475.087287624377,977.3889097210871,3826.564614459833,1,2,3,75.76128263689887,40,85.07521757932582,45,65.03525331774605,34.964746682253946,Individual House
Sandy,Agricultural,54.99530738596367,0,0,6929.746402234559,914.2002046597092,2962.4279047639375,2,2,0,42.251173153509086,25,8.341154356727216,85,41.87319919290998,58.12680080709002,Individual House
Black Cotton,Commercial,57.67716619969224,0,1,6102.528017983909,773.4628011011738,1197.4841625050426,0,0,3,47.53039170017779,40,3.8713896671795993,45,34.853484511857125,65.14651548814288,Hospital/Clinic
Black Cotton,Residential,9.274183011544903,0,0,9196.708369725922,1389.706806839487,1.2264525599653409,2,0,1,35.70598329831308,40,84.54302831409183,85,60.88285123293254,39.11714876706746,Individual House
Black Cotton,Commercial,34.27981291737232,1,1,8196.277520372802,781.6195441560247,4014.2455349414067,3,0,3,69.43004677065692,40,42.86697847104614,10,43.517260987491454,56.482739012508546,Hospital/Clinic
Loamy,Industrial,21.685035521779376,1,1,13033.433055009198,1485.772673175319,4113.167776580823,1,0,2,56.578741119555154,15,63.858274130367704,10,40.517127924436224,59.482872075563776,Factory
Rocky,Commercial,26.60614920647713,1,0,16449.872818762702,763.8432207721665,3488.0225069718103,0,2,2,47.348462698380715,55,55.65641798920478,45,49.986066441734444,50.013933558265556,Shopping Complex
Loamy,Commercial,14.880816987543804,1,1,6644.684410557575,173.77805745205137,382.90465683806895,3,1,0,45.51120544275235,15,75.19863835409366,10,39.478581493486736,60.521418506513264,Shopping Complex
Rocky,Industrial,36.79396561068269,0,1,5060.701903618331,705.7068766125456,2926.111437540231,0,2,3,44.80150859732933,55,38.67672398219552,45,44.84970900461414,55.15029099538586,Factory
Black Cotton,Agricultural,57.68886442868898,0,0,13671.010146536504,273.49314383260685,4105.103356358037,4,2,2,77.16819526287135,40,3.851892618851707,85,55.2218414967179,44.7781585032821,Individual House
Sandy,Residential,32.66899301493849,1,0,13736.081250784851,895.7002278261409,1948.3416005408283,1,0,0,46.79958375708195,25,45.55167830843584,45,42.76777389208764,57.23222610791236,Individual House
Rocky,Industrial,9.560301976696463,1,0,18121.493546437265,1039.6982627904017,990.0036711012705,1,0,2,31.409997927851293,55,84.06616337217255,45,51.51004011779109,48.48995988220891,Factory
Red Soil,Commercial,39.10007334125746,0,1,1302.9680426129062,702.6529180606406,2938.1364862073533,3,1,0,50.224981664685636,20,34.833211097904226,45,40.537046357116026,59.462953642883974,Shopping Complex
Red Soil,Residential,23.712264694819137,1,0,17207.772580213692,146.55445152472234,4131.533136504389,3,1,2,75.27866673481188,20,60.47955884196811,45,55.71742306767618,44.28257693232382,Individual House
Clayey,Industrial,52.07588542752138,0,0,10899.041286018783,702.9620978753294,244.34979353532782,3,2,2,23.868024513826214,30,13.206857620797706,85,37.4055229850386,62.5944770149614,Factory
Rocky,Residential,28.90729815740586,0,1,12804.739694269878,122.1813221016006,2984.7560858036786,1,1,3,69.44229613455249,55,51.821169737656895,45,56.7600960815076,43.2399039184924,Individual House
Sandy,Residential,15.606178491823508,0,0,2736.0573706668806,1023.1889332598009,3215.8689766967095,4,0,0,52.098455377044125,25,73.98970251362749,85,61.73188501037232,38.26811498962768,Individual House
Loamy,Industrial,15.510809248012972,1,0,9219.683724568868,1185.5523372976313,3011.8351967413982,1,0,2,58.122297687996756,15,74.14865125331171,45,52.37996700412679,47.62003299587321,Factory
Black Cotton,Residential,47.28202993966382,1,1,5318.745737531952,1443.5704908405585,3250.1684211852426,3,0,0,66.17949251508405,40,21.196616767226956,10,36.96197657208616,63.03802342791384,Individual House
Clayey,Agricultural,19.607317906904797,1,0,5830.275571567672,223.20316069268463,3156.8765380207724,2,2,3,83.70598088171272,30,67.32113682182535,45,61.87737751405579,38.12262248594421,Individual House
Red Soil,Industrial,47.19783667875726,1,1,10577.807178844521,798.6305032999562,652.0194249017452,4,1,2,21.240929328345587,20,21.336938868737903,10,18.26855998210543,81.73144001789457,Factory
Loamy,Agricultural,16.323802092162964,1,0,16436.663057659134,851.3060513031279,1174.6838847445767,1,0,1,41.41272717185079,15,72.79366317972838,45,46.19287030507987,53.80712969492013,Individual House
Loamy,Commercial,22.692750278572017,0,0,15131.837672752266,1383.7148006714697,3094.9700264450507,2,2,1,56.326812430356995,15,62.17874953571331,85,58.759071734553274,41.240928265446726,Shopping Complex
Black Cotton,Residential,30.601783484183468,1,1,12228.999222633123,940.9149608947713,88.46580568385387,4,2,1,32.11887024263121,40,48.997027526360895,10,31.99086146651115,68.00913853348885,Apartment
Rocky,Commercial,56.87577173313979,0,0,11248.945662315873,218.26446846798163,3173.722593616222,1,2,0,56.685188958636154,55,5.207047111433681,85,50.64157791338107,49.35842208661893,Shopping Complex
Red Soil,Commercial,56.245228361460356,0,1,9118.81482145531,654.5269859447839,3326.9331189251598,3,1,3,45.93869290963491,20,6.2579527308994045,45,31.893030701097068,68.10696929890292,Shopping Complex
Sandy,Residential,16.377953148225828,0,0,19481.48949766634,982.1437927593757,1195.8737993082925,1,1,0,35.8229876991094,25,72.70341141962362,85,55.71389854959419,44.28610145040581,Individual House
Loamy,Industrial,24.702047268369004,1,0,11643.658530450433,1050.426648103946,2990.664148765698,4,1,0,55.82448818290775,15,58.82992121938499,45,47.74605116886396,52.25394883113604,Factory
Black Cotton,Residential,13.216966364957477,1,1,5825.36156793222,1294.6109978858603,2670.4503036188225,3,2,1,74.69575840876063,40,77.97172272507088,10,54.136446124333936,45.863553875666064,Individual House
Sandy,Commercial,33.04917936224234,1,1,5371.725048760752,270.76067976659573,1303.457740765569,0,2,3,47.56121918875505,25,44.91803439626276,10,34.12593531512996,65.87406468487004,Shopping Complex
Rocky,Commercial,30.332040288206663,1,0,12615.707584727694,1427.3132201332476,2314.870059373773,2,1,2,46.416989927948336,55,49.446599519655564,45,48.10759635469581,51.89240364530419,Shopping Complex
Red Soil,Industrial,54.54180893479028,1,0,10933.723018907645,88.70911802338838,4548.122647060907,3,0,0,71.04200068489914,20,9.096985108682858,45,41.38894651688541,58.61105348311459,Factory
Rocky,Residential,56.15029577850899,1,0,1146.258256139543,1475.643201853353,2133.0139022994144,3,1,1,39.96242605537275,55,6.416173702485011,45,35.090892545001715,64.90910745499829,Individual House
Loamy,Commercial,26.096206505401064,1,1,16771.242071719807,1286.6506392996127,3149.220884397508,4,2,0,55.475948373649736,15,56.50632249099823,10,38.29316255352697,61.70683744647303,Shopping Complex
Sandy,Agricultural,32.04558686604442,1,1,14378.324730416258,990.4091741432569,176.754105203471,4,2,0,11.523685387558317,25,46.59068855659264,10,21.93096202479357,78.06903797520643,Individual House
Sandy,Commercial,54.29299370303732,0,0,13574.756503883966,1102.4932503966324,389.000566610494,2,2,3,10.20676290645055,25,9.511677161604467,85,30.950286307658807,69.04971369234119,Shopping Complex
Sandy,Commercial,49.36892942597838,1,0,2306.83249625552,109.03800887819465,406.5403665165923,4,2,2,35.24629444114558,25,17.718450956702696,45,31.76581579357663,68.23418420642338,Shopping Complex
Loamy,Industrial,5.20109712395571,0,0,7879.061153277337,62.21979434167857,3891.2038181322273,3,2,0,86.96653805851035,15,91.33150479340715,85,76.7711645188304,23.228835481169597,Factory
Loamy,Agricultural,22.60327603009704,0,1,18772.26295392294,152.6486948270483,1751.2844740172634,2,2,0,72.2159487831981,15,62.327873283171606,45,54.35755039491224,45.64244960508776,Individual House
Rocky,Commercial,28.197583306486923,0,0,17389.19558548591,131.03972199620668,1138.0584418290669,2,1,2,51.849389690187195,55,53.00402782252179,85,60.89829334719596,39.10170665280404,Shopping Complex
Clayey,Commercial,17.634395602577744,0,1,6425.315819521135,821.0718502041527,3736.622842258613,1,2,3,67.59140109935556,30,70.60934066237043,45,57.05932555036705,42.94067444963295,Shopping Complex
Rocky,Agricultural,15.976438874276631,1,1,3984.1187978836356,323.1659806676837,849.8003127808723,3,2,0,37.61193769698727,55,73.37260187620561,10,42.25732866299695,57.74267133700305,Individual House
Red Soil,Residential,7.078147862762382,1,0,9532.671186202964,1290.3084558100898,1232.4626253514032,3,2,3,42.879715541337475,20,88.20308689539603,45,51.30867216331712,48.69132783668288,Individual House
Black Cotton,Residential,40.38533487883683,0,1,7760.777194685556,668.6229346021082,2154.657216350104,4,2,3,67.90366628029079,40,32.69110853527195,45,49.18906033191976,50.81093966808024,Individual House
Sandy,Commercial,19.43806597657411,0,1,13962.30115741383,1043.2657146874124,1657.1903450730663,3,2,0,44.2842904073178,25,67.60322337237648,45,47.40030748565535,52.59969251434465,Shopping Complex
Clayey,Commercial,7.8790948137222205,0,0,19362.261391602075,979.3096394552398,2926.9610551832216,4,0,2,70.03022629656945,30,86.86817531046296,85,71.97762303141505,28.02237696858495,Shopping Complex
Black Cotton,Residential,17.7038620790435,1,0,7897.027549668667,479.7795583945651,1689.2030953742383,3,1,0,68.57132288404999,40,70.49356320159417,45,58.87335380981604,41.12664619018396,Individual House
Clayey,Industrial,49.10526740598696,0,0,2182.259280392598,364.75136028859356,1964.7581792944595,1,1,0,67.13376511707683,30,18.157887656688416,85,53.786289705148995,46.213710294851005,Factory
Rocky,Agricultural,51.83190499056006,0,0,18054.66615850532,513.6844279449527,4314.43304124743,3,0,1,41.04202375235998,55,13.613491682399896,85,47.26808123392597,52.73191876607403,Individual House
Loamy,Agricultural,31.568643485631647,1,0,1721.0448745575454,1194.9875607747563,4422.657198140012,1,0,2,54.10783912859209,15,47.38559419061392,45,44.284142242660714,55.715857757339286,Individual House
Sandy,Industrial,27.88388687247774,0,0,19102.55204591333,879.4152726294277,4138.555954067037,3,2,1,49.029028281880564,25,53.5268552125371,85,55.54187370179247,44.45812629820753,Factory
Rocky,Industrial,58.781953142598,1,0,13627.009132171755,380.30799377876303,4324.154663523163,3,1,2,46.48603208762472,55,2.0300780956700066,45,36.277630754586156,63.722369245413844,Factory
Black Cotton,Industrial,16.031056277343843,1,1,18892.094960397033,1226.7696645906453,2848.643346695585,0,1,0,73.99223593066404,40,73.28157287109359,10,52.717675793505805,47.282324206494195,Factory
Black Cotton,Industrial,16.844760557003468,0,0,4793.534046330587,82.13907916546009,3231.1660737569196,3,0,3,98.86046511082154,40,71.92539907166088,85,79.83251255670275,20.167487443297247,Factory
Black Cotton,Industrial,21.052694737001985,0,0,1773.296109822345,1048.775062485443,2785.8658327747025,1,1,1,72.73682631574951,40,64.91217543833002,85,68.93593307009483,31.064066929905167,Factory
Black Cotton,Industrial,14.501652505459802,0,0,10275.989587253345,658.6512086239663,3927.9404202646,2,1,1,74.37458687363505,40,75.830579157567,85,72.23875019516402,27.761249804835984,Factory
Black Cotton,Agricultural,25.86510790123026,1,0,9561.84487683238,1096.9355790988325,2755.0024288072213,1,2,1,71.53372302469243,40,56.8914868312829,45,56.50967476646308,43.49032523353692,Individual House
Clayey,Industrial,55.09588248443646,1,0,7298.353191842774,1391.1919203651403,555.3848227539027,3,2,1,29.33372583396894,30,8.173529192605898,45,28.0601863400406,71.9398136599594,Factory
Rocky,Residential,38.844131234571584,1,0,19195.473013385254,1125.051146920356,4047.9006022842996,4,2,2,44.2889671913571,55,35.25978127571403,45,43.81608383590349,56.18391616409651,Individual House
Sandy,Industrial,27.657060173674502,0,1,16629.090911067215,662.9480329670736,3802.925853387682,0,1,3,49.085734956581376,25,53.904899710542495,45,45.6562321624391,54.3437678375609,Factory
Loamy,Industrial,56.392593701416814,0,0,13570.058406136273,226.4635222708211,4101.502976413127,4,1,3,64.31404023839653,15,6.012343830971972,85,47.513000041181776,52.486999958818224,Factory
Loamy,Agricultural,7.665532786170228,0,1,4094.307541118727,1209.5264637081505,952.1473169488092,0,2,0,39.126563142433625,15,87.22411202304961,45,49.00032510561417,50.99967489438583,Individual House
Rocky,Agricultural,16.565189784602374,0,0,14952.144756151969,691.0582903820573,1358.0852635748354,0,2,0,37.02040782534611,55,72.39135035899605,85,60.55498032862015,39.44501967137985,Individual House
Rocky,Industrial,36.12387328059674,0,1,14813.236639294755,112.96848518569469,1478.75848631765,4,1,1,57.76609229506214,55,39.793544532338764,45,49.66651843635644,50.33348156364356,Factory
Loamy,Agricultural,38.85539427562485,0,1,9076.295298704143,1078.583096665299,2540.402680928368,3,1,0,52.286151431093785,15,35.24100954062524,45,40.61040538603913,59.38959461396087,Individual House
Loamy,Commercial,7.1756628609437225,1,1,18570.93228456626,437.77794887488454,669.385420817299,1,0,0,37.32711576861697,15,88.04056189842713,10,39.82463099362272,60.17536900637728,Shopping Complex
Clayey,Agricultural,27.16713168489227,1,0,4172.579762351199,73.33234425777785,1926.9087663743367,4,2,2,89.346451750797,30,54.72144719184622,45,60.701619910740504,39.298380089259496,Individual House
Red Soil,Agricultural,40.703468065698,1,0,6079.413685821622,1354.1265224611166,910.790805395148,2,2,0,28.039949091478462,20,32.160886557170016,45,32.104203821309966,67.89579617869003,Individual House
Sandy,Agricultural,43.393880052187086,0,0,2201.2624457620395,724.6516381408651,1323.8135651636824,0,2,0,31.627801290226877,25,27.67686657968818,85,42.98894709650145,57.01105290349855,Individual House
Black Cotton,Agricultural,40.09769463839481,1,0,16113.568205374162,421.4415797595323,3531.938172792137,1,1,0,72.68908155482936,40,33.170508936008645,45,50.98380577819243,49.01619422180757,Individual House
Red Soil,Residential,22.63097733985085,1,0,12813.428335812549,1074.5798368273674,4274.055781586406,2,1,3,54.342255665037285,20,62.281704433581915,45,48.840215591158525,51.159784408841475,Individual House
Rocky,Residential,10.143606797885024,1,0,6983.865807943741,1328.8535665238455,114.52933298591927,1,0,3,13.754684960247129,55,83.09398867019164,45,45.087636903634404,54.912363096365596,Individual House
Loamy,Residential,28.491184553063377,0,1,4112.4596082919925,0.4606125506332326,2829.484816775002,3,0,0,84.84956710869616,15,52.514692411561036,45,56.32602159093391,43.67397840906609,Individual House
Red Soil,Industrial,12.081494055243052,0,1,1762.807630546067,1031.7782775632306,180.29881031133564,2,2,1,20.58560269241595,20,79.86417657459492,45,41.42100508599431,58.57899491400569,Factory
Sandy,Industrial,57.11930121863669,1,1,4168.165803892795,1150.5175410276322,426.2462250577515,4,0,3,10.245099196495856,25,4.801164635605517,10,11.036075877674929,88.96392412232507,Factory
Rocky,Commercial,31.134397631244553,0,0,9612.408280415506,314.8911409192395,3525.4201730705454,1,1,2,57.32293213703449,55,48.10933728125908,85,61.59036056827684,38.40963943172316,Shopping Complex
Black Cotton,Residential,22.449254589627717,0,0,5696.362411201517,734.4357471152616,3678.040532510583,4,0,2,72.38768635259306,40,62.5845756839538,85,68.23183414439602,31.768165855603982,Individual House
Black Cotton,Industrial,47.1467239115395,0,1,5920.661371207368,133.92884837690372,4069.9033658639937,4,0,2,88.17758811950091,40,21.422126814100835,45,53.46768754535053,46.53231245464947,Factory
Sandy,Agricultural,32.38717259202451,0,0,17635.95096668657,1120.1248237730213,2371.2075588515245,1,1,0,47.90320685199387,25,46.021379013292474,85,53.27146715152097,46.72853284847903,Individual House
Sandy,Agricultural,22.051871320684754,1,0,10787.615795760912,1271.1840278450288,4299.037410080941,1,2,1,50.48703216982881,25,63.24688113219208,45,48.4821815424881,51.5178184575119,Individual House
Loamy,Residential,49.65822583149409,0,0,14855.787489439877,162.27998598699088,834.1914582081217,0,2,2,46.53247354706945,15,17.23629028084318,85,44.0954383116851,55.9045616883149,School
Black Cotton,Commercial,52.69336830506171,1,1,1678.5080315347186,1224.690380149252,1248.582068175013,0,0,1,49.79829928723483,40,12.17771949156382,10,28.973834623423144,71.02616537657686,Shopping Complex
Rocky,Commercial,42.015449145877234,1,1,7938.103757882545,1157.3552557268004,672.5107380098566,2,1,2,16.946352473727828,55,29.97425142353795,10,24.174786221689228,75.82521377831077,Shopping Complex
Red Soil,Agricultural,7.583043232421701,0,0,10104.217600513395,520.3699805563459,3987.686302909383,2,1,1,58.10423919189458,20,87.3615946126305,85,66.42688237032073,33.573117629679274,Individual House
Rocky,Commercial,36.147758409159266,0,1,4541.920248993509,1035.4342949003749,1143.3755919330945,2,0,0,27.830572236372074,55,39.75373598473456,45,39.179134278913864,60.820865721086136,Hospital/Clinic
Clayey,Residential,46.98122015985049,0,1,3283.6392874652347,0.0721858414676202,777.5562137914782,0,2,0,65.80148808537889,30,21.697966400249186,45,44.20501242994491,55.79498757005509,Individual House
Clayey,Agricultural,12.50766566459702,1,0,17535.77179149701,1397.696481698998,3115.553437940281,4,2,2,68.87308358385074,30,79.15389055900496,45,59.644051894099,40.355948105901,Individual House
Sandy,Industrial,17.576891326153184,1,0,18849.200914896133,825.5748529625592,385.410131803372,3,2,2,19.313979804529144,25,70.70518112307803,45,39.43618821235471,60.56381178764529,Factory
Loamy,Industrial,53.53723077874751,1,1,2497.327262862741,930.5082960929992,224.50138610086267,3,1,3,13.105720027330376,15,10.771282035420825,10,12.029822518420836,87.97017748157916,Factory
Clayey,Commercial,6.106694701919072,1,1,7631.355538306419,996.9891203086479,533.5882427622945,1,1,2,41.14509117976612,30,89.82217549680155,10,43.85632578711853,56.14367421288147,Shopping Complex
Black Cotton,Agricultural,46.39999258042868,1,0,19207.426934745,842.0535258275501,1.2044199358379748,0,1,3,26.42409025360959,40,22.66667903261886,45,32.16510134691807,67.83489865308192,Individual House
Rocky,Agricultural,31.05753108829326,1,0,2580.072929516833,1285.1458313091946,3484.9507711089623,1,2,3,46.23561722792668,55,48.2374481861779,45,47.74182807631881,52.25817192368119,Individual House
Rocky,Industrial,29.572468736178376,1,0,13229.186084695799,914.5527482273159,2811.1766085723934,3,0,0,46.60688281595541,55,50.71255210636937,45,48.490547012176734,51.509452987823266,Factory
Sandy,Agricultural,5.390309287218795,0,1,19472.206048373104,1361.6399868607089,1049.3755451886195,1,1,0,35.63993358196769,25,91.01615118796867,45,50.22801455068086,49.77198544931914,Individual House
Red Soil,Agricultural,50.066902703157105,1,1,19586.249703046116,873.4974333510133,1165.0247398879792,0,1,3,30.78376912197031,20,16.555162161404823,10,20.413109733040812,79.58689026695919,Individual House
Sandy,Agricultural,24.790369535011155,1,0,9953.24328717112,256.6836329708499,4054.842992350198,0,0,2,64.40138963799622,25,58.68271744164807,45,52.21116573371069,47.78883426628931,Individual House
Red Soil,Commercial,34.74210972152986,1,0,4092.2330478652316,1370.3438337589544,2509.100579301502,0,2,3,51.314472569617536,20,42.09648379745023,45,42.7341863487287,57.2658136512713,Shopping Complex
Sandy,Agricultural,42.25153774846127,1,0,4839.601984571338,1022.4412475396651,3492.641785408698,3,1,2,45.437115562884685,25,29.580770419231214,45,38.298183051817446,61.701816948182554,Individual House
Sandy,Residential,43.64462670408537,0,0,17902.426507363496,1048.858491653334,2263.777256374578,0,2,0,45.08884332397866,25,27.258955493191053,85,47.59583403669029,52.40416596330971,School
Sandy,Commercial,57.57890323543398,1,1,18321.977082264984,1478.2226258574026,1188.5901301039614,2,1,2,25.37707679322073,25,4.035161274276717,10,16.140767196196435,83.85923280380356,Shopping Complex
Red Soil,Agricultural,34.2236974280135,1,0,12549.71323359754,112.79483131436874,4852.014003414534,2,1,3,74.67638576413451,20,42.960504286644166,45,51.12686108910812,48.87313891089188,Individual House
Red Soil,Agricultural,26.984575303593516,0,0,15557.351589928316,642.888910642757,2828.2378168769874,0,0,2,53.25385617410162,20,55.02570782734414,85,56.6452766177716,43.3547233822284,Individual House
Sandy,Residential,57.45369945704394,0,1,15058.693777937755,358.6430894799228,654.9095188395621,2,0,3,23.21618014373489,25,4.243834238260106,45,24.186621609872237,75.81337839012777,Individual House
Clayey,Commercial,40.31606292640366,1,0,13574.610361793033,945.6396970704857,2030.450210919534,0,0,2,61.92098426839908,30,32.80656178932723,45,45.62398494127149,54.37601505872851,Hospital/Clinic
Loamy,Industrial,21.398269595210557,1,1,16718.26214256684,1210.2175256221078,1646.6870597345035,3,0,3,49.58417379588742,15,64.33621734131574,10,38.188515163889534,61.811484836110466,Factory
Loamy,Industrial,11.955533497196413,1,1,14022.7258377661,1449.466063338619,1070.4373429426066,2,2,0,40.419863484553034,15,80.07411083800598,10,38.915479929095056,61.084520070904944,Factory
Loamy,Commercial,51.34049758058497,1,1,11146.043809202487,681.8941604320801,4667.199946201297,3,2,3,49.164875604853755,15,14.432504032358366,10,25.565832469788404,74.4341675302116,Shopping Complex
Red Soil,Agricultural,24.919988153678336,1,0,5502.170889174979,1179.3273459639063,4404.5999772987625,2,2,0,53.77000296158042,20,58.466686410536106,45,47.68617263918717,52.31382736081283,Individual House
Red Soil,Agricultural,41.325834675043716,1,1,15133.874738253762,1375.5773880605693,995.735582600582,4,0,3,29.58325298325071,20,31.123608874927143,10,23.635040762869533,76.36495923713046,Individual House
Clayey,Industrial,30.894903065124396,0,0,9995.319488927214,1024.988148803827,1760.7394452775839,4,1,3,59.49106313927057,30,48.50849489145934,85,58.698995821609536,41.301004178390464,Factory
Loamy,Industrial,15.94113788872711,0,1,6601.041996142677,364.09882867465683,3811.5769583541082,3,2,1,66.1687858073388,15,73.4314368521215,45,55.016934245598954,44.983065754401046,Factory
Loamy,Industrial,38.092763474125576,1,1,16236.979239093731,911.7812266616871,1042.5302407010784,2,0,1,33.32741394549017,15,36.512060876457376,10,25.5426101000359,74.4573898999641,Factory
Sandy,Residential,8.337568792287527,1,1,14237.558406707538,1454.9280717257798,2957.824313021222,4,0,1,53.91560780192812,25,86.10405201285413,10,46.64647573388837,53.35352426611163,Individual House
Red Soil,Industrial,27.733835292915572,1,0,18809.4516993693,1481.3307432923482,3498.969710624083,0,0,1,53.06654117677111,20,53.77694117847405,45,46.2675247064884,53.7324752935116,Factory
Loamy,Residential,35.063821681501906,0,0,4143.391160358677,963.5397355751672,3269.861628553832,1,2,2,53.23404457962452,15,41.56029719749682,85,52.52198990224279,47.47801009775721,Individual House
Rocky,Commercial,28.982583576521847,1,1,13334.59640809337,1330.481636807984,3532.0432013775026,4,1,0,46.75435410586954,55,51.69569403913025,10,40.0379474468369,59.9620525531631,Shopping Complex
Clayey,Agricultural,46.17696963880449,0,0,5640.549893675344,300.52404577290423,3533.497945143815,4,2,0,72.42431484392462,30,23.03838393532584,85,56.85810617920508,43.14189382079492,Individual House
Rocky,Industrial,50.53587249999219,0,1,18168.07672073119,369.11790742832517,4824.029599244642,0,0,1,49.21895742930244,55,15.773545833346361,45,40.670021558592445,59.329978441407555,Factory
Rocky,Agricultural,47.41836907182479,1,1,2890.488870875698,1429.3314193272895,1732.494447601598,4,0,2,36.79529668407576,55,20.969384880292026,10,28.87070005949952,71.12929994050049,Individual House
Clayey,Agricultural,7.134712129649117,0,1,13467.074322452667,202.85306324221187,4392.952121879198,4,0,3,88.04513817305501,30,88.10881311725147,45,68.59300163988212,31.406998360117882,Individual House
Rocky,Industrial,15.67708237452847,1,1,16030.628709032568,286.6596571402184,109.0353125755339,4,2,3,25.061856229465455,55,73.87152937578588,10,37.989532024259375,62.010467975740625,Factory
Loamy,Industrial,34.51341300950759,0,0,7743.438966929437,630.8228986800775,1441.014816616416,2,1,0,42.19194307995143,15,42.47764498415402,85,48.8865913240215,51.1134086759785,Factory
Red Soil,Commercial,56.41521222440907,1,1,19128.623508292374,884.3764316300255,243.2789099956578,4,2,0,10.761775143810889,20,5.974646292651556,10,10.760282873496699,89.23971712650331,Hotel/Resort
Clayey,Residential,50.922622627866424,1,0,17163.88300713471,905.7258284524075,3256.019799779201,1,0,2,59.269344343033396,30,15.12896228688929,45,40.27651109178401,59.72348890821599,Individual House
Sandy,Residential,51.33939795934909,0,1,6597.747694013165,437.96401299834656,503.9518536580978,2,0,3,16.96634680342389,25,14.434336734418167,45,24.546805564802902,75.4531944351971,Individual House
Rocky,Agricultural,21.67645065678212,0,1,1143.280761603975,1380.9208469255223,4228.534318260231,2,0,2,48.58088733580447,55,63.87258223869647,45,52.471456127205684,47.528543872794316,Individual House
Clayey,Industrial,28.61963433932864,0,1,6636.486346243157,1372.649861411794,3232.958418951299,3,2,3,64.84509141516784,30,52.30060943445227,45,51.52093435392181,48.47906564607819,Factory
Black Cotton,Commercial,30.888827102376556,1,1,6344.8989389441085,588.1020795785587,144.07700526802847,4,2,1,33.15933332976643,40,48.518621496039074,10,32.235422039428016,67.76457796057198,Shopping Complex
Black Cotton,Commercial,13.655437084245072,0,1,17909.327542517272,651.4376541454457,3573.886827173115,1,2,1,74.58614072893873,40,77.24093819292489,45,62.665383803359774,37.334616196640226,Shopping Complex
Red Soil,Commercial,6.708747163445097,0,0,19375.3023868402,1053.7456752358678,4310.1747362848055,1,0,2,58.32281320913873,20,88.81875472759151,85,66.86767330509643,33.13232669490357,Shopping Complex
Loamy,Commercial,57.07965947032843,1,0,2338.359733434947,994.4938445983512,3305.605038310747,3,2,0,47.73008513241789,15,4.867234216119286,45,31.422338350376084,68.57766164962392,Shopping Complex
Red Soil,Commercial,18.23919221149287,1,1,9954.601742133018,573.4455224414436,152.62107967516093,1,1,2,18.49262354063,20,69.60134631417854,10,29.372754817765134,70.62724518223487,Shopping Complex
Red Soil,Residential,18.197189704799722,0,0,11418.307972066119,621.3663772815052,4289.597742302032,2,1,2,55.45070257380007,20,69.67135049200046,85,61.07558352383013,38.92441647616987,Individual House
Red Soil,Residential,9.585847957281775,0,0,2765.321565264363,522.0584151323085,3662.319564670175,0,1,3,57.60353801067956,20,84.02358673786371,85,65.41713498820377,34.58286501179623,Individual House
Red Soil,Residential,56.06792635690782,0,1,8172.456473612929,353.0775104299618,1892.2565624199212,2,2,3,52.64349903337376,20,6.553456071820307,45,34.31358867963589,65.6864113203641,Individual House
Sandy,Industrial,36.885541321687455,1,1,7024.565930466062,687.2075443862095,1643.1512915775131,0,0,3,39.64164050112839,25,38.52409779718757,10,29.755598624691828,70.24440137530817,Factory
Sandy,Agricultural,41.68702714189446,1,1,11185.070732214659,1029.6511978538106,2399.1009070372006,1,0,3,45.57824321452638,25,30.521621430175898,10,29.832790482628205,70.16720951737179,Individual House
Clayey,Commercial,55.13672879946789,0,1,13562.627094906822,1112.9500579714395,4335.508754689355,4,0,0,58.215817800133024,30,8.105452000886842,45,38.15189923026827,61.84810076973173,Hospital/Clinic
Black Cotton,Industrial,24.009109289543424,1,0,14366.217099434765,1168.310472383944,1260.2967593477877,0,0,0,57.2036578645699,40,59.984817850760955,45,52.267484715289704,47.732515284710296,Factory
Red Soil,Commercial,39.182902112594626,0,0,3598.3454486543633,562.0980201796822,504.81905620600565,2,0,1,20.300655595971456,20,34.69516314567562,85,40.029020245008915,59.970979754991085,Shopping Complex
Clayey,Residential,7.13397001008881,0,0,16446.00633694781,1146.9539914274606,4323.1818648052495,2,2,2,70.21650749747779,30,88.11004998318532,85,72.35329011991355,27.646709880086448,Individual House
Black Cotton,Industrial,15.272489052712114,1,0,13892.29856602442,9.774473537812911,131.44924440361473,2,1,1,66.2243942126255,40,74.54585157881314,45,59.06500086912221,40.93499913087779,Factory
Rocky,Residential,50.71851927994684,0,1,17892.42341818767,715.5749065753233,4554.985111220322,2,2,3,41.32037018001329,55,15.469134533421936,45,37.829413196360136,62.170586803639864,Individual House
Loamy,Commercial,47.17225959860846,0,1,9537.385129273247,1190.8566001990362,1528.7259715070034,3,0,2,40.781454530487956,15,21.379567335652567,45,33.11840091958393,66.88159908041607,Hospital/Clinic
Sandy,Commercial,24.28534803014308,1,1,17983.905491721638,945.06708096203,2541.113508441338,1,2,3,49.92866299246423,25,59.52441994976153,10,38.60613703480286,61.39386296519714,Shopping Complex
Rocky,Agricultural,25.724584527581687,0,1,17449.708324765434,711.0946862317616,661.4776237611403,4,2,2,20.798406343327382,55,57.12569245403053,45,41.06086533367221,58.93913466632779,Individual House
Black Cotton,Commercial,34.34549384544687,0,0,9329.777314826122,966.9630099095237,4511.274846883426,3,2,0,69.41362653863828,40,42.75751025758855,85,62.23414685292053,37.76585314707947,Shopping Complex
Rocky,Residential,5.0132552576824,1,0,8241.722990566594,1360.4190047229959,3749.1811169220236,1,0,3,52.7466861855794,55,91.64457457052933,45,60.87248380758512,39.12751619241488,Individual House
Loamy,Commercial,18.268438482091533,0,1,18723.428284434878,849.5727009153111,4620.777933040171,0,0,2,57.432890379477115,15,69.55260252984745,45,50.98966226527885,49.01033773472115,Shopping Complex
Black Cotton,Agricultural,16.452749473451796,0,0,14588.129956230316,1199.6792871901594,3416.145255590812,3,0,2,73.88681263163706,40,72.57875087758035,85,71.25507214046806,28.74492785953194,Individual House
Rocky,Agricultural,18.776562071236988,1,0,18636.66158232344,1471.1140878377964,923.4688837116306,3,2,3,27.775237156423366,55,68.70572988127168,45,46.397765475066095,53.602234524933905,Individual House
Sandy,Residential,49.32482133933927,1,1,16142.520799020447,1058.35230311335,1541.3350149312466,3,2,0,34.49549496379011,25,17.791964434434547,10,22.771414345935174,77.22858565406483,Apartment
Sandy,Industrial,20.382062110054374,1,0,12576.651346536872,859.9886458335953,2434.242875517367,3,1,0,50.90448447248641,25,66.02989648324271,45,49.324043686180914,50.675956313819086,Factory
Clayey,Commercial,15.533672712758149,0,1,3201.2027630715256,56.22892068801038,3036.2910268010346,0,1,0,94.74284658052983,30,74.11054547873641,45,67.43763267286954,32.56236732713046,Shopping Complex
Rocky,Agricultural,32.734490343616734,1,0,6538.132779002871,561.7168473818813,4632.297186681369,2,0,2,45.81637741409582,55,45.44251609397211,45,46.89636111842656,53.10363888157344,Individual House
Red Soil,Commercial,52.61047700050025,0,0,19408.00573486944,848.1641002726775,1919.7573289456948,3,1,0,45.24252732878883,20,12.315871665832915,85,43.16385248153432,56.83614751846568,Shopping Complex
Rocky,Commercial,18.274233711062493,1,1,7069.019875569885,1195.8098575590486,3515.3601095357294,1,0,2,49.43144157223438,55,69.54294381489585,10,45.436740504005996,54.563259495994004,Shopping Complex
Black Cotton,Industrial,9.319493353603928,0,1,2771.842525922045,657.1571844713644,4805.044244554109,2,0,1,75.67012666159901,40,84.46751107732679,45,64.85142210089136,35.148577899108645,Factory
Black Cotton,Agricultural,24.602260471731558,0,1,14443.513762467075,1440.0874136471602,761.8703170772651,0,2,0,47.08684122361241,40,58.99623254711407,45,48.47945256504286,51.52054743495714,Individual House
Rocky,Commercial,46.12085035107378,1,0,14946.08083633,407.69062893551234,4313.547943897741,4,1,3,48.00834967610081,55,23.131916081543707,45,42.08590140702121,57.91409859297879,Shopping Complex
Loamy,Agricultural,35.287979958213704,0,1,6423.696685455865,1116.8507928154747,2103.5303519659933,0,0,3,53.178005010446576,15,41.18670006964382,45,42.40897677106726,57.59102322893274,Individual House
Sandy,Residential,49.92363532658911,0,0,6655.767607579771,628.5471256261912,3662.108879646684,4,0,3,43.51909116835272,25,16.793941122351484,85,44.43016718951132,55.56983281048868,Individual House
Black Cotton,Residential,57.777568118507865,1,1,9908.966724666894,728.9827418488588,1467.6916936854184,1,1,3,52.9094418440814,40,3.7040531358202315,10,27.944317929383548,72.05568207061646,Individual House
Sandy,Commercial,48.59643622133894,0,0,1413.9900454828553,1203.7530507981605,1669.9210913300078,4,1,1,37.24931277126542,25,19.005939631101768,85,42.78874437771834,57.21125562228166,Shopping Complex
Black Cotton,Agricultural,38.20916933640644,0,1,15997.137196862108,444.3228924775583,135.66612434033064,3,1,1,34.501656604051504,40,36.31805110598927,45,38.40509258791534,61.59490741208466,Individual House
Clayey,Commercial,32.13378734288092,0,1,7024.686958208386,145.2180848927147,4857.020765834798,2,1,0,85.25346807071689,30,46.44368776186513,45,57.199635765217195,42.800364234782805,Shopping Complex
Red Soil,Agricultural,7.203799749154667,1,0,17221.498938037574,780.3833769201407,4067.262876153922,2,1,0,58.199050062711336,20,87.99366708474221,45,56.618084293134515,43.381915706865485,Individual House
Black Cotton,Agricultural,59.13770883477227,1,0,16249.97801040064,793.1919177056232,469.5897896311024,3,1,3,32.60736858392898,40,1.4371519420462278,45,29.0218669898867,70.9781330101133,Individual House
Sandy,Industrial,26.091461741627338,1,1,13566.638629256879,1195.7516583380607,4997.543978318872,2,1,3,49.477134564593165,25,56.514230430621105,10,37.695554705262886,62.304445294737114,Factory
Clayey,Industrial,13.372551765427675,1,0,7172.622474886485,1452.4788093481527,3025.1229860147073,0,0,3,68.65686205864309,30,77.7124137242872,45,59.20800515159688,40.79199484840312,Factory
Black Cotton,Industrial,41.66898704680512,1,1,10810.01467156223,82.9510294925226,4268.643189821915,3,2,2,92.60569146874737,40,30.55168825532479,10,48.54991407789277,51.45008592210723,Factory
Loamy,Commercial,20.635855900250263,1,0,9451.75589436122,887.5342106146633,333.30381638934483,3,0,0,23.50711235272433,15,65.60690683291622,45,38.129216031682574,61.870783968317426,Shopping Complex
Red Soil,Industrial,37.21780490120762,1,0,7438.75583872481,1021.9177954721998,1947.2558924596183,2,0,3,49.64066662389047,20,37.970325164653964,45,41.11681460952515,58.88318539047485,Factory
Black Cotton,Industrial,37.272234931452516,1,1,17114.589496760385,1478.7020261227826,3348.2556115180496,4,2,3,68.68194126713686,40,37.87960844757914,10,42.00858155539269,57.99141844460731,Factory
Clayey,Residential,29.515140149657803,0,1,10186.634416975641,1413.8853214153673,532.1685934985077,1,2,3,35.2645868325557,30,50.80809975057033,45,40.794630329037076,59.205369670962924,Individual House
Loamy,Agricultural,50.98652385497734,0,0,16821.738858145785,1068.6761470679662,2444.514193270003,4,2,1,49.25336903625566,15,15.022460241704422,85,44.49429422311559,55.50570577688441,Individual House
Rocky,Agricultural,19.573188385549365,0,0,2999.1510086946614,782.6841168666988,2213.389372720708,0,1,1,49.10670290361266,55,67.37801935741771,85,63.531850855618856,36.468149144381144,Individual House
Clayey,Industrial,29.674792538975378,0,0,3679.470983406379,242.2858834488919,1080.2011223678987,3,1,1,61.64817130568061,30,50.54201243504103,85,59.96236306574847,40.03763693425153,Factory
Clayey,Agricultural,34.573067072503434,1,0,19569.08579714656,576.2648328066261,1501.3491792590112,3,1,2,53.38371681705436,30,42.37822154582761,45,45.02885627242593,54.97114372757407,Individual House
Loamy,Residential,41.499359642201476,0,1,12167.600789515704,877.6834875857315,4835.591772474912,0,0,2,51.62516008944963,15,30.834400596330866,45,39.27740618039009,60.72259381960991,School
Clayey,Residential,48.11845177780742,0,1,10685.62379648193,1087.8005948936307,1443.2424300496798,1,2,0,48.83523565654174,30,19.802580370320968,45,37.79297757236985,62.20702242763015,Individual House
Loamy,Industrial,26.714400558304085,0,0,10939.965199738122,953.0993362186683,1067.130669842055,3,2,3,36.66401325726508,15,55.47599906949319,85,50.20140440741608,49.79859559258392,Factory
Black Cotton,Residential,40.53258192531278,0,1,5090.106706624337,1071.184202741612,2681.045855341667,4,0,0,67.8668545186718,40,32.445696791145366,45,49.11482327932147,50.88517672067853,Individual House
Loamy,Agricultural,13.283602418768552,0,0,14655.375040537487,643.7287568278465,3354.7901703514895,0,1,0,58.67909939530786,15,77.86066263538575,85,63.50285044720418,36.49714955279582,Individual House
Loamy,Commercial,56.29564552983632,1,0,2610.831850865333,1091.4409358565135,3625.465555347824,3,2,1,47.92608861754092,15,6.17392411693946,45,31.817612045374187,68.18238795462581,Shopping Complex
Red Soil,Agricultural,26.068234353155194,1,0,11893.150548957441,215.61188402957882,3771.235922484581,4,0,3,70.54622836993646,20,56.552942744741344,45,53.079415615663095,46.920584384336905,Individual House
Loamy,Commercial,45.12367820870411,0,1,11844.607135132126,243.87946764467034,184.1624575737655,0,1,1,29.76956154061906,15,24.7938696521598,45,30.11781395225662,69.88218604774337,Shopping Complex
Loamy,Industrial,6.118759503519771,0,0,18369.580058536707,244.24821874419422,1968.8020018978164,0,0,1,75.19145703742474,15,89.80206749413371,85,72.26752683663209,27.732473163367914,Factory
Rocky,Commercial,16.285292859764382,0,1,10997.473391992347,1336.2974355536642,3869.7903989154506,0,1,3,49.928676785058904,55,72.85784523372604,45,55.189498183202126,44.810501816797874,Shopping Complex
Black Cotton,Residential,31.78953993779679,0,1,3604.191223509411,114.05109496295174,4524.260509000647,1,0,0,93.20954931777369,40,47.01743343700535,45,61.627700620472126,38.372299379527874,Individual House
Red Soil,Agricultural,53.30388572527906,1,0,11882.311925715088,1202.2625591002138,3011.0006166639164,0,1,0,46.674028568680235,20,11.16019045786824,45,33.375957613505136,66.62404238649486,Individual House
Rocky,Commercial,33.999033247287244,0,1,2735.2252429413147,350.3563470701057,261.5342675484283,2,0,1,19.709546214940413,55,43.334944587854594,45,37.232077322192794,62.767922677807206,Shopping Complex
Sandy,Agricultural,56.14287652616335,1,0,4872.082870698512,702.644910742876,1983.229029275656,2,0,3,41.628861453972284,25,6.4285391230610855,45,31.177236289655568,68.82276371034443,Individual House
Black Cotton,Industrial,31.6088293120538,0,0,1591.0630995609065,1373.9348931985169,371.1355793422733,0,0,0,37.52050425883202,40,47.31861781324367,85,52.21183094390212,47.78816905609788,Factory
Black Cotton,Industrial,31.974700320477247,1,1,10752.578066730468,878.9058445312601,3742.6893134229226,3,0,2,70.00632491988068,40,46.70883279920459,10,44.679421921759385,55.320578078240615,Factory
Sandy,Residential,11.586073367529254,1,0,2606.119690577875,315.1765293485379,317.52734640832614,2,2,0,30.543436825371938,25,80.68987772078458,45,45.862672319076324,54.137327680923676,Individual House
Loamy,Industrial,49.14609342837209,1,1,9918.493192095251,426.1350904782107,928.6553336758863,4,2,3,32.71847788773206,15,18.089844286046514,10,20.723928332217845,79.27607166778216,Factory
Rocky,Commercial,18.583097685688436,0,1,18725.95567115874,1380.6699358436786,2084.792119823871,4,2,3,49.35422557857789,55,69.02817052385261,45,54.03102158346542,45.96897841653458,Shopping Complex
Clayey,Industrial,54.47868691547733,0,1,14675.466847367308,640.7158876649675,2313.24183557436,3,2,3,58.380328271130665,30,9.202188474204448,45,38.483662013446846,61.516337986553154,Factory
Red Soil,Residential,55.09533211817179,1,0,2470.8218102805677,880.4782245101842,2032.4085015750616,4,0,1,46.22616697045705,20,8.174446469713686,45,32.47277005708839,67.52722994291162,Individual House
Clayey,Agricultural,56.88205615307823,0,1,5259.98643196802,689.8982949380832,2316.98323303,3,2,0,57.779485961730444,30,5.196573078202945,45,37.27196335615639,62.72803664384361,Individual House
Sandy,Agricultural,33.61267690066995,0,0,13799.58597797525,567.6571320726744,3566.195760100999,4,2,2,47.59683077483251,25,43.97887183221675,85,52.65360872924556,47.34639127075444,Individual House
Black Cotton,Industrial,42.24015816310044,1,0,17999.335359459492,334.9186903986029,1846.3441147777075,0,0,1,74.27172133086287,40,29.599736394832604,45,50.64503656451016,49.35496343548984,Factory
Black Cotton,Commercial,47.81837340339149,0,1,1625.4531485151215,1029.287250726903,2738.752295753096,4,2,0,66.04540664915213,40,20.30271099434752,45,45.441570075790125,54.558429924209875,Shopping Complex
Red Soil,Residential,12.205804025775608,1,1,16436.571502691288,1077.3630394081806,1516.846287643661,0,2,3,47.285474746429315,20,79.65699329037399,10,41.96416448384376,58.03583551615624,Apartment
Black Cotton,Commercial,38.052645724862344,0,0,11674.463726427864,412.32763741109926,1768.1374754524131,4,1,0,69.10992983316672,40,36.57892379189609,85,60.58320638958237,39.41679361041763,Shopping Complex
Black Cotton,Residential,6.886384571682142,0,1,11375.73518063146,1183.5162645822456,3068.994795210404,4,2,3,76.27840385707947,40,88.52269238052976,45,66.07811444511026,33.92188555488974,Individual House
Red Soil,Industrial,32.36613458637993,1,1,19198.4504723138,1281.8028004525193,2452.4732581851,4,1,3,51.90846635340502,20,46.05644235603346,10,35.18207381270012,64.81792618729989,Factory
Rocky,Residential,13.516347489112507,1,1,15205.247639338688,1381.0126443594456,3615.1814742964057,0,2,0,50.62091312772188,55,77.47275418481249,10,47.83550814090577,52.16449185909423,Individual House
Rocky,Residential,15.060760927914659,1,0,17152.258493066125,241.8186208775549,2802.6929402587484,4,0,0,65.72569251536804,55,74.8987317868089,45,61.228675327081035,38.771324672918965,Individual House
Red Soil,Industrial,25.077616168093083,1,1,7725.915821348667,455.8855254198996,4017.8704269193645,4,2,2,56.37746443278276,20,58.203973053178196,10,39.78310581476851,60.21689418523149,Factory
Sandy,Commercial,28.784044169407665,0,0,11532.916775739786,1290.5300212555435,2217.0410649735827,1,0,0,48.80398895764809,25,52.02659305098722,85,55.08804439792363,44.91195560207637,Shopping Complex
Black Cotton,Industrial,39.2744833492703,0,0,12692.707871127644,297.810304241841,2455.1680993340074,0,2,0,80.31276090817195,40,34.54252775121617,85,63.995098255664224,36.004901744335776,Factory
Black Cotton,Residential,9.093563014118361,0,1,7110.094866886836,5.202688865243054,3349.856744504698,2,2,1,100.0,40,84.84406164313606,45,73.46101541078401,26.538984589215985,Individual House
Sandy,Industrial,32.70304686805946,1,1,11834.71437400059,1306.2409653774519,1106.2197220602443,3,0,3,29.94863272419002,25,45.49492188656756,10,28.105751925108397,71.8942480748916,Factory
Rocky,Residential,15.044382163920561,0,0,5496.452210114563,489.67416262705405,1929.6476846563044,1,0,3,49.451408394522716,55,74.92602972679907,85,65.53950036978271,34.460499630217285,Individual House
Loamy,Industrial,36.568634626745805,0,0,3724.1377502965515,621.746287708425,3124.206220058539,4,0,2,52.85784134331355,15,39.05227562209033,85,51.76331337568232,48.23668662431768,Factory
Loamy,Agricultural,40.05725367436509,0,1,8105.43492626932,669.5010385809569,144.38134632868193,2,0,1,14.873313507982365,15,33.23791054272485,45,27.01513736347504,72.98486263652495,Individual House
Loamy,Agricultural,35.619009110406964,1,0,15046.502946182303,1272.4119010008428,2184.857168169708,2,1,2,53.095247722398256,15,40.634984815988396,45,42.24208290683649,57.75791709316351,Individual House
Rocky,Industrial,45.60625307630692,1,1,18407.555813403866,506.8382168901906,2994.249681530584,4,1,0,42.59843673092327,55,23.989578206155144,10,31.65684740736193,68.34315259263806,Factory
Rocky,Commercial,23.458508433249573,0,0,9696.566978466419,1338.4198287847225,4836.877659890989,4,0,2,48.13537289168761,55,60.90248594458404,85,61.57300199823668,38.42699800176332,Shopping Complex
Sandy,Residential,47.0808625398222,0,1,13213.650077233202,925.408707072072,4385.082808088356,1,1,3,44.22978436504445,25,21.531895766963004,45,35.86339846950631,64.13660153049369,Individual House
Black Cotton,Agricultural,28.802189493950653,1,0,2957.705488526909,790.9300860505264,1403.7097647132907,0,2,1,58.873647920778154,40,51.99635084341558,45,50.85486448312625,49.14513551687375,Individual House
Sandy,Commercial,31.630147407742825,1,1,18184.811412494248,488.42176069119364,2536.0505201446235,1,2,0,48.78715750659268,25,47.28308765376196,10,35.146277040747925,64.85372295925208,Shopping Complex
Sandy,Residential,40.64561699935893,1,1,11803.480057828754,365.56754442177873,282.0718633004565,0,2,1,19.54598035086267,25,32.257305001068445,10,21.155419373069044,78.84458062693096,School
Rocky,Agricultural,6.009711119957318,1,0,15826.426704877984,936.087664166023,1203.7720740890356,2,1,1,36.57301370179138,55,89.98381480007114,45,54.79650849564477,45.20349150435523,Individual House
Loamy,Agricultural,40.96968217811366,0,1,16094.382817506483,670.3412400848641,3874.2793403404507,3,1,2,51.757579455471586,15,31.71719636981058,45,39.5444519018677,60.4555480981323,Individual House
Clayey,Industrial,39.022183198966346,1,0,5873.130000994012,1365.7740148980095,616.5700613767227,4,2,0,34.575855427792874,30,34.96302800172276,45,36.59230640015819,63.40769359984181,Factory
Black Cotton,Residential,22.041591421430397,0,0,11054.314610455142,737.4580741710746,1288.4526241697831,1,0,1,58.25865462803806,40,63.26401429761601,85,63.45653269421732,36.54346730578268,Individual House
Rocky,Commercial,9.71868566947192,1,0,19249.11527965857,767.6923750517867,4720.21250867904,2,2,1,51.57032858263202,55,83.80219055088013,45,58.50016264164124,41.49983735835876,Shopping Complex
Loamy,Commercial,10.001449745217263,0,0,2703.056351595728,625.0849217040012,4119.27900246229,1,1,2,59.499637563695686,15,83.33091709130457,85,65.15760242011963,34.84239757988037,Shopping Complex
Clayey,Commercial,55.77730608418757,0,1,13977.948062561705,1183.8944954869276,3909.1385632445604,0,2,1,58.05567347895311,30,7.037823193020714,45,37.828941515888765,62.171058484111235,Shopping Complex
Clayey,Residential,42.91036266742104,1,0,19283.017482668267,637.2587971639056,4322.787451510784,4,2,3,61.272409333144736,30,28.48272888763161,45,44.31602548850856,55.68397451149144,Individual House
Rocky,Commercial,11.990643757390721,0,0,6710.965053026421,404.01299962463236,3748.02843291177,0,1,3,56.761559083174376,55,80.01559373768214,85,69.37044411353156,30.629555886468438,Shopping Complex
Red Soil,Commercial,24.61977431198985,0,0,17367.510506682615,1293.0463114402646,602.9310805911747,0,1,0,25.903678033826033,20,58.967042813350254,85,48.058048015176674,51.941951984823326,Shopping Complex
Black Cotton,Commercial,37.586564664587804,0,1,18739.49336275716,895.2423320478604,2582.8066324261567,0,1,0,68.60335883385305,40,37.35572555902033,45,50.600106981603645,49.399893018396355,Shopping Complex
Clayey,Industrial,50.956443779985676,1,0,15194.637978501676,887.2653296535026,2221.21960401161,2,1,2,59.26088905500358,30,15.072593700023873,45,40.25945959425722,59.74054040574278,Factory
Rocky,Industrial,7.401351079215469,1,1,5395.237933832207,916.2333107458899,1555.7578913519005,4,2,1,43.26482005723415,55,87.66441486797422,10,47.808790737025504,52.191209262974496,Factory
Rocky,Residential,18.014822230850488,1,1,7346.013657705284,1078.2596223085002,4170.202048598027,3,1,2,49.49629444228738,55,69.97529628191586,10,45.56752712527955,54.43247287472045,Apartment
Loamy,Residential,53.9361944662459,0,0,1680.3765939368839,469.6019839688503,2320.696011871168,1,0,2,50.33983234530751,15,10.106342556256834,85,43.64552695992184,56.35447304007816,Individual House
Red Soil,Commercial,5.504105260109907,0,1,16797.61145066175,50.76655624950427,301.4880067877485,0,1,3,51.607740445757244,20,90.82649123315015,45,55.01933196430257,44.98066803569743,Shopping Complex
Black Cotton,Industrial,16.076950653663808,0,0,17142.61254371052,1215.8897413155144,1374.8279186013413,4,1,1,61.477320708610875,40,73.20508224389366,85,67.06833280898722,32.93166719101278,Factory
Sandy,Agricultural,57.74632967851313,0,1,13021.495889357662,193.35758082245613,1143.1052901472256,1,2,3,42.82406853396886,25,3.7561172024781087,45,30.927453287508627,69.07254671249137,Individual House
Loamy,Agricultural,38.73710155871941,1,1,7698.029174013175,1082.7296058158163,4437.394424056418,4,0,3,52.315724610320146,15,35.43816406880099,10,31.920044630812296,68.0799553691877,Individual House
Clayey,Commercial,19.391925165062855,0,0,2459.4095251584904,123.47294743099313,3237.1905031949996,1,0,0,89.7436418628747,30,67.68012472489525,85,74.08030583322996,25.919694166770043,Shopping Complex
Clayey,Commercial,8.684510191771619,0,1,15308.09458838328,562.9617630427382,2801.8813294103757,4,0,2,69.8288724520571,30,85.52581634704731,45,61.571559444981816,38.428440555018184,Shopping Complex
Loamy,Industrial,6.550523724597219,0,0,14803.997678588536,94.53910474730736,2533.246208393525,3,1,3,84.69002278401226,15,89.08246045900464,85,75.41212308915544,24.587876910844557,Factory
Rocky,Industrial,18.460979380031,1,1,18339.44791303912,783.3205194415868,3250.5651377073273,4,2,0,49.38475515499225,55,69.23170103328167,10,45.3425895625677,54.6574104374323,Factory
Clayey,Industrial,53.48172007739008,0,0,14880.108399101882,979.7036591723627,3774.377733885624,4,2,0,58.62956998065248,30,10.863799871016539,85,48.9862994609825,51.0137005390175,Factory
Red Soil,Residential,27.87525098636302,1,0,16745.203902636036,257.14971176728244,2771.9235291575496,0,1,1,67.6022045473723,20,53.54124835606163,45,51.296083680595714,48.703916319404286,School
Black Cotton,Residential,44.618335304129616,1,0,15173.137740175991,557.4414276576031,4691.427075763053,0,0,1,66.84541617396759,40,25.63610782645064,45,47.05492261750132,52.94507738249868,School
Red Soil,Commercial,55.505676945897676,0,0,12983.056577934012,1395.3592365645804,4884.170853251923,0,0,3,46.12358076352558,20,7.490538423503878,85,42.26588787310992,57.73411212689008,Hospital/Clinic
Clayey,Residential,27.442225388154913,0,1,9112.361489629177,663.5836756611851,4976.711583044115,4,2,0,65.13944365296128,30,54.262957686408484,45,52.114544700138566,47.885455299861434,Individual House
Sandy,Industrial,15.520255407056839,0,0,18140.228864203276,1203.815353464835,3346.9555504432237,3,1,0,52.119936148235794,25,74.13290765490527,85,61.775204565608846,38.224795434391154,Factory
Black Cotton,Industrial,33.44148619713057,0,0,13368.402866241926,1390.7771175903135,4663.102333779392,1,0,0,69.63962845071735,40,44.26418967144905,85,62.689917375613334,37.310082624386666,Factory
Black Cotton,Residential,54.944602788291995,1,0,8568.751117352273,1461.5187374659297,2022.3984765397734,0,1,2,64.263849302927,40,8.425662019513354,45,41.84876276090279,58.15123723909721,School
Loamy,Agricultural,49.24059277757353,1,0,2585.916608457187,1347.4830295370539,4297.961956236926,2,2,0,49.689851805606615,15,17.932345370710777,45,35.37453447464001,64.62546552536,Individual House
Loamy,Commercial,8.620641384973458,1,1,6523.39226218326,476.1079937384537,4545.871493698404,4,1,2,61.278360029449416,15,85.63226435837757,10,47.60549209990168,52.39450790009832,Shopping Complex
Sandy,Agricultural,43.091504004267,1,0,11330.807961773131,1443.8593292417895,4520.702361661378,3,1,1,45.22712399893325,25,28.18082665955501,45,37.87470006451539,62.12529993548461,Individual House
Rocky,Commercial,36.45436373524245,1,1,6237.072030307696,1218.5928626190705,4154.231414541908,3,1,3,44.88640906618939,55,39.24272710792924,10,36.2709249501486,63.7290750498514,Shopping Complex
Black Cotton,Agricultural,54.9104746990534,1,0,5203.4716104401405,1255.7633754592316,2032.9958082062521,0,1,1,64.27238132523665,40,8.482542168244336,45,41.86596900589391,58.13403099410609,Individual House
Sandy,Residential,11.736477926766348,1,0,11020.476767669097,22.759476257752155,794.5374099036717,0,0,3,57.59106014091672,25,80.43920345538942,45,55.2666719131682,44.7333280868318,Individual House
Loamy,Commercial,34.37198622625611,1,0,4226.586572018958,1431.3582949774404,1669.7817817222294,2,2,0,46.802639077880556,15,42.71335628957315,45,40.55926274965148,59.44073725034852,Shopping Complex
Loamy,Commercial,53.37044814315408,1,0,16207.791203176965,1167.1353357731111,3836.442846490465,2,0,3,48.65738796421148,15,11.049253094743207,45,33.29239906115982,66.70760093884019,Hospital/Clinic
Black Cotton,Commercial,27.551308270795865,1,0,10202.994875510502,1151.95124476185,1164.4275566498764,0,0,3,54.40072406529856,40,54.0811528820069,45,49.81054164335622,50.18945835664378,Shopping Complex
Red Soil,Industrial,31.509720475307688,0,0,11903.392705290353,122.28709639287938,2391.360324129862,1,0,1,74.78534409760032,20,47.48379920782052,85,62.29582023611524,37.70417976388476,Factory
Clayey,Industrial,8.875337271682707,0,1,3800.2820843496224,348.8528116099969,2826.99758992336,0,0,3,78.8499969854795,30,85.20777121386216,45,64.64944174838337,35.35055825161663,Factory
Loamy,Agricultural,20.297900224690096,0,1,7166.950376957981,1443.3924977068486,3019.2928121893765,0,2,0,56.925524943827476,15,66.17016629218318,45,49.96647530338541,50.03352469661459,Individual House
Rocky,Residential,22.847865704292104,1,0,8791.703981961906,751.0156122082144,4678.6277418939935,3,2,2,48.288033573926974,55,61.92022382617983,45,51.8808677074194,48.1191322925806,Individual House
Rocky,Industrial,56.981734680968785,0,0,16356.043779813555,596.7870273558841,3307.465102071588,0,0,0,39.75456632975781,55,5.030442198385359,85,44.67170876501157,55.32829123498843,Factory
Loamy,Commercial,20.546704829763748,1,0,15633.030938636899,1259.9112257203706,3931.494080386511,0,1,3,56.863323792559065,15,65.75549195039375,45,49.84103631499411,50.15896368500589,Shopping Complex
Red Soil,Industrial,30.34778043983086,1,1,5236.572020965946,131.0106211709165,2909.391739458167,0,1,1,74.5524176197873,20,49.42036593361523,10,43.94843765032937,56.05156234967063,Factory
Red Soil,Residential,41.92174329603539,0,0,12707.402550533146,625.413024406589,4167.901594309817,1,1,0,49.51956417599115,20,30.13042783994102,85,49.11445442158215,50.88554557841785,Individual House
Sandy,Industrial,13.920085482433256,1,1,5625.6707976679545,563.5511616331254,1318.3180653488141,3,1,3,38.88633993636797,25,76.79985752927792,10,39.06018336004827,60.93981663995173,Factory
Rocky,Commercial,31.754331292803098,0,1,19776.695958114662,524.7770805455891,1049.3883583439463,4,1,1,27.04918434367815,55,47.07611451199484,45,40.736243148286064,59.263756851713936,Shopping Complex
Sandy,Agricultural,45.61964717117492,1,1,19090.35368448654,461.5383654796097,4631.600243789849,4,2,2,46.90278627842969,25,23.967254714708474,10,28.65778887612751,71.34221112387249,Individual House
Rocky,Commercial,52.67703671648863,1,1,11702.02968989179,315.1124351851171,3467.404381786892,4,1,1,51.92399470977082,55,12.20493880585228,10,31.974632849882855,68.02536715011715,Shopping Complex
Clayey,Residential,39.44426010643347,0,1,14279.148865988716,259.36620448578327,3357.6278852911055,4,2,3,76.57696270424464,30,34.259566489277546,45,51.116828568805005,48.883171431194995,Individual House
Clayey,Agricultural,41.797943342432134,0,0,16227.177261964256,960.6091753795112,2336.4761931422495,3,1,1,61.55051416439197,30,30.336761095946443,85,54.876870231523796,45.123129768476204,Individual House
Black Cotton,Industrial,11.945590992151292,0,1,14698.969980853173,1379.0922618130176,1883.4862964675524,0,1,3,72.68332818131321,40,80.09068167974785,45,62.71183528339658,37.28816471660342,Factory
Sandy,Industrial,57.017707348549095,0,1,14296.745130565996,763.2774678748222,2778.455972393194,4,0,1,41.745573162862726,25,4.97048775241818,45,30.8535725451065,69.1464274548935,Factory
Loamy,Industrial,12.291574261646529,0,0,19212.526151041035,446.9618285199664,602.8317471083355,0,0,1,34.16603166555709,15,79.51404289725579,85,55.33662180725893,44.66337819274107,Factory
Sandy,Agricultural,47.607011544998905,0,0,12332.666019838383,238.7402965833395,2273.5628054155386,4,0,1,59.773829318749904,25,20.654980758335157,85,51.08458545114625,48.91541454885375,Individual House
Loamy,Commercial,19.564897697807535,1,1,13089.750764562057,1245.2150475788912,2276.8385223274045,1,2,3,57.108775575548115,15,67.39183717032077,10,41.58603074402203,58.41396925597797,Shopping Complex
Red Soil,Agricultural,56.34762290356883,1,0,17136.106258325442,1457.2380847098207,2691.682564721326,0,2,1,45.91309427410779,20,6.087295160718611,45,31.84140678611738,68.15859321388263,Individual House
Sandy,Agricultural,44.597774665321374,1,0,13727.92648930973,523.7331022017778,3173.4280718360114,3,0,3,44.85055633366966,25,25.670375557797712,45,37.115288606233804,62.884711393766196,Individual House
Red Soil,Residential,46.45975421381029,1,0,14925.719818332927,436.4256383281934,4786.5918299268105,1,0,0,52.199523146855825,20,22.56707631031618,45,38.16160217897858,61.83839782102142,Individual House
Clayey,Agricultural,17.048254518293582,0,1,5449.205037736207,902.239429462412,3260.8456354587843,1,1,2,67.73793637042661,30,71.5862424695107,45,57.354838347026984,42.645161652973016,Individual House
Clayey,Industrial,29.367198714933846,1,1,8054.071558186347,1162.9934714301387,4418.625759767057,3,2,0,64.65820032126653,30,51.054668808443594,10,42.39403731455418,57.60596268544582,Factory
Black Cotton,Commercial,38.979725702410754,1,0,3798.7255685259674,683.1042053244965,2781.519307345819,1,1,2,68.25506857439731,40,35.033790495982075,45,49.89772162503458,50.10227837496542,Shopping Complex
Sandy,Commercial,47.348549001363054,0,0,10609.543404361304,945.1097247914238,3134.639413137449,0,1,3,44.16286274965924,25,21.08575166439492,85,45.72843987847946,54.27156012152054,Shopping Complex
Red Soil,Commercial,10.717765675181425,1,1,9658.82061292468,1074.8236020349377,349.18476554784803,2,0,0,24.304253892161604,20,82.13705720803097,10,34.5407531642643,65.4592468357357,Shopping Complex
Loamy,Industrial,57.93009240499906,0,1,19946.09347130968,1440.8884317842687,666.3186144220779,2,1,2,20.843849187191793,15,3.4498459916682265,45,21.657808713434186,78.34219128656582,Factory
Clayey,Industrial,53.96213688050058,0,0,12612.964403495307,247.5559957801251,2898.352175987698,4,1,2,73.65610603306735,30,10.063105199165705,85,54.045413411365,45.954586588635,Factory
Clayey,Industrial,19.869172477257138,0,1,15942.451640694044,1496.0737407380543,1978.5643497901463,4,0,0,66.60399387648863,30,66.88471253790478,45,55.782575991247214,44.217424008752786,Factory
Loamy,Industrial,50.25181336677826,1,1,7346.27874439543,588.2349828618432,3994.0525993275087,0,0,0,49.437046658305434,15,16.246977722036235,10,26.11471076091596,73.88528923908405,Factory
Red Soil,Industrial,33.507815767190294,0,0,16799.361295513132,1084.8002140898307,2715.88937437088,3,1,3,51.623046058202426,20,44.15364038801618,85,53.35647621737489,46.64352378262511,Factory
Red Soil,Agricultural,30.399356485911024,1,0,12686.614363265984,858.6215669594958,4411.45519475669,0,1,2,52.40016087852224,20,49.33440585681495,45,44.92365777168652,55.07634222831348,Individual House
Sandy,Industrial,22.293875819627296,1,1,14242.85430037033,730.0029255132602,4861.658392311457,4,1,3,50.42653104509318,25,62.84354030062118,10,39.610170940937905,60.389829059062095,Factory
Sandy,Industrial,36.953272264737585,1,1,6594.184781039633,1047.1130530973796,738.1759256074249,1,2,3,21.525200445964103,25,38.41121289210403,10,23.386623379113445,76.61337662088656,Factory
Rocky,Industrial,45.14390147369788,0,1,11424.129442215966,593.6307753353926,1974.1387582781329,0,1,1,42.19679979713818,55,24.760164210503532,45,40.458920981624246,59.541079018375754,Factory
Rocky,Industrial,27.601309772951705,0,0,13046.702494858564,189.1649720052096,3324.905126190154,0,0,3,65.7497742364495,55,53.997817045080495,85,66.01187524402745,33.98812475597255,Factory
Black Cotton,Commercial,39.60705561545606,0,0,12192.798840515039,733.3400746818596,1527.4437770017485,3,1,2,58.647111636170955,40,33.98824064090657,85,56.273549232886474,43.726450767113526,Shopping Complex
Clayey,Industrial,43.462210663541704,1,0,18388.680517066765,782.8738060234779,1335.1616886074758,4,2,1,47.83768110626409,30,27.56298222743048,45,39.38393394405006,60.61606605594994,Factory
Sandy,Agricultural,44.111699935840726,1,0,18067.180625358516,302.85323009990884,4068.6928031441835,0,1,3,56.80088121004528,25,26.480500106932126,45,41.50043345024888,58.49956654975112,Individual House
Red Soil,Agricultural,7.858135397214914,0,1,19448.69709966054,1403.4290344929857,4901.892345293714,1,2,3,58.03546615069627,20,86.90310767130848,45,56.28819007057081,43.71180992942919,Individual House
Loamy,Agricultural,52.28612931267868,1,0,13681.132114132799,341.2134699694369,3869.0166562374066,1,2,2,58.45565947366411,15,12.85645114553553,45,37.17359360216632,62.82640639783368,Individual House
Red Soil,Residential,30.203932312077637,0,0,19466.368472388007,613.8413911261465,2618.3831140205675,2,0,1,52.44901692198059,20,49.66011281320394,85,55.02218412599419,44.97781587400581,Individual House
Clayey,Commercial,19.432884493291795,0,1,16817.082000606268,232.39453026708495,2212.5561597265737,4,1,0,83.19810706065195,30,67.61185917784701,45,61.77230226568993,38.22769773431007,Shopping Complex
Rocky,Industrial,18.297047911382485,1,0,6145.810666459226,803.6949692804162,2698.2386026518247,1,2,0,49.42573802215438,55,69.50492014769586,45,54.17523834467799,45.82476165532201,Factory
Red Soil,Residential,31.565776206417276,1,1,9121.277721474646,461.4564121501345,2314.198510938679,3,1,1,54.42117121938761,20,47.39037298930454,10,36.39500317411179,63.60499682588821,Individual House
Black Cotton,Industrial,53.77573467079276,0,0,5529.456401591186,733.908779964126,2514.4402839283402,4,2,1,64.55606633230181,40,10.373775548678736,85,52.43806710347532,47.56193289652468,Factory
Clayey,Residential,25.80911699254558,1,1,1079.746055780739,336.9253746873029,1017.2652526461384,1,0,1,55.6775033235482,30,56.98480501242403,10,40.733327416347876,59.266672583652124,Individual House
Rocky,Residential,46.23491607309488,0,1,4572.9263097912635,80.66269192307362,4518.709746546638,0,0,1,67.60150946634185,55,22.941806544841867,45,48.895979949430114,51.104020050569886,Individual House
Loamy,Agricultural,10.325030204297024,0,1,1077.1511394506376,1168.8399766233829,3772.6750076163407,4,1,0,59.41874244892574,15,82.79161632617163,45,54.99446393866692,45.00553606133308,Individual House
Rocky,Agricultural,31.1831186183084,1,0,14676.93076565931,961.6294259394875,3404.8871134661003,1,1,3,46.2042203454229,55,48.02813563615267,45,47.67851102993618,52.32148897006382,Individual House
Black Cotton,Residential,59.54273772160046,0,1,9085.15165670279,511.1090335665193,4749.624854872366,0,1,2,63.11431556959988,40,0.7621037973325713,45,39.5305363986931,60.4694636013069,School
Clayey,Agricultural,47.374079153578535,1,0,6938.919814479307,71.24133702348334,1421.97165956419,2,1,0,74.32143318148017,30,21.043201410702437,45,47.02330196619367,52.97669803380633,Individual House
Loamy,Residential,16.579066864233717,0,0,15472.69693080857,1298.3625940456814,405.7970544680711,4,1,2,25.971174373302993,15,72.36822189294381,85,50.681966503892,49.318033496108,Individual House
Black Cotton,Commercial,32.57928105338509,1,0,16817.248717773255,254.69250740351902,4130.693301776659,4,2,0,84.57362929244258,40,45.70119824435819,45,58.276069813444444,41.723930186555556,Shopping Complex
Rocky,Agricultural,17.84936200067116,1,0,19530.69123434772,1396.113327422142,4992.084818246274,1,1,1,49.53765949983221,55,70.25106333221473,45,54.40094665799495,45.59905334200505,Individual House
Black Cotton,Agricultural,27.52585099943801,0,0,13198.258108829583,717.8930678939377,2892.162190100997,2,2,0,71.11853725014049,40,54.12358166760332,85,65.67238345445,34.32761654555,Individual House
Clayey,Agricultural,47.90462130542306,1,0,9769.050212260983,510.58006486272564,294.04693956340935,3,2,0,25.90478346491242,30,20.158964490961566,45,29.856415335459737,70.14358466454027,Individual House
Sandy,Commercial,47.4173648409722,1,1,6800.021730541282,1112.639215336446,3902.340200774706,1,2,1,44.14565878975695,25,20.97105859837967,10,26.94374522600985,73.05625477399015,Shopping Complex
Black Cotton,Residential,17.545520784631183,0,1,5224.045975070299,1315.2591091127786,368.74524422920774,1,1,3,40.98852468842636,40,70.75746535894802,45,49.285349980686235,50.714650019313765,Individual House
Black Cotton,Industrial,55.72228249851731,1,0,5045.593059169423,556.0703454685661,2700.069931296406,3,0,1,64.06942937537067,40,7.129529169137811,45,41.45668257366419,58.54331742633581,Factory
Rocky,Agricultural,37.591250052065476,0,0,8774.598119676177,611.0156282552808,1387.6623710526353,3,0,3,32.35543490803634,55,37.34791657989087,85,50.161381362785434,49.838618637214566,Individual House
Rocky,Residential,25.895836002910798,1,0,19843.940750470665,649.737329020796,4575.133902961977,3,1,0,47.5260409992723,55,56.840273328482006,45,50.3441826818658,49.6558173181342,Individual House
Loamy,Commercial,32.60645694294733,0,0,1016.2202513106621,1383.4845922180036,2256.656066297425,3,1,0,53.84838576426317,15,45.65590509508778,85,53.76091129126405,46.23908870873595,Shopping Complex
Rocky,Industrial,38.2789189390759,0,0,4746.912047389015,1038.845987271499,4492.316742392767,3,1,2,44.43027026523102,55,36.201801768206835,85,54.10104503488257,45.89895496511743,Factory
Red Soil,Agricultural,35.793979251518195,0,1,4579.466665667903,371.4691755684833,1495.4054262728378,0,2,2,48.671463178468215,20,40.343367914136344,45,41.37085409099796,58.62914590900204,Individual House
Clayey,Commercial,31.7522769544898,0,1,14625.270225113554,277.49954625296914,1936.8129191067562,0,0,0,76.14821636833453,30,47.07953840918366,45,54.171760331213,45.828239668787,Hospital/Clinic
Clayey,Commercial,32.771304224917,1,0,7697.209824363174,345.5514951372241,4735.595941235402,3,0,2,73.0740842355373,30,45.381159625138324,45,52.67121938872263,47.32878061127737,Hospital/Clinic
Sandy,Industrial,14.70265507353374,0,0,9687.955287244591,395.34583377827613,1006.5722546581768,2,0,3,38.735031298083534,25,75.49557487744377,85,57.43115467369018,42.56884532630982,Factory
Sandy,Residential,49.70030973675737,1,1,3823.8584789281945,345.27523700100227,2892.5057582557256,2,0,1,52.858408345750526,25,17.166150438737716,10,29.041980530697113,70.95801946930288,Individual House
Clayey,Agricultural,34.796817596755844,0,0,8694.943738662007,987.7596707885942,1942.551642800557,3,2,0,62.15182845682217,30,42.00530400540693,85,58.00446596123949,41.99553403876051,Individual House
Sandy,Agricultural,12.20939239375867,1,0,2960.796426210885,173.9002659862595,3870.8344253436367,0,1,0,72.51363594238477,25,79.65101267706888,45,60.292525749101884,39.707474250898116,Individual House
Loamy,Residential,47.138640587052784,0,0,11127.82246988308,581.0377345619411,646.481855856787,2,2,2,23.144976970372547,15,21.435599021578682,85,36.95964169502506,63.04035830497494,Individual House
Rocky,Residential,56.284418810754296,1,1,2860.8289422742628,937.5803594555497,2186.0748450233423,0,1,0,39.92889529731143,55,6.192635315409518,10,26.273272182911377,73.72672781708863,Individual House
Clayey,Residential,57.10187945803292,1,1,16019.659242289968,436.28996091439626,3494.663134226316,1,1,0,61.547132480628,30,4.830200903278467,10,29.749046594039417,70.25095340596059,Individual House
Sandy,Industrial,25.295975282614503,0,0,11765.4326332693,97.91157705248705,2035.081175030799,0,0,3,73.80131155619715,25,57.84004119564249,85,65.29046934357962,34.709530656420384,Factory
Clayey,Industrial,12.453428045841472,0,1,14755.389601696821,122.73588426895243,292.6586963768835,3,0,3,57.37566385994016,30,79.24428659026421,45,55.64255399854511,44.35744600145489,Factory
Red Soil,Agricultural,33.51197946481858,0,1,8951.811346400995,188.9501644570295,3525.5613066767196,4,1,1,70.28499526637358,20,44.14670089196904,45,49.886423566223016,50.113576433776984,Individual House
Black Cotton,Industrial,11.193507614207139,1,0,8248.334571602318,1253.7645373022328,2515.9916384249154,3,1,0,75.20162309644822,40,81.34415397632144,45,63.90660657783724,36.09339342216276,Factory
Rocky,Commercial,56.36930801819395,1,1,2865.968891928408,986.7952584074546,56.54343340050272,1,0,2,1.038541663461567,55,6.051153303010082,10,12.62627790796407,87.37372209203593,Shopping Complex
Clayey,Agricultural,15.09687950453303,1,1,10953.25653381363,96.78361664646718,3063.2794761418654,0,0,1,92.41876312507871,30,74.83853415911162,10,58.05620063355545,41.94379936644455,Individual House
Black Cotton,Industrial,18.902122297314023,1,1,10775.541132284749,586.6033187271298,4599.405112643933,2,0,2,73.2744694256715,40,68.49646283780996,10,51.270180008437514,48.729819991562486,Factory
Sandy,Residential,27.365008978673373,0,1,9893.938844542501,417.87775927059846,555.1297410584449,3,0,0,25.188677020264645,25,54.39165170221105,45,37.41394988264539,62.58605011735461,Individual House
Black Cotton,Commercial,26.07404577075192,0,1,15069.848928966536,867.0601674432003,2953.356175045845,2,0,2,71.48148855731202,40,56.5432570487468,45,56.404335257245904,43.595664742754096,Shopping Complex
Rocky,Residential,48.70645908188389,0,1,16817.583600614736,784.2089245084701,3643.344408813152,0,2,2,41.82338522952902,55,18.822568196860175,45,38.8438268795502,61.1561731204498,School
Clayey,Agricultural,30.09742513030293,0,0,15265.003824021655,721.6860350545724,353.8683507015272,1,2,1,31.553010731454812,30,49.83762478282845,85,49.25295995171629,50.74704004828371,Individual House
Red Soil,Residential,14.392254300183529,1,0,3733.449113330033,471.76855555891973,113.07729082093154,3,2,0,20.357368907837564,20,76.01290949969412,45,40.37830649266668,59.62169350733332,Individual House
Sandy,Industrial,19.696544251734075,1,0,12819.130676360053,206.6996580659861,2320.9793332247364,2,0,1,68.67388445310732,25,67.17242624710988,45,55.82896612036503,44.17103387963497,Factory
Clayey,Industrial,33.001236185313715,0,1,2526.139008101134,1113.564574308957,3955.933436171819,3,1,0,63.749690953671575,30,44.997939691143806,45,49.311876756571,50.688123243429,Factory
Rocky,Agricultural,13.109965458437419,1,0,14197.823461369053,1319.7851532639816,803.5970504966416,3,1,3,26.794449645323475,55,78.15005756927097,45,48.41557176818096,51.58442823181904,Individual House
Sandy,Residential,38.64106216053077,0,1,8254.942834661408,1416.226363849226,4183.186361074614,2,0,1,46.33973445986731,25,35.598229732448715,45,40.118464494065734,59.881535505934266,Individual House
Loamy,Agricultural,36.11610186031302,1,1,3517.4801690594454,87.92845592037068,3282.8862771179806,1,2,0,77.6952671796995,15,39.8064968994783,10,41.8949677377644,58.1050322622356,Individual House
Black Cotton,Residential,44.308627401024175,1,0,17378.96628254643,1109.8630673833245,1660.8664389424282,3,1,3,60.140171928592515,40,26.1522876649597,45,44.837132091247305,55.162867908752695,Individual House
Rocky,Commercial,56.57375384586522,1,1,12666.15844173981,1089.7551891104438,2579.1289924622474,1,0,3,39.8565615385337,55,5.710410256891294,10,26.127399102709617,73.87260089729038,Hospital/Clinic
Loamy,Industrial,55.17400086056356,1,0,7739.774391003022,1420.664421218384,4827.874898633692,1,2,3,48.20649978485911,15,8.043331899060732,45,32.38310789946587,67.61689210053413,Factory
Clayey,Agricultural,57.034158993785724,1,1,1583.8164133594912,379.37189174664815,1082.184853161694,0,2,1,46.62284380998856,30,4.943068343690456,10,24.553762419418607,75.4462375805814,Individual House
Red Soil,Commercial,18.459357836303553,1,0,11208.8949210686,1113.2685574427346,2497.676988720201,2,2,3,55.38516054092411,20,69.23440360616074,45,50.94340709086362,49.05659290913638,Shopping Complex
Sandy,Commercial,12.236091865164504,0,0,18541.29169123842,81.93943314972685,3122.4327805381035,0,2,0,78.02461104472526,25,79.60651355805916,85,72.21024225516862,27.789757744831377,Shopping Complex
Black Cotton,Agricultural,21.625218527304668,1,0,12331.21682134495,946.8685811424286,690.0730273783312,4,2,1,46.39515591574045,40,63.95796912115889,45,49.47779685079888,50.52220314920112,Individual House
Sandy,Agricultural,54.2296845021473,0,0,19461.36148777037,526.2717360782696,217.6104431165482,0,2,2,6.79478773679414,25,9.617192496421168,85,29.78247383198324,70.21752616801676,Individual House
Clayey,Commercial,58.46294110429185,0,1,3592.571247138712,1153.3641593212128,67.29976465735643,3,2,3,18.730260017074166,30,2.5617648261802515,45,22.94603221252102,77.05396778747898,Shopping Complex
Sandy,Residential,52.26287230887618,0,0,11797.796987301901,1294.9564296530903,1623.4642830000812,3,2,1,35.40356758278258,25,12.89521281853969,85,40.61505185860882,59.38494814139118,Individual House
Black Cotton,Commercial,11.050974662014898,0,1,16164.37591212216,547.2315633262743,369.73647242432685,3,2,2,42.63198578298281,40,81.58170889664183,45,52.56662224820444,47.43337775179556,Shopping Complex
Clayey,Agricultural,57.10853989328862,0,0,10985.273891388608,788.3791390489508,4018.849762705573,4,2,1,57.722865026677844,30,4.819100177852292,85,47.157777803800315,52.842222196199685,Individual House
Sandy,Commercial,28.284691504293228,0,0,2730.2607637619794,176.10609354539986,4986.59763580873,1,0,3,68.36246151120271,25,52.85884749284462,85,62.1415734021321,37.8584265978679,Shopping Complex
Red Soil,Residential,5.512065991929452,1,0,12074.834029397136,625.3604478352149,306.5191086723201,3,1,3,24.75236567546404,20,90.81322334678424,45,45.61663382310847,54.38336617689153,Individual House
Rocky,Industrial,29.331655741150648,1,1,12623.020211006962,541.2005898887538,2163.631379667198,0,0,2,46.667086064712336,55,51.11390709808225,10,39.861956897169875,60.138043102830125,Factory
Clayey,Industrial,7.5338043321507175,1,0,14845.475721031698,274.6851896767766,128.66061491287383,1,1,0,46.208649834613205,30,87.44365944641547,45,53.78394230371849,46.21605769628151,Factory
Rocky,Commercial,34.913285663861465,0,0,15463.018788144005,1341.7179371501638,669.9544537863161,0,0,3,18.670767659760955,55,41.81119056023089,85,46.487566320974054,53.512433679025946,Hospital/Clinic
Clayey,Residential,23.620471509037824,0,1,15644.681076001536,222.13175706024035,1614.6128045533703,0,1,2,75.05923279019352,30,60.632547484936964,45,57.178868347801966,42.821131652198034,School
Red Soil,Industrial,31.03892134767268,0,0,13605.443479140355,953.6090362952808,1968.4910652882493,3,1,3,51.61009096884682,20,48.268464420545534,85,54.38064794423277,45.61935205576723,Factory
Rocky,Commercial,38.72436984087144,1,1,5100.412541954505,1335.2139652198316,4698.914732143201,0,1,0,44.31890753978214,55,35.4593835985476,10,35.12646353856065,64.87353646143936,Shopping Complex
Loamy,Commercial,52.78406026998012,1,0,8680.479360950107,1367.9528697948385,1979.1840437844794,4,0,2,48.387665808194555,15,12.026566216699806,45,33.442324587043046,66.55767541295695,Hospital/Clinic
Black Cotton,Residential,41.40458670595607,1,0,15746.469479673575,1189.8595497608526,2481.388295287011,1,1,0,67.64885332351098,40,30.992355490073223,45,48.67518753574714,51.32481246425286,Individual House
Loamy,Agricultural,28.87268776629994,0,0,19115.11268461545,264.21170081126496,1227.916841369332,3,2,3,53.48746283713576,15,51.87885372283343,85,55.19032542370587,44.80967457629413,Individual House
Sandy,Commercial,50.06853195187008,0,1,2499.992331895818,1226.1471138208046,0.6256937828774678,3,1,2,3.49538088769003,25,16.55244674688319,45,20.361494997412308,79.63850500258769,Shopping Complex
Red Soil,Agricultural,54.80701756652227,0,0,11175.196878146702,414.8472186234369,4496.672283665675,0,0,1,51.40741249096322,20,8.654970722462878,85,44.40633705245284,55.59366294754716,Individual House
Loamy,Agricultural,11.586798153770847,1,0,6937.923155161822,1383.5970411487635,408.5737851815241,0,0,0,27.27477616518777,15,80.68866974371525,45,43.21833909374453,56.78166090625547,Individual House
Clayey,Industrial,34.25631376540353,0,0,5282.4839920197655,1063.6300221357744,4821.244205181146,2,2,3,63.43592155864911,30,42.90614372432745,85,58.67910847660905,41.32089152339095,Factory
Sandy,Agricultural,20.648157785834428,0,1,10610.402986874586,1177.9013415133297,654.2205205013013,2,1,3,23.922370963567417,25,65.58640369027594,45,39.76943075981758,60.23056924018242,Individual House
Sandy,Residential,7.5883658832321075,0,1,12515.697470574198,127.54868025290584,3024.3924037522015,3,0,0,76.44998771401762,25,87.3527235279465,45,63.59567658189279,36.40432341810721,Individual House
Loamy,Industrial,41.77006823126919,0,1,1185.6723969701436,874.1476701653166,4997.052939283185,3,1,2,51.5574829421827,15,30.38321961455135,45,39.14092393340178,60.85907606659822,Factory
Loamy,Industrial,52.45239276025741,1,1,15823.924871822628,1231.7131903480195,692.3229803483794,0,2,1,22.733361416903232,15,12.579345399570983,10,15.851512845808877,84.14848715419112,Factory
Red Soil,Industrial,13.959645996256672,1,1,16577.760493929505,1292.385529158749,2119.7154246991213,4,2,3,56.51008850093583,20,76.73392333957221,10,44.46201181022059,55.53798818977941,Factory
Black Cotton,Commercial,49.68275116931453,0,1,19344.705666790727,42.94755710046228,3902.1183448573825,4,0,0,93.00245878164363,40,17.195414717809115,45,54.09971425302754,45.90028574697246,Hospital/Clinic
Loamy,Commercial,51.93676534453179,0,0,4432.230931269204,1408.738848832679,160.95074924984132,0,1,0,12.234823648863879,15,13.43872442578035,85,31.141869383547444,68.85813061645256,Hotel/Resort
Loamy,Agricultural,55.28872434665659,1,0,12296.498684858012,65.0080999537196,3448.9137557002227,2,2,1,74.27733291611268,15,7.852126088905678,45,41.46009804286586,58.53990195713414,Individual House
Rocky,Industrial,19.590679899732883,1,0,9105.882096051497,921.7780195122748,401.86668945399737,2,2,1,17.13966381414673,55,67.34886683377852,45,42.33609904339598,57.66390095660402,Factory
Clayey,Industrial,54.71741858544391,0,0,7361.729179551663,1040.0812914229682,1182.600711366132,4,0,3,41.97265958096166,30,8.804302357593485,85,42.64150644273495,57.35849355726505,Factory
Rocky,Residential,22.636451510503772,1,0,11747.035577312588,161.0179367518647,800.3808124668021,3,2,1,44.68742716659822,55,62.27258081582704,45,50.70874471226614,49.29125528773386,Individual House
Rocky,Agricultural,35.37859074005266,1,1,15865.278771247455,72.01779841378902,4536.682158234681,0,0,0,70.83428441015948,55,41.03568209991224,10,45.80092006853388,54.19907993146612,Individual House
Sandy,Residential,7.777910895775517,0,1,1438.002885458992,1177.3682316760937,902.2835839084042,3,2,2,32.1011939542242,25,87.03681517370747,45,47.994621677405334,52.005378322594666,Individual House
Black Cotton,Agricultural,7.4134598602808985,1,1,19418.60213875755,577.005937196151,202.17047757578598,2,2,2,40.190044586445495,40,87.64423356619851,10,44.477573996805546,55.522426003194454,Individual House
Clayey,Agricultural,44.62052670027116,1,0,16387.750128408505,160.6687729726855,2938.1283922388106,4,0,0,81.20474194657108,30,25.632455499548072,45,50.57977355618689,49.42022644381311,Individual House
Red Soil,Commercial,29.446398788778506,1,1,15271.92036926599,1144.0017245814631,1730.90462704851,3,0,0,47.256492843775575,20,50.92266868536915,10,34.77043966666374,65.22956033333625,Shopping Complex
Red Soil,Commercial,19.096080645306966,1,0,15447.360261429567,1273.744605215431,2028.531103206832,2,1,0,55.225979838673254,20,68.17319892448839,45,50.62239267465773,49.37760732534227,Shopping Complex
Loamy,Residential,15.472742281370062,0,1,8392.153482754398,881.079286138211,595.3137243127348,2,2,3,30.038088915912184,15,74.21209619771656,45,42.5663551699984,57.4336448300016,Individual House
Loamy,Agricultural,41.84744199725699,1,0,15280.790466051461,241.8552126519684,3741.172457165973,2,1,0,67.02682674156765,15,30.254263337905,45,44.522955194024924,55.477044805975076,Individual House
Red Soil,Industrial,5.022084921393693,1,1,8348.633963456195,22.83370723723621,3007.76824821759,3,1,1,87.3744563354174,20,91.62985846434384,10,58.98852433348205,41.01147566651795,Factory
Loamy,Commercial,49.324014305826985,0,0,18075.42976192107,1051.2037219529159,1821.0852237414,1,0,0,46.09070089837125,15,17.79330949028835,85,44.08007268700203,55.91992731299797,Hospital/Clinic
Black Cotton,Industrial,9.358728337146085,1,1,4367.225282822924,825.2095122379752,857.8747188156799,4,2,0,52.81781229202707,40,84.40211943808985,10,48.086764161731935,51.913235838268065,Factory
Rocky,Residential,15.53192881994657,0,0,6554.601060087878,976.1957125801193,2967.258695852802,2,0,3,50.11701779501335,55,74.11345196675572,85,65.5693192199436,34.430680780056406,Individual House
Loamy,Commercial,26.243001741449927,0,1,11475.413311282446,1219.7770052993935,3892.9863975368867,3,2,0,55.43924956463752,15,56.261663764250116,45,46.96915328868566,53.03084671131434,Shopping Complex
Sandy,Commercial,31.667230684385697,1,0,7065.009681858178,651.3416654894581,1561.9864193359745,0,0,1,39.32292071562307,25,47.22128219269051,45,40.5683427986407,59.4316572013593,Hospital/Clinic
Loamy,Agricultural,24.5247313697668,1,0,9060.507660610194,186.7732032504306,129.30191769298548,4,2,1,37.248463316392176,15,59.12544771705533,45,41.31832409000109,58.68167590999891,Individual House
Clayey,Residential,22.639169074136163,1,0,10356.0310985733,1409.9749280862397,1071.71992376492,0,1,1,47.77460620676436,30,62.268051543106395,45,48.038125058144125,51.961874941855875,School
Black Cotton,Agricultural,58.015380664025365,1,0,17270.713627456666,817.8931908702859,3411.989094464146,0,2,0,63.49615483399366,40,3.307698893291061,45,40.30057891522054,59.69942108477946,Individual House
Clayey,Commercial,40.286882468386686,1,1,10940.652818565164,922.9411786328104,4945.481887284614,3,2,3,61.92827938290333,30,32.85519588602219,10,36.88869675552171,63.11130324447829,Shopping Complex
Clayey,Residential,6.288812545206351,0,1,7886.737123676649,1400.1171443276266,66.88119704388262,1,0,3,31.765420804576063,30,89.51864575798942,45,49.247558721098976,50.752441278901024,Individual House
Sandy,Commercial,28.659674964437226,1,1,5706.9871166672,1397.3754844653945,1530.7678106605038,3,2,3,39.450437472100774,25,52.23387505927129,10,33.11612188005309,66.8838781199469,Shopping Complex
Black Cotton,Residential,53.125478485918364,0,0,8764.843597051746,858.1419100922603,310.10435224419433,3,2,1,30.92071742340429,40,11.457535856802721,85,40.936635062392185,59.063364937607815,Individual House
Black Cotton,Commercial,21.58009025258674,1,1,10798.985983873028,446.41713708213916,1581.746438815161,4,2,3,67.45487798822819,40,64.03318291235544,10,48.11750302396872,51.88249697603128,Shopping Complex
Black Cotton,Industrial,10.200598962591354,0,0,15176.18228686149,1495.670451019109,2029.5717156371063,3,2,0,75.44985025935216,40,82.99900172901441,85,74.40719802302687,25.592801976973135,Factory
Black Cotton,Industrial,46.71116243744548,1,1,3299.9267472744345,1021.225634930304,4604.310459731275,4,1,0,66.32220939063863,40,22.148062604257532,10,37.249788937787905,62.750211062212095,Factory
Black Cotton,Agricultural,38.33076075648447,1,0,5210.574576543867,612.6550153380848,402.80399702489365,2,0,2,36.47338975137676,40,36.11539873919255,45,39.044536097780004,60.955463902219996,Individual House
Sandy,Industrial,36.36718793045772,1,1,8213.42630150479,839.7552042803845,3885.67026532885,4,2,1,46.908203017385574,25,39.3880201159038,10,32.514876085060905,67.4851239149391,Factory
Loamy,Commercial,7.946710778407436,1,0,7847.569697270777,623.7510754020445,1977.671980314817,3,0,2,59.56676191169448,15,86.75548203598761,45,56.03723717808997,43.96276282191003,Shopping Complex
Clayey,Commercial,12.727445538753454,1,0,8443.213664499024,1332.457728444971,4056.3142483346387,2,1,2,68.81813861531164,30,78.78759076874425,45,59.53324620754513,40.46675379245487,Shopping Complex
Black Cotton,Industrial,39.24021679172126,0,1,16076.904028166167,723.7490622986192,2567.0109266281065,2,1,1,68.18994580206969,40,34.59963868046458,45,49.76639070084053,50.23360929915947,Factory
Loamy,Agricultural,16.43031128023597,1,1,7158.93365628129,1235.2925639718708,196.41019421705042,1,2,1,21.820626064282017,15,72.61614786627338,10,30.54125608906705,69.45874391093295,Individual House
Loamy,Industrial,32.72385438616334,1,1,10536.065427650628,1260.264446734506,4731.029423574194,3,0,2,53.819036403459165,15,45.46024268972777,10,34.95172341364265,65.04827658635736,Factory
Clayey,Residential,34.96849273161664,1,0,12854.233624300034,1236.4985066028726,413.67031717260915,0,0,0,31.53128316054802,30,41.719178780638934,45,37.215743801351536,62.784256198648464,School
Sandy,Residential,20.592895464901666,0,0,5411.392453488497,1083.2829187135117,2988.4175126687805,3,0,2,50.851776133774585,25,65.67850755849722,85,59.21774853644541,40.78225146355459,Individual House
Red Soil,Residential,57.16338355478211,1,0,14655.212355803238,1282.3165752113728,4388.338814667579,0,1,1,45.70915411130447,20,4.727694075363161,45,31.430127457797354,68.56987254220265,School
Red Soil,Industrial,51.335525875956634,0,1,11395.11507502734,580.8443694344538,398.8489887509694,1,1,0,15.143098306030229,20,14.440790206738939,45,23.160281958795316,76.83971804120469,Factory
Loamy,Industrial,44.730542919803916,1,0,9488.842097596184,171.99480921294054,2769.466942080064,3,2,2,70.4976757172726,15,25.449095133660137,45,44.536460284460446,55.463539715539554,Factory
Rocky,Industrial,9.2896626525175,0,1,16385.896508027963,1263.6813065587717,4121.449377622261,1,0,2,51.67758433687062,55,84.51722891247084,45,58.71646174602243,41.28353825397757,Factory
Rocky,Residential,10.83715106199607,1,0,5626.409924518458,747.2526235310179,4931.623543228979,0,0,2,51.29071223450099,55,81.93808156333989,45,57.93626967291031,42.06373032708969,Individual House
Clayey,Agricultural,32.10297402257257,1,1,17780.34344167214,191.06404879177651,3621.6370040701063,4,1,1,82.51041356685027,30,46.49504329571239,10,47.50240557232569,52.49759442767431,Individual House
Red Soil,Commercial,13.839234205504212,0,0,11659.925971967372,172.9687832730119,1391.6718773164682,3,2,2,63.99550199857259,20,76.93460965749298,85,65.88207811387366,34.11792188612634,Shopping Complex
Loamy,Industrial,58.804600494121075,1,0,12574.322708213505,238.86359101483907,3497.8516492270473,2,2,1,62.96703441557939,15,1.9923325097982172,45,36.036545172902336,63.963454827097664,Factory
Sandy,Agricultural,13.718612871507519,0,1,17626.120319209913,1126.4598895006586,3528.8338465381967,2,2,0,52.570346782123124,25,77.13564521415414,45,52.683532677281626,47.316467322718374,Individual House
Red Soil,Commercial,31.81073095051857,1,0,16534.071069137382,1066.2850101994218,3499.830060523087,1,1,3,52.047317262370356,20,46.98211508246906,45,44.21208981244689,55.78791018755311,Shopping Complex
Loamy,Commercial,25.026658126282797,1,0,12429.679307616107,305.7280202773249,4271.302185465529,4,0,0,67.3996542517898,15,58.28890312286201,45,51.66210476884193,48.33789523115807,Shopping Complex
Loamy,Commercial,40.166253179975385,0,1,15310.566373115309,1270.385127164693,436.9003125974547,2,2,2,20.69644295695525,15,33.05624470004102,45,29.007816209944593,70.9921837900554,Shopping Complex
Black Cotton,Agricultural,12.09700248891837,1,0,9233.07031442504,421.94219329236734,542.0992270771668,2,2,1,50.50120232177171,40,79.83832918513605,45,54.88500310890411,45.11499689109589,Individual House
Sandy,Agricultural,28.6674035423315,0,1,11400.17731649518,1189.4783749724213,3203.08562112779,3,0,2,48.833149114417125,25,52.22099409611417,45,45.14685071407453,54.85314928592547,Individual House
Black Cotton,Residential,20.1087768043929,0,1,2179.332597461712,733.2088616024129,4769.405480490939,2,2,0,72.97280579890177,40,66.4853719926785,45,59.41182502778524,40.58817497221476,Individual House
Clayey,Agricultural,53.826333856942846,1,0,2707.30044200089,1097.323023807849,2329.1931945962297,0,1,3,58.54341653576429,30,10.289443571761922,45,38.81255668045798,61.18744331954202,Individual House
Black Cotton,Agricultural,7.232214167408229,1,0,16759.082679540308,572.0814946103488,4802.813508128375,1,2,3,76.19194645814794,40,87.94630972098628,45,65.90375869059835,34.09624130940165,Individual House
Black Cotton,Agricultural,55.25501217035526,1,0,2133.7614579674364,520.7108956421639,4690.42629758077,2,0,1,64.18624695741119,40,7.908313049407894,45,41.692264697445886,58.307735302554114,Individual House
Red Soil,Commercial,50.814677620415026,0,1,4218.583387019538,1262.0393984389984,4514.548691171598,3,1,0,47.29633059489625,20,15.308870632641629,45,34.630933366374094,65.3690666336259,Shopping Complex
Rocky,Industrial,21.36638940424485,0,0,16120.820520058389,52.95338177110448,4549.254874320426,0,2,0,75.48119974267252,55,64.38935099292524,85,72.01575765816669,27.98424234183331,Factory
Loamy,Residential,48.41098600724076,1,1,1021.7730619368695,1462.105420886261,4491.59396663993,2,0,1,49.89725349818981,15,19.3150233212654,10,27.042794554682782,72.95720544531721,Individual House
Sandy,Industrial,6.716745818631116,0,0,6365.682248071422,972.2693373980602,4099.446917695911,1,0,1,54.32081354534222,25,88.8054236356148,85,66.21364064977348,33.78635935022652,Factory
Black Cotton,Industrial,58.177605266136645,0,0,12096.734498705813,648.7250822991631,3474.8947930266518,1,0,1,63.45559868346584,40,3.037324556438932,85,50.218790678322776,49.781209321677224,Factory
Sandy,Agricultural,33.96272184243841,0,1,12313.548697916634,942.0817967256378,122.04089296304122,1,0,2,9.950137398651222,25,43.39546359593598,45,29.331413988511922,70.66858601148807,Individual House
Rocky,Residential,21.68045643359949,0,0,15765.905256359998,184.11141968847423,661.2679607802623,2,2,2,40.75855992589692,55,63.86590594400085,85,59.731972460064135,40.268027539935865,Individual House
Rocky,Industrial,24.94207669270724,1,0,10612.598835351238,771.0786829403214,671.1602726573357,0,2,1,21.187686279969903,55,58.42987217882127,45,41.523158242694784,58.476841757305216,Factory
Black Cotton,Industrial,8.652294440327355,1,0,10678.635521088436,1477.6432850096965,117.70142139794937,4,1,1,38.19095481787715,40,85.57950926612108,45,52.01171150278727,47.98828849721273,Factory
Clayey,Residential,59.41422327231216,1,0,14780.900935273308,352.90415677006024,583.5088421181833,1,1,3,37.64237161808201,30,0.9762945461464057,45,29.168903702865304,70.83109629713469,Individual House
Black Cotton,Agricultural,7.161056983288085,0,0,10473.864802059386,1083.4171485545241,4598.732167835531,0,0,3,76.20973575417798,40,88.0649050278532,85,75.9396337709256,24.060366229074404,Individual House
Red Soil,Industrial,41.019891773132244,0,1,12561.33064470872,652.4570637475509,3319.02143455393,3,0,2,49.745027056716935,20,31.633513711446255,45,39.569137897712494,60.430862102287506,Factory
Loamy,Commercial,29.350476023855208,0,0,18057.70729684597,978.6872227319303,1560.3650914771122,3,1,3,45.869682823578444,15,51.08253996024132,85,52.325023978312785,47.674976021687215,Shopping Complex
Clayey,Industrial,57.190392000379326,0,1,8627.569144635068,307.33084303766316,3966.8000611834,0,2,1,69.26255141764537,30,4.682679999367792,45,41.162562996017826,58.837437003982174,Factory
Black Cotton,Commercial,18.529985716873732,1,0,8317.376347465222,705.6974739264036,2441.847434774255,3,2,0,73.36750357078157,40,69.11669047187712,45,60.207798867742824,39.792201132257176,Shopping Complex
Sandy,Agricultural,34.26477531659062,0,0,1067.430845430655,1470.1390707889127,710.6351845793829,3,2,1,21.64650986244,25,42.892041139015625,85,43.299288736607906,56.700711263392094,Individual House
Clayey,Industrial,31.529591472051415,0,1,12655.098968903407,292.93072652401435,4422.510406132464,1,0,3,76.54175854054628,30,47.45068087991431,45,54.402285709169774,45.597714290830226,Factory
Clayey,Residential,43.65765442275558,1,0,1565.6662407355075,954.6675417731357,1693.3097311823626,2,1,2,54.95178101795836,30,27.237242628740717,45,41.792434013470604,58.207565986529396,Individual House
Black Cotton,Residential,8.740562757383127,1,0,10578.82130483801,863.396623150193,3494.296152649471,2,1,1,75.81485931065421,40,85.43239540436146,45,65.14329960981934,34.85670039018066,Individual House
Clayey,Industrial,15.658402151284516,1,1,16280.441991612306,847.5773794356049,1452.970802498037,2,1,1,57.14481551213961,30,73.90266308119247,10,45.47635119954698,54.52364880045302,Factory
Sandy,Agricultural,16.80106510510674,0,1,11448.500339873599,922.6849344774257,2500.356253369,2,2,3,51.799733723723314,25,71.9982248248221,45,51.12946300950868,48.87053699049132,Individual House
Rocky,Agricultural,45.59829151629293,0,0,6123.087139116844,753.3569605323421,4081.2635576520775,0,1,0,42.60042712092677,55,24.00284747284512,85,50.41086136053565,49.58913863946435,Individual House
Clayey,Residential,15.402628297970704,0,1,15937.200007538055,25.396125386487,783.8867321218385,1,1,1,72.30331004475488,30,74.3289528367155,45,59.63839672484308,40.36160327515692,Individual House
Rocky,Industrial,36.542047014003714,0,1,6124.623077568238,1350.1452171946767,4886.256976196392,0,2,2,44.86448824649907,55,39.096588309993805,45,44.976717963773126,55.023282036226874,Factory
Sandy,Agricultural,16.838410127552454,0,1,14927.603837972076,1240.4682412260463,351.079614303631,3,0,2,18.811989754184506,25,71.9359831207459,45,39.56819219415105,60.43180780584895,Individual House
Black Cotton,Residential,52.38937225461881,0,1,12594.910648614394,261.251521381682,2670.0445487025204,1,0,0,79.22756565344437,40,12.684379575635305,45,48.15074287261436,51.84925712738564,Individual House
Loamy,Commercial,56.82019999693012,1,0,4229.929638212023,619.9097660683036,4580.12759675974,4,2,3,47.79495000076747,15,5.299666671783129,45,31.553149168214397,68.44685083178561,Shopping Complex
Clayey,Industrial,33.51711362182323,0,0,18197.543622039528,1155.823471040352,4728.469424412627,2,1,0,63.62072159454419,30,44.138143963627954,85,59.05178854899745,40.94821145100255,Factory
Loamy,Commercial,24.376988631504805,1,1,4812.229976186718,1470.0934730809265,1160.54481439888,3,0,2,39.11664913010139,15,59.37168561415866,10,33.28374859907515,66.71625140092485,Shopping Complex
Sandy,Commercial,17.87317762596245,1,0,19802.154408672726,1426.7055696626796,719.9249060740432,2,0,1,25.93020371499025,25,70.21137062339591,45,41.628413956095564,58.371586043904436,Shopping Complex
Clayey,Agricultural,7.737955083767407,1,1,1138.8992844438746,1349.0387995142612,3622.0150015894546,2,0,2,70.06551122905815,30,87.10340819372098,10,53.29878097860059,46.70121902139941,Individual House
Rocky,Agricultural,19.767504190862248,0,0,6006.184165715158,237.56084594870947,209.8678413811855,2,2,0,29.00183002298558,55,67.05415968189625,85,56.41418042851902,43.58581957148098,Individual House
Red Soil,Agricultural,40.982967896992484,0,0,4797.345648209778,1371.7126590135072,2426.1948451515714,4,0,2,49.75425802575188,20,31.695053505012524,85,49.58775368526629,50.41224631473371,Individual House
Loamy,Industrial,34.3489312220066,1,1,1265.87479323879,1317.6673694266192,3981.7761339659096,3,1,3,53.41276719449835,15,42.751781296655665,10,34.132413842238336,65.86758615776166,Factory
Clayey,Commercial,56.92227030545101,0,1,14914.990102798996,565.4248667495843,2801.2736225841695,2,2,0,57.76943242363725,30,5.129549490914982,45,37.251688721001784,62.748311278998216,Shopping Complex
Loamy,Industrial,26.795249437043534,0,0,14175.090239892328,591.7838918043931,940.066328870025,2,2,2,34.10251421813962,15,55.34125093826078,85,49.27119271091406,50.72880728908594,Factory
Clayey,Agricultural,43.162483828061696,1,0,16054.668322743679,689.8633829327412,2435.2214973498158,1,0,1,61.20937904298458,30,28.062526953230503,45,44.18891440335223,55.81108559664777,Individual House
Black Cotton,Commercial,31.912751111131676,0,0,5877.27238282674,984.2634464496255,4606.373582244464,2,1,1,70.02181222221708,40,46.81208148144721,85,63.460654648137776,36.539345351862224,Shopping Complex
Rocky,Industrial,33.19169187583164,0,1,9442.36817457643,391.2534239745236,3086.064890221384,1,2,0,52.226871592570674,55,44.68051354028061,45,48.949533442469885,51.050466557530115,Factory
Loamy,Industrial,19.727587303226464,0,0,13523.1569108094,34.42264415991703,3607.4531378450993,3,0,1,85.00274452459836,15,67.12068782795589,85,70.03113254059839,29.968867459401608,Factory
Red Soil,Residential,30.022292726309985,0,1,9355.601573874728,211.84428689586338,1681.3193983125745,3,1,0,63.410157570922195,20,49.96284545615003,45,48.93426651386027,51.06573348613973,Individual House
Red Soil,Industrial,30.8931748356989,1,1,14249.189636040399,660.1738613651605,942.4188758380886,3,1,1,31.125083807837047,20,48.511375273835164,10,28.52162315120176,71.47837684879823,Factory
Sandy,Agricultural,43.865338696191365,1,1,13045.494760368401,423.00385413930275,1278.2111494980181,1,2,2,35.217657067554356,25,26.89110217301439,10,25.29895551689762,74.70104448310238,Individual House
Clayey,Industrial,56.73519995523626,0,0,3178.308257421353,1146.7748415541978,2665.887968801475,4,0,1,57.816200011190936,30,5.441333407939567,85,47.346003355901715,52.653996644098285,Factory
Loamy,Commercial,23.112670261537737,0,1,15839.819300462394,160.03510582390706,1401.1007680535188,4,1,2,64.64174144625152,15,61.4788828974371,45,51.494330230547305,48.505669769452695,Shopping Complex
Sandy,Industrial,7.3210257719714145,0,0,14692.850822757848,1376.1978383322057,2709.8239371305053,2,2,0,54.169743557007145,25,87.79829038004765,85,65.90898283996441,34.09101716003559,Factory
Loamy,Residential,32.29623190253518,1,1,13460.853364730701,1342.9907699158666,3538.959636880885,3,2,1,53.92594202436621,15,46.17294682910803,10,35.167316415805175,64.83268358419483,Individual House
Clayey,Commercial,34.94537326820427,0,0,3946.7785191490443,1363.135225399932,3671.9793808515074,0,2,3,63.263656682948934,30,41.75771121965954,85,58.33170764394701,41.66829235605299,Shopping Complex
Red Soil,Commercial,14.26423031225534,0,0,6091.93252711191,1109.41499790499,823.4246983054671,2,2,3,32.90243638804551,20,76.22628281290777,85,54.82242343904287,45.17757656095713,Shopping Complex
Black Cotton,Residential,46.82555334518367,1,1,8470.363600164408,160.49995722539896,3752.1542441693155,4,2,3,86.66361423018014,40,21.95741109136054,10,44.32161775340319,55.67838224659681,Individual House
Red Soil,Agricultural,59.17110096428204,0,1,6318.662811472425,657.2063570543502,3363.440697961795,4,1,1,45.20722475892949,20,1.3814983928632643,45,30.417903263841136,69.58209673615886,Individual House
Sandy,Commercial,57.01760943546535,1,0,5328.395522846497,197.10805770819562,60.025666843533386,3,2,2,21.119627515512597,25,4.970650940891076,45,23.634532365652177,76.36546763434782,Shopping Complex
Rocky,Agricultural,15.84083213530087,0,0,16301.795733073739,1481.548789141624,294.3608754487542,1,0,0,15.927009475149866,55,73.59861310783188,85,53.47410659326042,46.52589340673958,Individual House
Black Cotton,Commercial,53.144978194541835,1,1,13126.412680843845,499.55763509800994,3231.2475093019016,2,0,1,64.74029734548395,40,11.425036342430275,10,34.01536315652695,65.98463684347306,Hospital/Clinic
Sandy,Commercial,43.74715000264266,0,1,11743.970499454756,877.9958128350931,1918.5194978185482,1,1,0,43.4336024557103,25,27.08808332892889,45,36.97378169173083,63.02621830826917,Shopping Complex
Clayey,Agricultural,29.961561009380137,0,0,5293.101506211823,1169.0895813663326,730.5199978783295,4,2,0,39.12000970522155,30,50.06406498436643,85,51.95801964291915,48.04198035708085,Individual House
Black Cotton,Commercial,34.733604687860094,1,0,18443.454683104184,1380.924126338468,221.98279584816626,3,2,1,33.7562547449983,40,42.110658853566505,45,39.59235387414103,60.40764612585897,Shopping Complex
Sandy,Agricultural,51.728009624035195,1,1,4632.477742849009,1133.32158876204,796.9917033621543,4,1,2,19.007831661234288,25,13.786650626608008,10,16.349403738084003,83.650596261916,Individual House
Clayey,Residential,31.407421680110524,1,0,16104.067723668864,1011.7556681493563,4787.569821608083,3,2,3,64.14814457997237,30,47.6542971998158,45,50.11542490294428,49.88457509705572,Individual House
Red Soil,Agricultural,25.526405300781978,1,1,19366.78066740057,698.972673057227,3637.8282078548486,0,2,0,53.6183986748045,20,57.455991165363365,10,38.630437327522415,61.369562672477585,Individual House
Rocky,Residential,32.128612116429224,1,1,14814.761855260485,908.1002006257861,2638.5271046714693,1,0,0,45.967846970892694,55,46.45231313928463,10,38.451824724633596,61.548175275366404,Apartment
Clayey,Commercial,36.8521392219277,0,1,19864.316728507965,141.24571327924474,4707.702500272959,2,2,1,84.31222239776339,30,38.57976796345384,45,54.90421983008064,45.09578016991936,Shopping Complex
Loamy,Agricultural,15.399270957809186,1,1,13369.971222580987,1325.883812941894,3095.5521884080194,3,1,0,58.1501822605477,15,74.33454840365135,10,43.68620089210454,56.31379910789546,Individual House
Clayey,Commercial,54.54992516468449,1,0,5131.746528474005,815.6659632598281,3628.2259414033365,0,0,1,58.36251870882888,30,9.08345805885918,45,38.4477460628049,61.5522539371951,Hospital/Clinic
Clayey,Agricultural,42.08028218562876,1,1,4872.570380613715,60.20257565241405,1413.2590925293603,0,1,0,76.13295676503517,30,29.866196357285403,10,41.11308395708366,58.88691604291634,Individual House
Rocky,Residential,39.82979045356189,1,1,7166.72140085405,1379.8531884898462,2944.909217945979,1,1,2,44.04255238660953,55,33.61701591073019,10,34.56914731299588,65.43085268700412,Apartment
Loamy,Residential,10.472292439935098,0,0,1135.4703841991152,733.952960755303,717.3862214892013,3,2,2,33.729651319800254,15,82.54617926677484,85,55.9419227786238,44.0580772213762,Individual House
Sandy,Agricultural,38.22956659949255,0,0,13952.270931573858,1302.8837123415026,2022.415725988877,2,2,3,46.44260835012686,25,36.28405566751242,85,50.32592683942251,49.67407316057749,Individual House
Sandy,Residential,11.652836423117078,0,1,6104.687907928725,1285.3319313080353,166.20162493305057,2,0,3,16.410823392881742,25,80.57860596147154,45,40.88843967787649,59.11156032212351,Individual House
Clayey,Commercial,9.328372135746948,0,1,16488.481413562302,1223.6273811856722,1083.1404379134024,2,1,2,51.33071572433131,30,84.45271310708841,45,54.82892878028807,45.17107121971193,Shopping Complex
Loamy,Commercial,34.00209926033163,0,1,7824.280360626705,92.10452894303411,374.34314711337345,4,1,3,45.46006639060252,15,43.329834566113945,45,40.243481878239365,59.756518121760635,Shopping Complex
Loamy,Industrial,27.153204372557223,1,1,10119.173375802942,370.5999681363133,1938.8940975361568,4,2,3,61.753582769405035,15,54.7446593790713,10,40.04991881405959,59.95008118594041,Factory
Rocky,Residential,37.38456485859228,0,1,19348.089414647016,1313.3218086981462,4215.1758231924505,3,1,3,44.65385878535193,55,37.6923919023462,45,44.55194855045973,55.44805144954027,Individual House
Red Soil,Commercial,9.907219243148123,0,1,5601.270337898265,1348.4865840781408,1889.6705317252654,2,1,2,55.31660582371828,20,83.48796792808646,45,54.482804020323016,45.517195979676984,Shopping Complex
Sandy,Agricultural,28.704068456599213,1,0,14703.827851165051,687.1032935532091,4158.198129973217,0,1,3,48.8239828858502,25,52.15988590566798,45,45.12836548646456,54.87163451353544,Individual House
Rocky,Residential,14.613269327483689,1,0,15347.237996802927,660.0622014813034,3282.491562894437,2,1,1,50.34668266812908,55,75.64455112086051,45,56.03247671406031,43.96752328593969,Individual House
Black Cotton,Commercial,59.29050472582641,0,1,5198.964992949068,262.71095082922466,2547.647233154139,3,1,3,77.41471676878993,40,1.1824921236226515,45,44.640773899982136,55.359226100017864,Shopping Complex
Sandy,Residential,35.863261683934596,0,0,10518.939895631716,1452.6161830367269,1184.4584663066526,2,0,1,30.723353905149406,25,40.22789719344234,85,45.81014816516287,54.18985183483713,Individual House
Rocky,Agricultural,42.8090273517477,1,0,7653.8365809463985,319.70771303856475,4610.780464220762,1,1,3,54.115280379749194,55,28.651621080420497,45,45.60325340301734,54.39674659698266,Individual House
Sandy,Commercial,22.89800543754343,0,1,15666.218624601694,286.40517652614835,271.00404421016634,2,1,1,28.511268933248566,25,61.836657604094285,45,40.43810852766057,59.56189147233943,Shopping Complex
Red Soil,Industrial,10.210640312863928,1,0,12827.18306155171,991.0934552237615,3444.5650884940765,0,0,3,57.44733992178402,20,82.98226614522679,45,55.1021355089311,44.8978644910689,Factory
Black Cotton,Industrial,58.672897453094514,1,0,10043.678042350393,364.2664545006715,3106.1994640468442,3,2,1,71.47578836668609,40,2.2118375781758175,45,42.819485322884084,57.180514677115916,Factory
Red Soil,Residential,20.744246946075076,0,1,15807.902035906647,1408.1574165215848,2205.207611282634,3,2,3,54.81393826348123,20,65.42625508987487,45,49.79144216468715,50.20855783531285,Individual House
Black Cotton,Agricultural,28.30945018454658,0,1,5467.955830159924,16.360492976692232,1201.6047764630266,0,0,1,83.97310340452236,40,52.817583025755695,45,59.84498194802175,40.15501805197825,Individual House
Clayey,Commercial,40.74251569364163,0,1,15318.815731102823,8.629893484951968,2153.4796842263345,3,0,2,91.29657746749248,30,32.095807177263964,45,55.72775390793836,44.27224609206164,Hospital/Clinic
Rocky,Agricultural,6.358351372736121,1,0,17442.11192976366,757.3152021533994,4363.863627767103,2,2,0,52.410412156815966,55,89.40274771210646,45,60.1943311829122,39.8056688170878,Individual House
Black Cotton,Commercial,49.56425217845078,1,1,17693.810339343876,732.093689870208,4183.830551274771,3,1,0,65.6089369553873,40,17.39291303591537,10,35.811356193364404,64.1886438066356,Shopping Complex
Red Soil,Residential,34.51180045157412,0,0,15889.798267372473,245.04603285136574,4706.906249885146,2,1,2,66.66928791602453,20,42.4803325807098,85,58.20433391578604,41.79566608421396,Individual House
Sandy,Commercial,20.30194528878522,0,1,8752.269172967106,741.7793444554267,1538.96603312624,3,0,2,41.70383434032849,25,66.1634245186913,45,46.137198148787796,53.862801851212204,Shopping Complex
Black Cotton,Agricultural,8.388439191085808,0,1,19654.352431638712,617.4916577549797,1935.5207918443646,2,1,1,74.61330603911584,40,86.01926801485699,45,64.86947411740479,35.13052588259521,Individual House
Rocky,Agricultural,13.93741285109428,1,1,8212.279232626359,1335.4942880135532,93.63076329931663,2,0,1,12.388262053212763,55,76.77097858150952,10,34.27863636400185,65.72136363599816,Individual House
Black Cotton,Residential,54.22686223693903,1,1,13133.882582946087,13.880880325445212,4714.749973600041,0,2,3,93.61043162123852,40,9.621896271768293,10,43.66912513537555,56.33087486462445,School
Loamy,Agricultural,42.731332316474,1,0,4060.4093833199045,1464.4047075494284,1646.9504590863444,0,1,3,44.256176102608386,15,28.78111280587666,45,36.1849398373821,63.8150601626179,Individual House
Sandy,Commercial,18.74459469002894,0,0,19628.52907409146,936.5891464437636,2020.8191076649662,4,2,0,51.31385132749276,25,68.75900884995177,85,60.14960017711041,39.85039982288959,Shopping Complex
Rocky,Residential,8.608042071976625,1,1,14375.7325154286,227.76516846791344,4539.023057236973,0,1,0,68.18207937393103,55,85.6532632133723,10,56.02704358421893,43.97295641578107,Individual House
Rocky,Commercial,42.983842181265,1,0,15314.173359680999,70.14002071674935,2632.992150834066,2,1,1,69.04563821167879,55,28.360263031225003,45,50.75603913189383,49.24396086810617,Shopping Complex
Clayey,Agricultural,36.48242492822708,0,1,2249.7573648117477,807.1584878388478,2830.87270877739,2,1,1,62.87939376794323,30,39.19595845295486,45,47.55677743201884,52.44322256798116,Individual House
Red Soil,Residential,27.248573845202927,1,1,15504.938470192765,352.3352489577302,881.1641907545842,3,0,2,39.67102541632714,20,54.585710257995125,10,33.03128646021328,66.96871353978672,Apartment
Clayey,Commercial,24.99862970545351,0,0,15719.745155191426,451.74830550188886,2493.3001040932722,3,2,1,68.64544424352329,30,58.33561715757749,85,64.35980977462752,35.64019022537248,Shopping Complex
Rocky,Agricultural,16.924785176100954,1,0,13763.681800882367,367.6982472517704,4591.043004543871,4,0,3,57.70690887086854,55,71.79202470649841,45,57.64542428142859,42.35457571857141,Individual House
Sandy,Agricultural,41.82861910956347,0,1,6546.282662016529,975.2584703587662,2793.59044053963,2,0,2,45.54284522260913,25,30.28563481739421,45,38.51140453226175,61.48859546773825,Individual House
Black Cotton,Industrial,58.38674152866288,0,1,10304.11080105675,830.2934431742003,1275.5818231987903,4,2,1,48.91495108181009,40,2.688764118895193,45,35.04242390835733,64.95757609164266,Factory
Black Cotton,Agricultural,14.664338521025421,1,1,3098.253054865613,116.96163528271725,155.9043206738142,2,2,3,60.434303666256895,40,75.55943579829096,10,48.54186523276265,51.45813476723735,Individual House
Sandy,Commercial,37.84141410085269,0,0,9960.1542627239,789.7897997627631,1681.5088672703398,0,0,3,40.16982382019362,25,36.93097649857885,85,48.29218246171248,51.70781753828752,Hospital/Clinic
Rocky,Residential,28.33017806602869,1,1,5632.653199407692,1186.7846483449498,2862.95457032229,3,0,0,46.91745548349283,55,52.78303655661885,10,40.366868558377206,59.633131441622794,Apartment
Black Cotton,Industrial,29.56787969595657,0,1,7632.842743387559,121.79188623048648,213.06644185415058,4,0,2,57.561845739264676,40,50.72020050673905,45,50.0766961354274,49.9233038645726,Factory
Black Cotton,Agricultural,18.978100407029793,0,1,4089.4077596702737,1334.60846434563,3048.9628864557812,1,2,0,73.25547489824255,40,68.36983265495034,45,59.98187437812248,40.01812562187752,Individual House
Black Cotton,Agricultural,50.38241816137805,0,1,5371.0329871910435,867.4599741715937,2617.069135590564,2,0,2,65.40439545965549,40,16.029303064369913,45,44.1488641769719,55.8511358230281,Individual House
Red Soil,Agricultural,31.68905822809826,1,1,2454.8041945822088,1425.936703905475,3917.1773458328544,0,2,2,52.07773544297544,20,47.18490295316956,10,35.52343314333379,64.47656685666621,Individual House
Red Soil,Commercial,34.88732187090453,0,1,18478.125962301507,222.21182658356346,144.44086135980916,1,0,0,30.834277164456243,20,41.85446354849245,45,35.5056128946828,64.4943871053172,Hospital/Clinic
Loamy,Industrial,21.761850203852916,0,0,11077.803071532664,1490.3474990299728,3904.236724093687,0,2,0,56.55953744903677,15,63.73024966024514,85,59.228400522224156,40.771599477775844,Factory
Clayey,Commercial,14.999465611682236,1,1,8538.097453992053,966.4092989545152,2604.3852287905343,0,0,1,68.25013359707944,30,75.00089064719627,10,49.63776942077687,50.36223057922313,Shopping Complex
Sandy,Industrial,9.725071351155126,0,1,11165.555042606895,851.2412992215942,1852.6466638985573,2,1,2,50.62166544018236,25,83.79154774807479,45,53.665469841082526,46.334530158917474,Factory
Sandy,Residential,44.27655275087037,0,0,12937.5713411495,772.9194361681281,4826.91488179412,0,1,1,44.93086181228241,25,26.205745415216043,85,47.277237988102854,52.722762011897146,School
Sandy,Commercial,15.79288549283206,0,0,18515.697074017633,35.481559647469126,800.5977361802652,4,2,2,55.934839771549136,25,73.67852417861323,85,62.996824964695506,37.003175035304494,Shopping Complex
Loamy,Commercial,42.954144480383874,0,1,4395.166093439953,1409.4587873243672,2706.625595455532,1,2,3,51.26146387990403,15,28.40975919936021,45,38.54395215780646,61.45604784219354,Shopping Complex
Red Soil,Residential,26.470704532582463,1,0,6615.497474069134,965.9917092812975,1604.907367962392,0,1,1,45.480471226102225,20,55.88215911236256,45,44.13870470722642,55.86129529277358,School
Rocky,Industrial,27.86761405443083,0,1,19539.997390538178,137.43972674893683,2637.431893976679,0,2,0,68.78671288145608,55,53.55397657594862,45,56.963843652496784,43.036156347503216,Factory
Rocky,Agricultural,30.804762285102445,0,0,8052.666746321964,31.428255441787346,2761.3772629020605,3,2,3,74.41311410221715,55,48.658729524829255,85,67.70927231698332,32.290727683016684,Individual House
Loamy,Residential,25.223967947014874,1,0,1428.6713643892251,76.175458855127,447.2412421242289,3,1,0,50.06830532442324,15,57.960053421641874,45,45.5139202189586,54.4860797810414,Individual House
Rocky,Agricultural,10.534098747242455,0,1,3805.2263601060176,914.093645148361,3305.6757345917486,4,0,3,51.36647531318938,55,82.44316875459592,45,58.08905854826526,41.91094145173474,Individual House
Sandy,Agricultural,22.029749550156517,0,0,1500.4353332224882,921.0231223418779,3172.407479595059,3,2,3,50.49256261246087,25,63.283750749739134,85,58.493334601796086,41.506665398203914,Individual House
Clayey,Residential,41.505389838166614,1,1,19808.53970599384,749.5009376721616,3847.33637317232,0,2,1,61.623652540458345,30,30.824350269722316,10,36.274365956591,63.725634043409,School
Black Cotton,Industrial,41.618142080787905,1,0,6298.546130833238,460.14873097942734,453.29246829585503,0,0,0,39.05238998695448,40,30.63642986535349,45,38.57744396177244,61.42255603822756,Factory
Red Soil,Agricultural,20.74233689819969,1,1,18547.312381788295,797.614097421962,1486.292734518439,1,0,1,44.54027046581886,20,65.42943850300051,10,37.446454288786725,62.553545711213275,Individual House
Red Soil,Residential,30.305644460672838,1,0,19921.8392394346,774.4527313143868,3250.5529986405063,3,2,3,52.42358888483179,20,49.49059256554526,45,44.97090425107744,55.02909574892256,Individual House
Loamy,Commercial,15.639597540656561,0,1,12396.983201719171,29.123339814848435,683.6541295780424,2,2,2,60.0157828175058,15,73.93400409890573,45,52.98902501085347,47.01097498914653,Shopping Complex
Red Soil,Commercial,16.570464484140967,1,1,1630.7299862456734,423.7038454912471,3387.9910539422112,3,0,2,60.435153149489935,20,72.38255919309839,10,44.74794340059607,55.25205659940393,Shopping Complex
Sandy,Commercial,6.267589862363407,0,1,2550.240977351612,79.77801220072422,295.13355410211494,0,2,3,45.549092884408,25,89.55401689606099,45,53.330686733558046,46.669313266441954,Shopping Complex
Rocky,Residential,54.32106024492595,1,1,10150.192047049677,1350.2321271714832,1674.6577647981387,1,0,0,33.912890234731286,55,9.464899591790072,10,24.98573648010347,75.01426351989653,Apartment
Sandy,Commercial,16.58886657911984,0,0,8717.268245318233,1087.8347441777032,4233.555611662596,3,0,0,51.85278335522004,25,72.35188903480027,85,61.23644643302708,38.76355356697292,Shopping Complex
Loamy,Agricultural,17.514363231505484,1,1,12517.368809853586,1494.1727552893685,3871.456451905801,1,2,0,57.62140919212363,15,70.80939461415753,10,42.61984187078265,57.38015812921735,Individual House
Sandy,Commercial,20.37807879548225,1,0,9338.108384515916,453.2568949579318,3223.8035761354395,3,2,2,53.71006660365353,25,66.03653534086291,45,50.30765714649446,49.69234285350554,Shopping Complex
Rocky,Commercial,12.007443943248596,0,0,18747.460136158203,1317.7287716353655,4352.292083125506,4,0,1,50.99813901418785,55,79.98759342791901,85,67.3462470119455,32.65375298805451,Shopping Complex
Clayey,Agricultural,40.159458574974956,1,1,11160.05459285671,904.5814018987226,3546.3477208610025,0,2,0,61.96013535625626,30,33.06756904170841,10,36.95293963511679,63.04706036488321,Individual House
Loamy,Commercial,9.13286242476726,1,1,14180.795167786402,679.6881103554074,2596.875526054015,0,0,1,59.71678439380818,15,84.7785626253879,10,46.84551519417984,53.15448480582016,Shopping Complex
Clayey,Agricultural,12.381133447949264,1,0,18033.220180207434,333.8596669329527,4898.587501928933,2,1,0,78.87313662203552,30,79.36477758675123,45,63.19679221440023,36.80320778559977,Individual House
Black Cotton,Commercial,40.46161996245511,0,0,3790.56564083094,1107.5882479292143,3474.2803989465974,0,1,0,67.88459500938622,40,32.56396672924147,85,59.150599935595544,40.849400064404456,Shopping Complex
Clayey,Agricultural,23.68133412647935,1,0,5364.958428252043,1356.21112335645,3006.8358840650158,2,0,0,66.07966646838017,30,60.53110978920108,45,54.01066071123333,45.98933928876667,Individual House
Black Cotton,Commercial,43.9371304685654,1,1,3039.054549006286,352.9625971130561,2044.3528047678233,0,0,1,75.83796155607529,40,26.771449219057658,10,41.73614884939076,58.26385115060924,Shopping Complex
Black Cotton,Agricultural,35.65836095685781,0,1,3653.129585368333,263.08550246041887,4512.062492895252,3,2,1,83.30027961316043,40,40.56939840523698,45,56.5474474659154,43.4525525340846,Individual House
Clayey,Residential,19.08116451838322,0,0,10739.095371750429,1044.3328725073004,1478.545478024964,3,0,1,56.80061843090348,30,68.19805913602798,85,62.67973123482321,37.32026876517679,Individual House
Loamy,Agricultural,40.795537276913045,1,0,7102.405920381816,1465.4597440882787,46.09797105451341,4,0,3,12.723075101862007,15,32.00743787181159,45,25.954935753604598,74.0450642463954,Individual House
Rocky,Commercial,11.395052416108436,0,0,9040.283951008343,1124.932651656117,983.7026121617997,3,2,2,30.825289139208884,55,81.00824597315261,85,60.54091269201126,39.45908730798874,Shopping Complex
Sandy,Commercial,34.50257106940167,0,1,19667.306804087173,426.87110857147337,547.5874597117958,1,2,3,22.7138399125971,25,42.495714884330546,45,33.57377269049162,66.42622730950838,Shopping Complex
Sandy,Industrial,29.043145777476905,0,0,3977.382608123014,629.9331362216784,1594.9688708653603,3,1,2,40.63859097293798,25,51.59475703753849,85,52.12219609991291,47.87780390008709,Factory
Rocky,Agricultural,19.733047054959243,1,0,11275.429345163437,576.4764531875576,4129.393387292275,2,0,3,49.06673823626019,55,67.1115882417346,45,53.451255443124715,46.548744556875285,Individual House
Black Cotton,Residential,38.22027487567251,1,0,2878.551946019368,1278.1425270705681,3257.6484268250374,4,0,2,68.44493128108188,40,36.29954187387915,45,50.280611416848444,49.719388583151556,Individual House
Black Cotton,Agricultural,52.923347578715536,0,0,7051.429952013694,1157.0561683083358,844.9029461685625,1,1,1,41.667222028692365,40,11.79442070214077,85,44.78213288557752,55.21786711442248,Individual House
Loamy,Agricultural,59.93975848696922,1,1,11022.992549817374,883.4631521422803,3944.1086054616926,1,0,2,47.015060378257694,15,0.10040252171796737,10,21.230371762819683,78.76962823718031,Individual House
Red Soil,Residential,38.42695228088835,0,0,18986.003173341418,412.43866559535485,2521.0993304970134,0,2,0,55.646941994056625,20,35.955079531852746,85,52.71519958088301,47.28480041911699,School
Clayey,Agricultural,27.258823088104357,1,1,8433.336204386178,1406.9827915830842,2563.573120591485,2,0,1,65.18529422797391,30,54.56862818649274,10,43.45701002641405,56.54298997358595,Individual House
Black Cotton,Residential,17.386390511891086,0,1,2233.2272280787265,979.9728371537199,1810.5609049043665,3,2,3,69.86462047011456,40,71.02268248018152,45,59.45828778458547,40.54171221541453,Individual House
Sandy,Residential,19.140284916731147,1,0,8375.067511246021,1455.7149696626736,4323.081824110117,3,0,0,51.21492877081721,25,68.09952513878142,45,49.95010635448138,50.04989364551862,Individual House
Loamy,Agricultural,31.370023798237114,0,1,3769.082341605577,870.1755495630462,1591.6365192789633,0,1,0,45.990224436019986,15,47.71662700293814,45,41.525735303341534,58.474264696658466,Individual House
Clayey,Agricultural,25.20027357043901,1,0,5369.802652537461,1231.789137545421,470.6988033484433,3,2,1,35.11390767435911,30,57.99954404926832,45,42.53975369834277,57.46024630165723,Individual House
Loamy,Commercial,55.259798744371935,1,0,12743.721840134818,1219.6580690917901,1513.6449698597255,1,2,0,38.45794971110152,15,7.90033542604678,45,28.935366255397227,71.06463374460277,Shopping Complex
Clayey,Commercial,25.256250721064024,0,0,2281.0534578699517,505.99316525038813,3576.767731339429,3,1,1,65.685937319734,30,57.90624879822663,85,63.21664026146355,36.78335973853645,Shopping Complex
Clayey,Industrial,25.539452512998952,1,0,9829.75136875071,1446.0310844358423,3287.9094340166444,3,2,2,65.61513687175027,30,57.43424581166841,45,53.073859358029694,46.926140641970306,Factory
Rocky,Industrial,26.094398183868734,1,0,12579.770134204524,32.912201396345985,940.0857677678893,1,1,1,54.30338372560985,55,56.509336360218775,45,52.63351839401814,47.36648160598186,Factory
Black Cotton,Agricultural,51.014111570221196,1,1,9015.309454982442,1153.0663631511213,558.9214955247102,2,0,1,36.424902017938905,40,14.976480716298,10,24.992835885353117,75.00716411464688,Individual House
Loamy,Residential,40.7933576465796,1,1,1363.4006618508768,1448.3356286460657,3304.328792008732,2,1,3,51.8016605883551,15,32.01107058903399,10,30.88334885318278,69.11665114681722,Individual House
Loamy,Industrial,38.7792867675391,1,0,19724.867781154444,508.3623049255843,3381.8841782745612,1,0,0,52.305178308115224,15,35.36785538743483,45,40.64877625469903,59.35122374530097,Factory
Rocky,Agricultural,23.37786623111242,1,1,7975.199579470171,972.165881686458,1830.7481860528535,1,2,3,44.77049716327896,55,61.03688961481264,10,41.6788964108508,58.3211035891492,Individual House
Sandy,Industrial,49.98472972578417,1,0,15792.966551732072,843.3348747663158,4214.006917645399,4,2,3,43.503817568553956,25,16.692117123693052,45,34.39936542991715,65.60063457008286,Factory
Sandy,Residential,7.110012374563563,1,1,7187.283351561611,1142.2609645147854,4891.026018999584,4,1,3,54.22249690635911,25,88.1499793757274,10,47.26536876115753,52.73463123884247,Individual House
Black Cotton,Agricultural,52.89384447859622,0,1,10025.318382874957,1299.2668824675786,1028.226117246977,3,0,3,45.34106122529049,40,11.843592535672968,45,36.080269562769914,63.919730437230086,Individual House
Black Cotton,Residential,33.20124448866613,1,0,8380.809209608935,904.566853949322,2885.3435785301417,3,1,3,69.69968887783347,40,44.66459251888979,45,52.81103923696416,47.18896076303584,Individual House
Red Soil,Agricultural,26.903762917487704,0,1,7508.245360682547,1223.8568795721853,26.731645019695826,4,2,0,13.80869217102199,20,55.160395137520496,45,32.87314104423782,67.12685895576217,Individual House
Rocky,Industrial,32.344200439472715,1,1,1415.176166947796,468.4283638338828,3565.271980131437,3,2,0,47.80824806009885,55,46.09299926754547,10,39.00613663792097,60.99386336207903,Factory
Sandy,Commercial,41.70785417936071,0,1,7840.397819235567,342.88058805722534,2071.410567816589,2,0,0,55.0002011717263,25,30.486909701065485,45,41.87179783537057,58.12820216462943,Hospital/Clinic
Clayey,Industrial,5.702098458484355,1,0,17900.30981759107,646.0015342992602,966.3461345158241,2,0,3,49.90139807569539,30,90.49650256919274,45,55.83961496879157,44.16038503120843,Factory
Loamy,Industrial,52.93535210520363,0,1,14117.47343327999,1016.6048993711748,3761.109608821881,0,2,0,48.76616197369909,15,11.774413157993962,45,33.51175998029317,66.48824001970684,Factory
Black Cotton,Commercial,29.570673892126607,0,1,3763.034322813357,280.87042340808546,4053.243987780403,4,2,3,83.75510612248323,40,50.71554351312233,45,59.24317302114971,40.75682697885029,Shopping Complex
Loamy,Commercial,23.8631585835043,1,1,12231.945087832044,1020.5282882278372,555.8325058796864,2,0,0,27.150860471717653,15,60.22806902749283,10,29.309818421974384,70.69018157802562,Shopping Complex
Loamy,Agricultural,12.603506109873141,0,1,17952.38633902856,591.1404728581009,204.97880919016998,0,1,0,22.948699656335116,15,78.99415648354477,45,41.28058400060348,58.71941599939652,Individual House
Red Soil,Agricultural,29.170595589714317,1,1,14300.646778332253,1193.362910838948,1670.3922083455864,1,1,0,46.11519526948315,20,51.382340683809474,10,34.485903515271474,65.51409648472853,Individual House
Sandy,Residential,32.29775242064083,1,1,3825.003454777238,55.253725654954955,3129.952328805178,2,0,0,74.6103383555425,25,46.170412632265275,10,43.90622158250619,56.09377841749381,Individual House
Black Cotton,Residential,27.20056819714128,0,1,17488.817437955437,1001.9739567440918,3967.097635943165,0,0,1,71.19985795071469,40,54.6657196714312,45,55.83638020060794,44.16361979939206,School
Loamy,Industrial,42.326305160479336,1,1,6729.336252488442,974.7335049749515,2730.3124831522887,3,0,0,51.418423709880166,15,29.456158065867783,10,30.110487814925,69.889512185075,Factory
Black Cotton,Commercial,28.14930908175743,0,1,9627.446741934495,1411.4032141879716,2903.7438815349033,0,2,0,70.96267272956064,40,53.08448486373762,45,55.35805667128063,44.64194332871937,Shopping Complex
Clayey,Residential,57.87796678156153,0,0,10996.71243409378,1070.0513303461057,3999.2911087644557,2,1,1,57.53050830460962,30,3.536722030730772,85,46.76985841429606,53.23014158570394,Individual House
Red Soil,Industrial,37.96026348029755,1,1,17159.625483185708,1194.4528446349218,2644.2168710937967,3,0,2,50.50993412992561,20,36.73289419950409,10,32.361700495349986,67.63829950465,Factory
Clayey,Commercial,49.411286460854996,1,1,18700.54240780556,1356.8865237797525,3055.7724511315027,3,1,2,59.64717838478625,30,17.647855898575003,10,32.28847640931894,67.71152359068105,Shopping Complex
Black Cotton,Agricultural,11.014574671021336,1,1,18663.404678020564,1012.5778774379818,2581.0866998827964,0,2,1,75.24635633224466,40,81.64237554829778,10,55.24681860336007,44.75318139663993,Individual House
Black Cotton,Industrial,26.851021112024814,1,1,1151.1294442922722,435.2304524399619,4402.29116683852,0,2,2,75.17341757559609,40,55.24829814662532,10,48.622770688114954,51.377229311885046,Factory
Sandy,Agricultural,23.526623579593398,1,1,18515.881226123685,1304.6606993752832,1177.5830929254444,2,0,0,33.670005963610535,25,60.78896070067767,10,33.2317422624331,66.7682577375669,Individual House
Loamy,Residential,36.32153134751255,0,0,2033.3523540298743,1121.3671792139626,1319.9679227025467,3,0,3,39.318975617172796,15,39.46411442081242,85,47.127670071213586,52.872329928786414,Individual House
Loamy,Residential,52.361243603378405,0,0,6049.699479531272,636.6564060013402,639.8073080091287,4,0,3,21.705835259337974,15,12.73126066103599,85,34.279857506027284,65.72014249397272,Individual House
Clayey,Commercial,9.308601976910367,1,0,10784.769239828825,1065.793758974943,4097.333757472109,0,0,0,69.6728495057724,30,84.48566337181606,45,61.256913169974354,38.743086830025646,Shopping Complex
Red Soil,Industrial,8.991613892459092,1,0,10118.588091083486,1301.5333157717132,2058.8864528117865,4,1,0,57.752096526885225,20,85.01397684590151,45,55.71672799588521,44.28327200411479,Factory
Rocky,Agricultural,51.76747394866794,1,1,12489.486083860447,1463.4781970869071,1739.469704406219,4,0,2,35.8475256009574,55,13.720876752220107,10,26.726853148390113,73.27314685160988,Individual House
Loamy,Commercial,16.70675473210966,0,1,10109.47834600311,1428.527255938583,4906.743585435781,3,1,1,57.823311316972585,15,72.15540877981724,45,51.77701115589471,48.22298884410529,Shopping Complex
Sandy,Residential,41.781428994739755,0,1,18753.137913167993,487.9917401462123,4634.016832198928,2,2,3,46.27513834254232,25,30.364285008767084,45,38.78736967208158,61.21263032791842,Individual House
Clayey,Residential,34.85829727984428,0,0,5570.428116077153,632.5405705772727,4859.938410623807,4,2,0,63.28542568003893,30,41.9028378669262,85,58.37560845474517,41.62439154525483,Individual House
Clayey,Industrial,50.80914771879762,1,0,6206.469186731231,164.3049074660569,711.4949837934643,2,1,1,53.66931829820646,30,15.318087135337294,45,38.36378318820658,61.63621681179342,Factory
Rocky,Agricultural,11.879890041002195,1,0,18494.020778168066,371.316430527069,4456.259065740831,0,1,1,58.75104165812531,55,80.20018326499634,45,60.11291039659294,39.88708960340706,Individual House
Sandy,Industrial,12.13806311474362,0,0,2458.050761159868,1323.6318127304255,1643.5479969372575,3,0,0,45.836444160059244,25,79.76989480876063,85,60.98522915821089,39.01477084178911,Factory
Red Soil,Agricultural,35.62500981530691,1,1,12581.655616191387,541.2748894190385,63.28385105931255,1,0,1,12.359424567359524,20,40.624983641155154,10,19.98204450886462,80.01795549113538,Individual House
Sandy,Agricultural,57.0508259347104,1,1,13952.983089246605,930.8289878923216,1956.4916799153436,3,0,3,40.86712711462927,25,4.915290108815995,10,21.782317017324242,78.21768298267575,Individual House
Red Soil,Industrial,27.824876710391486,0,0,10605.29274516505,998.9484274605499,2545.9817656902983,1,2,3,53.04378082240213,20,53.625205482680855,85,56.22162465851096,43.77837534148904,Factory
Sandy,Commercial,22.981815514008222,0,1,14190.405697639606,1172.743912714968,541.1021178370268,0,1,1,21.07658847823848,25,61.696974143319636,45,37.80104950321338,62.19895049678662,Shopping Complex
Sandy,Industrial,38.36791277588372,1,0,4282.338274227373,274.20004536844647,2688.3880843712814,2,1,0,59.95601908392228,25,36.053478706860474,45,44.99797635608792,55.00202364391208,Factory
Black Cotton,Industrial,56.17467302997671,0,0,17200.01242265926,457.2197019216532,4097.317920883657,0,1,1,66.52314962720664,40,6.375544950038815,85,52.126988607032025,47.873011392967975,Factory
Clayey,Residential,51.031030806454304,1,0,3660.488099927826,672.5045121872708,1888.2547541959698,3,1,2,57.00733738230582,30,14.94828198924283,45,39.43963858111775,60.56036141888225,Individual House
Sandy,Residential,59.75159859032709,0,0,8615.436441999245,547.2615918574103,1763.224032671511,1,0,0,36.326581005848446,25,0.41400234945484726,85,37.817803939410666,62.182196060589334,Individual House
Rocky,Industrial,6.241272076130739,0,1,2429.89442485591,1474.3578492895347,1694.0521011533872,1,0,0,46.32072400403506,55,89.59787987311543,45,58.11172336969113,41.88827663030887,Factory
Sandy,Industrial,11.207197959201924,1,1,11359.010497530604,1252.4112048205686,4615.472229418459,3,1,0,53.19820051019952,25,81.32133673466346,10,45.19970436223569,54.80029563776431,Factory
Loamy,Residential,38.52072698516421,1,0,13725.170341087143,719.5301319307291,243.7904939509955,3,0,3,17.24562813272886,15,35.79878835805965,45,28.485666935970016,71.51433306402998,Individual House
Clayey,Agricultural,50.13170416336173,0,0,18883.21106681052,1318.902939129702,2225.3807099647765,0,2,0,59.46707395915956,30,16.447159727730437,85,50.675265817638454,49.324734182361546,Individual House
Loamy,Industrial,20.688438826872158,1,1,15047.387722024016,521.4794213749452,1322.9972707485842,4,0,0,43.287835708253645,15,65.51926862187975,10,36.28055965335871,63.71944034664129,Factory
Clayey,Commercial,18.15660984188203,0,1,11280.955412628871,1178.7424858353968,4469.035126937471,1,2,3,67.4608475395295,30,69.73898359686328,45,56.79604253805114,43.20395746194886,Shopping Complex
Loamy,Commercial,48.28366896596605,1,0,18719.72332623634,335.5133971596805,480.2613179190196,3,2,3,29.40350528730805,15,19.527218390056575,45,28.67303144807196,71.32696855192805,Shopping Complex
Sandy,Commercial,8.101001961927736,0,0,10090.299922776654,1158.483067839549,2057.213833402054,0,1,3,53.97474950951806,25,86.49833006345378,85,65.51574484419476,34.48425515580524,Shopping Complex
Sandy,Industrial,25.31604561704218,0,0,11662.907408878518,684.6801047935926,2034.0807601554284,4,1,0,49.67098859573945,25,57.806590638263025,85,56.83649366807456,43.16350633192544,Factory
Black Cotton,Agricultural,32.81950724257814,0,0,12325.87202573182,161.24898148836354,4441.972087735113,2,0,0,90.12018430005365,40,45.30082126236976,85,70.11726982061121,29.882730179388787,Individual House
Rocky,Agricultural,35.81917708926779,1,0,8789.61479184477,409.8936818333734,1077.4672252048472,3,1,3,32.00092932177759,55,40.30137151788702,45,40.77566814209391,59.22433185790609,Individual House
Loamy,Residential,45.07383362360273,0,1,16931.17112075066,603.4119360353469,3224.4770515080554,4,2,3,50.73154159409932,15,24.876943960662118,45,37.475275548100285,62.524724451899715,Individual House
Red Soil,Industrial,24.5165147886862,0,1,4518.342838056124,1123.9393674966557,672.0306344389454,2,2,2,27.311483991607354,20,59.13914201885633,45,38.59380490177666,61.40619509822334,Factory
Black Cotton,Agricultural,38.69763895710339,0,0,11542.001617060552,109.47407209642628,4769.878570402713,2,0,3,91.75714593493858,40,35.50393507149434,85,68.24098484510208,31.759015154897924,Individual House
Loamy,Industrial,37.1956482535026,0,0,14722.431867556686,989.3204926389594,2965.0747963614294,0,2,1,52.70108793662435,15,38.007252910829,85,51.44719400552577,48.55280599447423,Factory
Loamy,Residential,35.118885535956096,1,0,18175.54726565497,1074.0204613992653,3131.2836516033517,1,1,2,53.22027861601097,15,41.468524106739835,45,42.494228542288795,57.505771457711205,Individual House
Black Cotton,Residential,40.22658112282167,1,0,17794.44953225129,980.8820548886272,2168.867008302361,3,0,3,67.94335471929458,40,32.955698128630544,45,49.26909868391074,50.73090131608926,Individual House
Sandy,Residential,19.269704408744197,0,1,10666.065499172697,1141.0044572513334,1711.4135633316114,4,0,3,45.41084516444618,25,67.88382598542634,45,47.864752303912745,52.135247696087255,Individual House
Loamy,Commercial,9.655681447154594,0,1,13220.067572103491,267.25292403425743,1063.3821474743816,2,0,3,54.81854714564354,15,83.90719758807568,45,53.66329089799416,46.33670910200584,Shopping Complex
Sandy,Industrial,11.559941962185889,1,0,8490.51698645672,880.655032594556,3019.9387691612947,1,1,3,53.11001450945353,25,80.73343006302352,45,53.771862594064615,46.228137405935385,Factory
Black Cotton,Residential,17.35203104596456,0,1,9895.377494723805,1411.7174208058198,4772.80872674119,2,2,1,73.66199223850886,40,71.07994825672573,45,60.80168434765953,39.19831565234047,Individual House
Sandy,Industrial,32.51088645375319,1,0,18219.05005888794,916.1764047068066,1798.9547704620152,3,1,3,43.851373795802004,25,45.81518924374469,45,41.801778139466876,58.198221860533124,Factory
Clayey,Commercial,51.22435128003111,0,0,18683.375870657004,917.0045204294296,4415.784443310271,3,0,0,59.193912179992225,30,14.626081199948146,85,50.12438956298431,49.87561043701569,Hospital/Clinic
Red Soil,Commercial,43.57113381486113,1,1,18012.867103273373,1104.6594631699033,743.8815642362484,0,2,2,23.984847831009688,20,27.381443641898116,10,20.74005765132792,79.25994234867208,Shopping Complex
Loamy,Residential,48.397233231112594,0,0,3629.046374459126,499.80634818878855,4680.630104409004,3,0,3,49.912310800894545,15,19.337944614812344,85,45.803794934016175,54.196205065983825,Individual House
Rocky,Residential,24.303659315935025,1,1,17151.596405282085,1050.7138519823109,1752.4314194903827,3,1,0,42.9727135608239,55,59.49390114010829,10,40.663925031315436,59.336074968684564,Apartment
Red Soil,Agricultural,27.25595579067026,1,0,19018.910889408126,1374.3507499698226,1898.6360579667282,3,0,1,51.158732211667,20,54.57340701554957,45,45.79890802797084,54.20109197202916,Individual House
Sandy,Industrial,26.652503729483705,1,0,7863.744196898489,16.34320953801449,2314.211285171641,1,1,2,78.3562814953482,25,55.57916045086049,45,56.319488636086994,43.680511363913006,Factory
Loamy,Residential,15.553025142247584,0,0,10854.279499011716,1305.169561663298,3591.2213497382513,4,0,3,58.111743714438106,15,74.07829142958737,85,62.35868315745017,37.64131684254983,Individual House
Sandy,Agricultural,8.366916197896462,1,0,15802.809860446921,327.92749688828866,3598.267168445176,4,0,2,64.23262113722856,25,86.05513967017257,45,58.99520231557314,41.00479768442686,Individual House
Clayey,Industrial,37.50038510549747,1,1,11679.484613747325,683.8849105505628,2397.942923598326,3,0,3,62.624903723625636,30,37.49935815750421,10,38.29355584264503,61.70644415735497,Factory
Black Cotton,Residential,59.40691758813224,0,0,19876.18691241874,1278.521701428957,2615.7644965696795,4,1,1,63.14827060296694,40,0.9884706864462771,85,49.599012382649995,50.400987617350005,Individual House
Loamy,Agricultural,14.175633772264456,0,1,9658.55393797974,1235.8681911849435,150.05243887070586,3,1,1,21.457140334348004,15,76.37394371289257,45,40.103485045244945,59.896514954755055,Individual House
Clayey,Agricultural,7.5676650944600565,0,1,14564.911512940174,1337.8912171890838,1521.4835077916284,4,1,2,60.53775388221756,30,87.38722484256657,45,58.78502006941778,41.21497993058222,Individual House
Clayey,Industrial,47.87424250031631,0,0,16059.23166373434,1410.6251889487892,1730.0853711530474,4,1,2,54.633146797981865,30,20.209595832806144,85,49.92400033749519,50.07599966250481,Factory
Loamy,Agricultural,18.89223036765983,1,1,10387.90789941035,670.7354351576379,2793.636343628797,2,1,2,57.27694240808504,15,68.51294938723362,10,41.92516718963817,58.07483281036183,Individual House
Sandy,Industrial,50.63040929441106,0,0,17282.69230851614,984.5457162015103,2791.4988368565223,1,2,1,43.34239767639723,25,15.615984509314913,85,44.07383531406776,55.92616468593224,Factory
Rocky,Industrial,43.716516686898345,0,1,11376.937232936732,585.71766078916,3549.498988639366,2,0,0,43.07087082827542,55,27.13913885516942,45,41.35958950368875,58.64041049631125,Factory
Clayey,Industrial,57.01204453779425,0,1,8821.365139230997,526.0750762382487,3585.1364810904047,2,1,2,57.74698886555144,30,4.979925770342902,45,37.206427545528726,62.793572454471274,Factory
Red Soil,Commercial,27.49099796661696,0,0,3048.6498031869933,647.3931158965042,1176.053621060415,4,2,3,36.64832292955406,20,54.181670055638406,85,50.622330539253525,49.377669460746475,Shopping Complex
Clayey,Agricultural,41.408341169784876,0,0,8474.857950658059,1114.614202174014,3850.9357555241236,0,2,1,61.64791470755378,30,30.986098050358535,85,55.07329466023346,44.92670533976654,Individual House
Rocky,Industrial,30.56701294472989,0,1,14944.792639932399,752.1611207123293,98.01784023141025,0,0,2,8.318603568445733,55,49.05497842545018,45,34.675255855318554,65.32474414468145,Factory
Sandy,Residential,39.682378351969895,0,0,18504.44182192204,1221.089511672513,3580.8094230336023,1,0,1,46.079405412007524,25,33.86270274671685,85,49.59346758088185,50.40653241911815,Individual House
Sandy,Commercial,29.72793983042555,1,0,5781.908673345895,1117.8277157942339,510.3055175971155,3,0,2,18.774125394335922,25,50.453433615957415,45,34.184302292006926,65.81569770799308,Shopping Complex
Red Soil,Commercial,15.374773553324117,1,1,7749.47482927955,30.71769168659899,3648.241042106095,4,1,1,84.31324511047303,20,74.37537741112646,10,53.60348014144718,46.39651985855282,Shopping Complex
Clayey,Agricultural,32.93435788018595,1,1,3925.258887984098,945.3572356592424,2635.5904528420215,1,0,1,63.76641052995351,30,45.10940353302342,10,40.595594568739585,59.404405431260415,Individual House
Sandy,Industrial,34.07213107905933,1,0,14123.734990350407,654.8566849628866,2186.2725034154605,2,0,2,47.48196723023517,25,43.21311486823445,45,42.42196724764092,57.57803275235908,Factory
Rocky,Agricultural,49.58321165430886,1,1,19243.58017018858,684.9434837267124,3453.331948807145,4,0,3,41.604197086422786,55,17.361313909485233,10,29.65179745761928,70.34820254238072,Individual House
Loamy,Commercial,45.453638818646965,0,0,13178.092177115335,1227.559580804842,181.85416873616356,2,2,1,14.27367367006153,15,24.243935302255053,85,34.5567696100853,65.4432303899147,Shopping Complex
Black Cotton,Industrial,41.50853931677943,0,0,12724.4540701183,821.4119791270151,1117.3516283778918,1,1,3,49.969897738362974,40,30.819101138700958,85,52.44423949310228,47.55576050689772,Factory
Black Cotton,Residential,11.23629025539149,0,1,11516.308679508245,1328.4327351884208,3082.20071233827,0,0,3,75.19092743615212,40,81.27284957434752,45,63.88503699624012,36.11496300375988,Individual House
Black Cotton,Industrial,44.63389598650433,0,0,2680.6590730251937,1069.2083885875356,4236.07703315409,1,2,1,66.84152600337391,40,25.61017335582612,85,57.0470774401374,42.9529225598626,Factory
Clayey,Commercial,32.51678359949831,1,1,14860.572702158288,829.2600131460792,1905.5381847255849,4,1,1,61.981567794637115,30,45.80536066750282,10,40.144888894998694,59.855111105001306,Shopping Complex
Red Soil,Residential,54.175474485838755,1,0,12438.941327437666,1131.8069642266555,1293.8073631677855,4,0,1,32.332278641896025,20,9.707542523602072,45,27.993183155564125,72.00681684443587,Individual House
Sandy,Industrial,55.59290137717985,0,0,13568.058608269454,57.52357638811095,2593.6821789449714,3,2,3,68.65036007241838,25,7.34516437136692,85,50.86391711818816,49.13608288181184,Factory
Loamy,Residential,8.0336124830982,0,0,18077.41076752101,40.625482242311605,3111.5762619342067,0,1,1,87.55406794468675,15,86.610645861503,85,75.79658524601611,24.203414753983893,Individual House
Rocky,Residential,50.13528581949633,1,1,15895.25495415934,125.0239903812781,2100.515157028732,4,0,1,63.96473912224923,55,16.44119030083945,10,37.24795626799709,62.75204373200291,Individual House
Loamy,Commercial,7.073356473246884,1,1,15837.389790935995,656.347987720714,4383.553413298775,0,0,1,60.23166088168828,15,88.21107254458853,10,47.88384944473803,52.11615055526197,Shopping Complex
Rocky,Residential,25.194329413226246,1,0,18616.491608707605,353.17521844041465,2617.193544300067,4,2,1,56.510904540268555,55,58.009450977956256,45,53.781179333583054,46.218820666416946,Individual House
Clayey,Agricultural,34.826498659159355,0,1,19808.764077796994,1476.391941623677,179.11793785292508,0,0,2,26.87573409226866,30,41.95583556806775,45,35.64546582431097,64.35453417568903,Individual House
Black Cotton,Commercial,13.14554392449201,0,1,12044.371907260133,813.4352085170503,1115.2697735309519,1,2,1,57.01900948949603,40,78.09076012584666,45,56.72934335278527,43.27065664721473,Shopping Complex
Clayey,Agricultural,46.047259691299224,1,0,3068.7507045921493,993.6236191217378,2253.235154589073,0,2,3,60.488185077175196,30,23.254567181167957,45,42.7345065723033,57.2654934276967,Individual House
Red Soil,Residential,5.459508729467622,1,1,9723.468247733292,418.230204370045,3488.6275950846666,2,2,3,63.54131055543039,20,90.90081878422063,10,50.4646633904558,49.5353366095442,Individual House
Red Soil,Agricultural,14.272947663872026,0,1,15964.421782771244,482.6953628814132,1098.7612189629442,1,1,0,39.44526569040609,20,76.21175389354663,45,47.108781465028784,52.891218534971216,Individual House
Rocky,Industrial,36.94382564194116,0,1,1526.7811704751348,503.19287121173386,4881.287198587105,4,2,2,44.76404358951471,55,38.426957263431404,45,44.774154572187996,55.225845427812004,Factory
Sandy,Residential,44.29131591205108,0,0,2080.8613287668322,1048.1035577254509,1592.7912909404174,4,1,2,36.782996840795576,25,26.181140146581527,85,44.419333930923834,55.580666069076166,Individual House
Sandy,Industrial,55.415370648165386,0,0,2275.9978652736054,710.5593115339627,2662.4010343029418,3,0,0,42.146157337958655,25,7.641048919724355,85,41.66141729821662,58.33858270178338,Factory
Rocky,Agricultural,43.80231585640431,1,1,14889.679408237906,776.5254787951117,94.83192365520587,2,1,3,4.946059509003039,55,26.996140239326152,10,19.2301558879826,80.7698441120174,Individual House
Red Soil,Industrial,41.94785986401763,1,0,10522.165942700269,888.004473239018,4424.4536071540215,3,2,3,49.51303503399559,20,30.086900226637283,45,39.10128731855778,60.89871268144222,Factory
Red Soil,Residential,26.688763049286536,1,1,8009.060926891278,1153.2174843573255,3944.173267625917,1,0,1,53.327809237678366,20,55.51872825118911,10,38.044415295984706,61.955584704015294,Individual House
Red Soil,Industrial,5.070643403974078,0,0,3006.7238599729835,135.55462276871722,977.2900214779634,3,2,0,60.14486221244272,20,91.5489276600432,85,68.18793368936575,31.81206631063425,Factory
Clayey,Agricultural,11.608759230459206,0,1,14912.564753911893,1165.3108683282323,4666.183456199215,1,2,3,69.0978101923852,30,80.65206794923466,45,60.09725055464348,39.90274944535652,Individual House
Red Soil,Agricultural,34.400499961582156,0,0,7099.376400467094,844.8526033127697,1579.1988189870233,3,0,0,42.98385138934492,20,42.66583339736307,85,49.96080633561149,50.03919366438851,Individual House
Loamy,Agricultural,42.132143721443086,1,1,6041.157331228676,1003.6431672828858,3460.9314419005855,0,2,0,51.46696406963923,15,29.77976046426153,10,30.208377540439113,69.79162245956088,Individual House
Black Cotton,Residential,27.959655614305436,1,0,13394.064829517469,491.327647261143,4094.8815900829995,1,1,2,71.53042726075506,40,53.4005739761576,45,55.63579303530367,44.36420696469633,Individual House
Red Soil,Agricultural,45.18734563406146,1,1,11621.206959339994,614.0802552246737,3704.5723061859044,1,0,3,48.70316359148464,20,24.68775727656424,10,28.71804657616068,71.28195342383933,Individual House
Rocky,Residential,33.702426243269834,0,0,7885.802194452731,346.74872948088034,4587.913920149206,0,0,3,54.76946967032973,55,43.82928959455028,85,59.62663678325298,40.37336321674702,School
Black Cotton,Industrial,9.079690757687171,0,0,13188.261945306174,1468.9499961261079,4321.373801703542,0,0,1,75.73007731057821,40,84.86718207052138,85,74.97232257633272,25.027677423667285,Factory
Clayey,Agricultural,15.560893803237185,1,0,6153.208887298245,745.504458765475,4973.057570458051,2,2,3,68.1097765491907,30,74.06517699460468,45,58.10471604086791,41.89528395913209,Individual House
Rocky,Industrial,51.19990227841686,0,1,16101.774970482209,1494.1153736948968,913.0570628807277,0,2,2,19.46116568801034,55,14.6668295359719,45,29.978115374796594,70.0218846252034,Factory
Black Cotton,Commercial,44.87020106434417,1,1,5357.060055845424,734.6789670918995,1523.8090061335001,3,0,3,57.25862985658396,40,25.21633155942638,10,34.84460333966098,65.15539666033902,Hospital/Clinic
Rocky,Industrial,54.21190928568723,1,1,4017.916212258297,329.626896576101,3181.12933715815,0,1,1,50.669408884012135,55,9.646817857187955,10,30.895997573701234,69.10400242629876,Factory
Clayey,Commercial,11.46564870165151,1,0,15866.348780478624,761.1785951052851,3665.2359294579182,0,2,3,69.13358782458712,30,80.89058549724749,45,60.16940211291737,39.83059788708263,Shopping Complex
Loamy,Industrial,59.46223940382907,1,1,14449.94858326073,59.3933576986167,2673.025272778546,1,2,0,73.57083868712573,15,0.8962676602848916,10,30.723860455565227,69.27613954443477,Factory
Clayey,Residential,16.517369267246348,0,0,4470.14053833417,1357.154702132927,369.6418244330746,1,2,2,35.263494171849906,30,72.47105122125609,85,56.20998576546149,43.79001423453851,Individual House
Clayey,Industrial,5.6478931957653105,0,0,3208.6693011088214,1227.8253767916617,4207.97613400191,0,1,1,70.58802670105867,30,90.58684467372449,85,73.10252051380165,26.89747948619835,Factory
Rocky,Residential,59.85826164794548,0,0,16929.58268124715,1088.730781041427,4804.37178010636,2,2,1,39.03543458801363,55,0.23623058675752873,85,43.221459752494155,56.778540247505845,Individual House
Sandy,Residential,20.45906369948122,0,1,15755.371161737072,914.74007316369,2027.5842191319737,1,2,0,50.885234075129695,25,65.90156050086463,45,49.28522205151155,50.71477794848845,Individual House
Red Soil,Agricultural,41.74106988819079,0,0,7217.890100293621,869.7513505055447,1124.06240849423,3,1,2,32.0459806978369,20,30.431550186348673,85,43.073980790830085,56.926019209169915,Individual House
Red Soil,Residential,14.717527279696785,0,1,13505.750756053967,1495.0923211191944,96.56877481043769,3,1,3,18.251993676284556,20,75.47078786717202,45,39.5058947534926,60.4941052465074,Individual House
Loamy,Commercial,36.912569270952794,1,1,3359.043544408405,416.9961510299069,1186.4951804679263,0,2,2,41.48199222982591,15,38.47905121507868,10,28.888460084208738,71.11153991579127,Shopping Complex
Loamy,Agricultural,54.72192425500076,0,0,10633.905521905885,1169.526548048367,3499.5938741921113,0,0,2,48.31951893624981,15,8.79679290833208,85,42.61102985477045,57.38897014522955,Individual House
Red Soil,Agricultural,22.609964208564122,0,1,1355.8755491479776,872.1071553204862,4557.946938363652,2,0,2,54.34750894785897,20,62.316726319059796,45,48.85080971151559,51.14919028848441,Individual House
Sandy,Industrial,41.863968682439754,0,0,8440.435737509553,1463.8208156383278,467.5653321588291,0,1,2,14.885314472566643,25,30.226718862600407,85,37.76653978104842,62.23346021895158,Factory
Red Soil,Residential,15.334697383912909,1,0,2422.0136079566964,1241.7047749473786,2766.2959358096496,4,2,2,56.166325654021776,20,74.44217102681182,45,52.51875673561058,47.48124326438942,Individual House
Sandy,Residential,39.36374692952989,0,1,10027.796422980768,1497.787669484389,3477.656242559162,4,1,2,46.159063267617526,25,34.39375511745018,45,39.754110923028676,60.245889076971324,Individual House
Loamy,Commercial,23.50476934996306,1,0,9011.951290204992,882.4874916936695,1381.904105531343,0,1,0,43.7618897731361,15,60.825384416728234,45,44.02300752477969,55.97699247522031,Shopping Complex
Black Cotton,Industrial,16.616454222337342,0,0,9443.315506123065,306.8159363174026,2849.48519585151,4,0,1,85.43693026537152,40,72.30590962943776,85,75.22940300023947,24.770596999760528,Factory
Rocky,Industrial,22.22501278869993,0,0,1861.2947389118872,755.5305535421007,3576.2421300288643,3,1,0,48.44374680282502,55,62.958312018833446,85,62.19488938569712,37.80511061430288,Factory
Loamy,Agricultural,14.836258767928964,0,1,7870.710484354816,1066.666701075862,4188.596215676884,0,1,3,58.29093530801776,15,75.27290205345173,45,52.720052871169145,47.279947128830855,Individual House
Loamy,Agricultural,54.60538593108355,1,1,15373.193132898414,1161.540579272382,2262.4992540999046,3,2,1,48.34865351722911,15,8.991023448194085,10,23.91978459307871,76.0802154069213,Individual House
Clayey,Agricultural,26.845278747442087,1,1,8009.373093718782,0.7649835239153524,3739.286094594803,3,2,1,95.24278130170455,30,55.25786875426319,10,54.14944064416239,45.85055935583761,Individual House
Clayey,Commercial,18.4903617735902,0,0,14588.267099582032,757.5406327534411,1508.9148586992485,4,1,3,57.555706730587424,30,69.18273037734967,85,63.19017995004302,36.80982004995698,Shopping Complex
Clayey,Commercial,29.66243125587631,0,0,8020.095749040932,352.85186995596985,1065.233733860793,2,1,1,54.7179546658886,30,50.562614573539484,85,57.54193777644588,42.45806222355412,Shopping Complex
Rocky,Agricultural,22.629489174357253,0,1,9041.549388313542,1312.3677498821826,936.5687304533371,3,2,3,27.07400231547743,55,62.28418470940458,45,44.546946987768244,55.453053012231756,Individual House
Clayey,Industrial,45.94305895973293,1,1,11713.950143756056,229.3581660753428,1794.363659128631,4,0,2,72.64001847811882,30,23.428235067111785,10,38.28106523411953,61.71893476588047,Factory
Sandy,Commercial,58.41709515370219,1,1,19062.956799334566,999.6843743622501,179.3984089442452,2,2,2,4.983694390459355,25,2.63817474382968,10,8.653836722618195,91.3461632773818,Shopping Complex
Red Soil,Industrial,29.091851118370574,0,1,3068.3484862864484,399.0932854873873,1414.9591883262485,4,2,1,47.08062385768909,20,51.51358146938237,45,43.606613717536774,56.393386282463226,Factory
Black Cotton,Industrial,52.35683699847322,1,1,1625.3616045622998,534.8132148214083,3261.114122216141,4,2,1,64.9107907503817,40,12.738605002544631,10,34.403428013269746,65.59657198673025,Factory
Loamy,Residential,36.12246904577907,1,0,12551.186492390858,1410.8388911352672,3239.5952358006834,0,2,2,52.96938273855523,15,39.79588492370155,45,41.98825518941972,58.01174481058028,School
Sandy,Agricultural,13.647961580182841,1,1,19032.8446896401,360.6721881121192,367.7690324574562,1,2,2,28.303058967376263,25,77.25339736636192,10,35.46941998017218,64.53058001982782,Individual House
Black Cotton,Residential,42.98425081447378,1,0,19804.739518539584,142.504142734396,1437.0780854031007,2,0,3,77.44525044037981,40,28.359581975877035,45,51.44573314810219,48.55426685189781,Individual House
Sandy,Agricultural,33.23889734192011,0,0,10199.120700448035,103.92735216633875,2847.788323389608,4,2,1,71.45463453453964,25,44.60183776346649,85,61.159581527955496,38.840418472044504,Individual House
Sandy,Agricultural,40.78335877886569,0,0,9893.55080061687,756.9226651491932,1592.7606875155143,3,2,1,37.65937405559386,25,32.02773536855719,85,46.18771476159715,53.81228523840285,Individual House
Loamy,Industrial,53.932807691441575,1,0,13254.311644158728,962.567223426432,2089.940120944367,3,0,0,48.516798077139605,15,10.111987180930697,45,33.008876122231534,66.99112387776847,Factory
Red Soil,Agricultural,29.223901386082535,1,1,11557.060386894425,490.9404653563308,3564.05378557882,1,1,2,53.23759673209952,20,51.29349768986244,10,36.95653327870044,63.04346672129956,Individual House
Clayey,Industrial,54.56476927695456,1,0,13047.673094668244,1035.3896126896211,46.334147283150216,2,0,2,19.285490626424362,30,9.058717871742402,45,24.764601187184127,75.23539881281587,Factory
Rocky,Industrial,46.286795785491016,0,1,17605.98908521999,91.5505778598567,1381.9677204421528,0,2,1,54.574620790878896,55,22.855340357514976,45,44.31495236618636,55.68504763381364,Factory
Red Soil,Agricultural,31.873270923289162,0,0,15179.817220264576,1286.0019673843153,711.8612189250833,2,1,0,26.268906647679373,20,46.87788179451806,85,45.163587775317296,54.836412224682704,Individual House
Rocky,Industrial,38.177217461188,1,1,10440.670442049115,1224.8508146088568,638.0459138224587,3,0,3,17.216613911152173,55,36.37130423135333,10,25.86864092674159,74.13135907325841,Factory
Loamy,Industrial,22.90696228854563,1,1,9775.424721003223,1478.2444070881284,4795.201082236235,3,1,3,56.27325942786359,15,61.82172951909062,10,39.90107317952491,60.09892682047509,Factory
Loamy,Industrial,59.09785148563258,1,0,13152.433221749205,1404.757471352768,1882.8016578120887,0,0,2,44.88157028483363,15,1.503580857279033,45,29.584444814011526,70.41555518598847,Factory
Loamy,Commercial,41.70431396777178,1,1,9658.419403985652,534.2957458783922,2635.4429245481992,0,0,0,51.573921508057055,15,30.492810053713697,10,30.424075041248393,69.57592495875161,Hospital/Clinic
Black Cotton,Industrial,7.411576887314644,0,0,9697.807674047157,598.9130760233658,3669.109435348163,3,1,0,76.14710577817134,40,87.6473718544756,85,75.81332998597887,24.186670014021132,Factory
Rocky,Commercial,22.96420481614048,0,1,1309.8121339435916,1118.9472712173892,237.23737430025093,4,1,3,13.003696281969898,55,61.726325306432535,45,39.4828750252976,60.5171249747024,Shopping Complex
Red Soil,Commercial,39.28229385674816,0,0,4307.21861073886,201.1241579324748,1205.1131927884917,4,1,2,52.214240915634306,20,34.529510238753076,85,51.15736188016027,48.84263811983973,Shopping Complex
Red Soil,Industrial,8.098330278958189,0,0,10281.759159919307,471.02206536725225,4160.738936718562,0,1,1,59.71409350822532,20,86.50278286840302,85,66.77562844497962,33.22437155502038,Factory
Sandy,Industrial,6.313630522552852,0,1,16630.41572195701,177.8114054634724,4309.9530658894055,4,2,0,73.75290804155345,25,89.4772824624119,45,63.18283843014669,36.81716156985331,Factory
Sandy,Commercial,29.751333174029142,0,1,6295.813127815359,682.329673609247,1864.7546032040102,0,0,1,45.857258770572926,25,50.414444709951425,45,43.65365174718838,56.34634825281162,Shopping Complex
Sandy,Commercial,23.29795988309685,1,0,10930.22522949183,828.0064198279765,1874.3079982588413,2,2,2,47.661669994402615,25,61.17006686150525,45,46.97410121341723,53.02589878658277,Shopping Complex
Loamy,Industrial,29.106423441824123,1,0,7554.279610425411,316.7407049441286,3784.484385544409,2,0,3,65.71895184289625,15,51.48929426362646,45,49.3739567109203,50.6260432890797,Factory
Red Soil,Industrial,19.448132043400285,0,1,2991.2758012521917,39.947530371157505,1475.3511337493458,2,2,0,72.24813784186739,20,67.58644659433286,45,56.4334598932368,43.5665401067632,Factory
Rocky,Agricultural,14.05947608186395,0,0,19207.67117835471,1079.0337476257846,585.4704056999905,0,2,1,22.19453909353382,55,76.56753986356009,85,56.40997364862686,43.59002635137314,Individual House
Loamy,Commercial,42.902884633918575,0,0,17238.80353475573,30.007746639252765,1287.6772512029172,0,0,0,65.22735906722353,15,28.49519227680237,85,53.45337374272883,46.54662625727117,Hospital/Clinic
Black Cotton,Commercial,33.30141139472903,1,0,2491.356064871222,1460.1039133925342,1936.7236581788743,4,2,0,68.40912031489523,40,44.49764767545161,45,52.317604029076236,47.682395970923764,Shopping Complex
Sandy,Agricultural,16.008481618715177,1,1,14675.957986897407,332.41088511359317,261.02354797549134,4,1,0,27.273697448015444,25,73.31919730214136,10,34.12559343234074,65.87440656765926,Individual House
Loamy,Commercial,22.57741844429991,1,0,7604.0181827925035,995.8501381744367,2393.4012710008737,4,1,2,56.355645388925026,15,62.37096925950015,45,48.817218200998795,51.182781799001205,Shopping Complex
Loamy,Residential,37.54943492148293,1,0,19902.14633417406,652.1275893599837,3700.037563863892,1,2,1,52.612641269629265,15,37.41760846419512,45,41.26882656041902,58.73117343958098,Individual House
Black Cotton,Commercial,8.972614154986282,0,1,6745.571876750576,89.5107905056608,2568.725722402308,0,2,0,100.0,40,85.04564307502287,45,73.51141076875572,26.488589231244276,Shopping Complex
Clayey,Agricultural,13.109915509639874,1,0,5536.030461889399,708.2754099517011,359.47670257253486,2,0,1,35.91205517404073,30,78.15014081726687,45,47.856754515230975,52.143245484769025,Individual House
Red Soil,Residential,9.028508225906457,0,0,11789.9204178027,775.1409514451994,2200.7481567297928,2,0,2,57.74287294352339,20,84.9524862901559,85,65.69812710277216,34.30187289722784,Individual House
Rocky,Industrial,49.677453299276536,1,0,16867.397103520878,1282.0248121393026,3544.5230402141638,1,2,0,41.58063667518087,55,17.20424450120578,45,38.35428396161475,61.64571603838525,Factory
Clayey,Agricultural,46.38250782666051,1,0,4657.858564576161,1098.523604471847,290.48326995094965,1,0,0,26.214038442353868,30,22.695820288899142,45,30.598868527048637,69.40113147295136,Individual House
Sandy,Agricultural,46.43221125335914,1,1,14478.652624667293,118.95371213007955,299.2359486344426,2,1,0,33.23944343154429,25,22.612981244401425,10,23.53705051214086,76.46294948785913,Individual House
Loamy,Industrial,44.397893891181546,1,0,2166.7250796813123,313.7440251483976,1853.0070159049133,0,1,1,59.13602533639902,15,26.003510181364092,45,40.69848641308068,59.30151358691932,Factory
Black Cotton,Agricultural,41.8161983018428,0,0,18459.760119099446,467.8315263224216,974.8198206185455,2,1,1,48.97245525756492,40,30.306336163595333,85,51.96694338104655,48.03305661895345,Individual House
Black Cotton,Commercial,31.234555345799624,0,0,2540.4234067986768,174.6115296972292,4673.903956542102,2,0,0,89.71466938171635,40,47.94240775700062,85,70.63573622285088,29.36426377714912,Shopping Complex
Red Soil,Industrial,40.32529899289133,0,0,18370.396150539087,685.3486063717359,2906.7180186987157,1,0,1,49.91867525177717,20,32.79116834518112,85,49.91932842441729,50.08067157558271,Factory
Clayey,Agricultural,7.109885513338606,0,0,10325.337739601353,1476.4637862938034,1436.626997029481,1,0,1,58.955068562254965,30,88.15019081110232,85,68.42182169956482,31.578178300435184,Individual House
Red Soil,Industrial,39.18054324612315,0,1,9513.731143122477,771.9191868566425,3523.883645574754,4,0,0,50.204864188469216,20,34.699094589794754,45,40.49647611341291,59.50352388658709,Factory
Loamy,Industrial,47.78327380452824,0,1,19492.834510507153,1112.823252484754,1874.6452567966444,1,2,0,47.547086684800824,15,20.36121032578626,45,35.23178292112685,64.76821707887315,Factory
Red Soil,Industrial,32.51970982114146,0,0,19817.29937626616,1024.4066965490192,660.5782218950501,2,2,3,25.08163698261564,20,45.8004836314309,85,44.4786938517732,55.5213061482268,Factory
Rocky,Residential,24.66323306349803,1,0,13353.384393259228,1274.867152638207,1186.161149217902,4,2,3,31.557414718483535,55,58.894611560836616,45,45.26874804167839,54.73125195832161,Individual House
Black Cotton,Agricultural,20.258470414053853,0,1,3415.266545283922,323.5852356984142,3213.7364222968786,2,2,0,83.52026825458168,40,66.23588264324357,45,63.04106454991448,36.95893545008552,Individual House
Black Cotton,Residential,40.35411275891454,1,1,10617.231627448848,1130.7393925395425,259.3805299849583,0,1,2,33.099082409970535,40,32.7431454018091,10,28.270465193941963,71.72953480605804,School
Sandy,Agricultural,43.10406592464498,0,1,11054.098918157586,1322.0328604586243,1363.4452002403186,0,0,0,32.49288752364513,25,28.1598901255917,45,33.412483164673716,66.58751683532628,Individual House
Sandy,Commercial,52.90321799243984,1,0,10774.482134570884,257.26473447036415,1041.5573882108731,1,1,0,38.16945919788565,25,11.827970012600261,45,31.316303222410042,68.68369677758996,Shopping Complex
Loamy,Commercial,23.82837453535449,0,0,11820.344931880185,520.2033296820056,1005.67555338266,4,0,0,36.156417433814575,15,60.28604244107585,85,51.22625671210406,48.77374328789594,Shopping Complex
Rocky,Commercial,47.33747690620721,1,0,1355.7695620934228,1455.1526464973422,3413.8120598798555,3,2,0,42.1656307734482,55,21.104205156321314,45,39.5340220597872,60.4659779402128,Shopping Complex
Clayey,Agricultural,35.87457033041359,0,0,14513.318347939545,1171.1817689696886,4129.0845837718225,0,1,0,63.031357417396606,30,40.20904944931068,85,57.86323745841648,42.13676254158352,Individual House
Red Soil,Industrial,53.55600698729435,0,0,14535.491737106773,423.88624880629857,3579.3330403212935,0,0,0,51.1778233247985,20,10.739988354509407,85,44.84723525230683,55.15276474769317,Factory
Loamy,Industrial,34.02966595625914,0,0,3193.9257283798706,845.9126544667304,3228.639079002561,0,2,0,53.49258351093522,15,43.28389007290144,85,53.04337674705269,46.95662325294731,Factory
Sandy,Residential,33.4696405618882,0,1,11834.549406470214,606.4891842742181,4582.25885908932,0,0,0,47.632589859527954,25,44.21726573018634,45,42.725722883381366,57.274277116618634,School
Red Soil,Residential,36.78323947925,1,1,11798.862466279717,734.9477644906948,291.96190212148423,1,0,3,16.643428172617185,20,38.69460086791666,10,20.99885007739518,79.00114992260482,Apartment
Sandy,Commercial,46.212344532833896,0,0,13966.557983617602,532.7492870860627,837.4154298812036,4,2,3,21.1952224644156,25,22.979425778610178,85,38.16318430719801,61.83681569280199,Shopping Complex
Red Soil,Residential,58.05797633556535,0,0,2622.5561505665405,418.9965277955109,2072.0342783526607,0,1,3,50.345714248378016,20,3.236706107391086,85,42.680176513780076,57.319823486219924,Individual House
Clayey,Agricultural,9.04598448186711,1,0,12903.562838055832,1012.1445620871281,1862.2582175193386,1,0,2,66.98366822992,30,84.92335919688814,45,60.42512367969404,39.57487632030596,Individual House
Loamy,Agricultural,7.938903131505944,0,1,6334.287064180482,1167.8127226291763,2090.2580148151123,4,2,1,60.01527421712351,15,86.76849478082343,45,56.19746967119909,43.80253032880091,Individual House
Red Soil,Residential,56.56526855740362,1,1,10633.056819427267,1310.9356841210172,1032.27452521353,4,0,2,26.5041733649197,20,5.724552404327298,10,16.20759877880372,83.79240122119629,Apartment
Rocky,Residential,34.143159403501336,1,1,15693.147501377458,232.99495097728206,747.5165779011417,3,0,2,36.43484464851058,55,43.094734327497775,10,34.27587920885314,65.72412079114686,Apartment
Black Cotton,Residential,38.819665801181486,0,1,14407.272790897254,1234.2832854678609,2545.96623728964,2,0,0,68.29508354970463,40,35.30055699803086,45,49.978418491904335,50.021581508095665,Individual House
Rocky,Residential,31.533298087710087,0,0,3259.157335881874,382.2012367155953,4640.262620343969,0,1,3,53.18460127513676,55,47.444503187149856,85,59.97573624308533,40.02426375691467,Individual House
Rocky,Commercial,10.151159893411098,1,1,12232.510955205391,641.0045848650759,1959.847311749585,1,1,0,50.65915626163893,55,83.08140017764816,10,49.25105473598566,50.74894526401434,Shopping Complex
Black Cotton,Commercial,47.24491581302666,0,1,19413.214087874032,1352.16552877387,216.7660705976404,4,1,0,30.52409245869614,40,21.258473644955572,45,33.248050771782545,66.75194922821746,Shopping Complex
Rocky,Residential,46.09735547987228,1,0,3978.619309365043,681.755401473903,3530.836714447623,3,1,3,42.47566113003193,55,23.17107420021287,45,40.15924994556439,59.84075005443561,Individual House
Red Soil,Agricultural,22.14368268210466,0,0,17205.234666782882,295.5953010664743,1455.5245276358746,2,2,0,55.83885181820287,20,63.09386219649223,85,59.56706368549406,40.43293631450594,Individual House
Red Soil,Commercial,21.84315848756202,0,0,14348.413530521762,239.8029828556767,1225.4750365244604,4,1,1,54.6605321372581,20,63.594735854063295,85,59.27987021155616,40.72012978844384,Shopping Complex
Red Soil,Agricultural,51.08127594980352,1,1,15706.062945285434,709.4756499782007,1621.2900034898103,4,0,1,39.65548108234533,20,14.864540083660799,10,23.095553399736065,76.90444660026394,Individual House
Black Cotton,Industrial,8.979649175772964,0,0,6357.208215710264,1144.0086359648312,3619.0776195393814,0,2,2,75.75508770605676,40,85.0339180403784,85,75.02276020721446,24.97723979278554,Factory
Rocky,Agricultural,53.46078315961112,0,1,6469.889658217006,1495.807715961452,4094.0969343515203,2,0,3,40.63480421009722,55,10.898694733981472,45,36.4468551570294,63.5531448429706,Individual House
Black Cotton,Residential,19.116392944275294,0,1,18214.369659753273,1181.1129426463528,2940.2803366948183,2,1,1,73.22090176393118,40,68.1393450928745,45,59.912151890594544,40.087848109405456,Individual House
Red Soil,Industrial,37.61416112655217,1,1,7836.808609758615,1315.5179384142803,1612.393768597758,1,0,2,42.84433509031712,20,37.30973145574639,10,29.822950145547587,70.1770498544524,Factory
Rocky,Commercial,56.47967984509778,0,1,2197.2924231633992,1121.748541402332,1552.3911655863908,3,0,0,30.927903350453374,55,5.867200258170371,45,31.791566237201273,68.20843376279873,Shopping Complex
Rocky,Commercial,42.296737584515554,1,0,12411.33736800955,1343.152651134159,621.5417495273151,1,0,2,15.856650594417413,55,29.505437359140743,45,32.42618704783128,67.57381295216872,Hospital/Clinic
Sandy,Industrial,27.793639685687012,0,0,3371.5357117950107,114.44031497086988,4666.5052411759725,3,0,2,72.18517118032605,25,53.67726719052165,85,63.68412671074453,36.31587328925547,Factory
Sandy,Agricultural,42.92438148979783,1,1,16135.328586750256,1394.8973984724682,3190.696994844098,1,1,1,45.26890462755054,25,28.459364183670274,10,29.208957665560256,70.79104233443974,Individual House
Clayey,Commercial,23.91887999740036,0,0,13193.182407520091,594.6092305884841,134.87309927932012,3,0,2,28.717741986236312,30,60.13520000433273,85,50.83500969626589,49.16499030373411,Shopping Complex
Loamy,Residential,20.249212899205236,0,1,17619.803599202955,1382.4213349206668,3311.8354759334034,0,0,3,56.93769677519869,15,66.25131183465794,45,49.99102182998402,50.00897817001598,School
Sandy,Industrial,59.817580286407384,1,1,15911.90774587007,113.59925618921335,2235.7671209675395,3,0,0,64.22964955704535,25,0.3040328559876855,10,28.80638555896279,71.19361444103721,Factory
Black Cotton,Residential,46.29346271488832,0,0,3130.1593184257267,1072.8644356817038,4862.789815234597,1,0,3,66.42663432127792,40,22.84422880851946,85,56.21037921457713,43.78962078542287,Individual House
Sandy,Industrial,40.45959875599997,1,0,8240.342852254023,1103.5331230053068,4095.344124032035,2,1,0,45.88510031100001,25,32.567335406666714,45,39.20161896051668,60.79838103948332,Factory
Clayey,Commercial,24.540930377062534,0,1,15716.644748377159,1495.366333946659,856.5787691639908,4,0,3,42.996342789014186,30,59.098449371562445,45,45.573332319045576,54.426667680954424,Shopping Complex
Rocky,Agricultural,7.703845603527649,1,0,8929.487992060189,1153.2829060347206,3600.555594374332,3,2,0,52.07403859911809,55,87.16025732745392,45,59.515977841554815,40.484022158445185,Individual House
Clayey,Industrial,6.708128181933558,0,1,19474.944210819587,573.86055872341,2427.830019176317,3,2,3,70.32296795451661,30,88.81978636344407,45,62.56798537494183,37.43201462505817,Factory
Rocky,Industrial,35.47996904968393,1,0,14979.068547975536,835.872827427818,935.2258183496409,2,0,0,23.834524104571837,55,40.86671825052678,45,38.05876299923184,61.94123700076816,Factory
Rocky,Residential,46.91179965714781,0,1,1294.4984171160995,549.8264072498854,3493.6995366497454,0,0,1,42.27205008571305,55,21.813667238086992,45,39.74863433952132,60.25136566047868,Individual House
Loamy,Commercial,34.55585547441203,1,1,17719.72813965589,294.0279679572872,2736.9378934712267,1,1,2,65.71935805395975,15,42.40690754264662,10,38.35350220454757,61.64649779545243,Shopping Complex
Sandy,Residential,51.2431789566513,1,0,2915.2909125025944,372.7534912534103,151.8693938578525,0,2,2,13.861383662789608,25,14.594701738914509,45,23.50015971670499,76.49984028329501,Individual House
Black Cotton,Commercial,6.83845932012719,0,0,3669.950759421631,333.0158014114814,3232.9397526441294,3,1,2,86.30943708527931,40,88.60256779978802,85,79.60894492979476,20.39105507020524,Shopping Complex
Black Cotton,Residential,25.171364203426705,1,1,14955.355611609968,823.2229952448193,3174.935449312203,3,0,2,71.70715894914332,40,58.04772632762216,10,48.1094372141057,51.8905627858943,Individual House
Red Soil,Industrial,18.038871514579792,1,0,17434.402629179123,1359.24095179784,720.4258052573132,0,2,0,29.898798226501313,20,69.93521414236702,45,42.19838291486721,57.80161708513279,Factory
Rocky,Residential,29.600013248641712,0,0,11190.642930091564,1369.0899391325963,1744.9386349834645,1,2,3,41.49876938750886,55,50.66664458559715,85,56.69123043202738,43.30876956797262,Individual House
Black Cotton,Agricultural,8.980701625676737,0,1,6491.944925969804,82.14566628873825,2929.4948537551995,3,1,3,100.0,40,85.03216395720544,45,73.50804098930136,26.491959010698636,Individual House
Loamy,Commercial,57.47724028640899,0,1,7674.995359810336,119.84910142784028,693.9150705336494,3,0,1,44.31804525340032,15,4.204599522651677,45,30.06246571935303,69.93753428064697,Hospital/Clinic
Rocky,Commercial,17.27904705881485,0,0,7514.897262325064,367.6785857585152,4263.6168891737825,0,2,2,57.619523089785375,55,71.20158823530858,85,67.46723014025203,32.53276985974797,Shopping Complex
Loamy,Industrial,55.726927651597165,0,0,7206.883972380732,382.5891787042124,137.43023143851894,4,1,2,17.861521993618346,15,7.121787247338062,85,31.531979509600937,68.46802049039906,Factory
Black Cotton,Commercial,28.4241235270175,0,1,5615.283764611346,142.33376285887667,514.1870748467747,2,2,1,62.637684843648515,40,52.62646078830417,45,52.329804892353025,47.670195107646975,Shopping Complex
Black Cotton,Agricultural,59.20382732903699,1,1,12568.474797955429,582.6950117601607,580.5345992744204,3,0,2,34.80973515322916,40,1.3269544516050047,10,21.01514591653146,78.98485408346855,Individual House
Red Soil,Residential,35.473211090311594,1,1,18107.701052736276,881.5880890369308,2640.535629875276,1,0,1,51.1316972274221,20,40.877981516147344,10,33.61558940863457,66.38441059136542,Individual House
Black Cotton,Industrial,56.19580752966941,1,1,6834.565848583482,867.2433008991954,3100.570060843126,4,0,2,63.951048117582644,40,6.340320783884323,10,32.467947037125,67.532052962875,Factory
Rocky,Agricultural,5.294194378182256,0,1,4547.19165176683,815.144521887889,2018.7039825074326,0,1,3,52.676451405454436,55,91.17634270302958,45,60.73084366766645,39.26915633233355,Individual House
Rocky,Commercial,46.1531343399495,0,1,16932.97566105707,508.0078873312458,1443.334138340831,0,0,1,31.328399181829248,55,23.078109433417495,45,36.23446707199461,63.76553292800539,Hospital/Clinic
Rocky,Commercial,54.66778592063835,1,1,15093.883286904362,1059.683527974871,4046.586878127787,1,1,3,40.33305351984041,55,8.887023465602752,10,27.088324598344833,72.91167540165517,Shopping Complex
Red Soil,Agricultural,12.684631183842473,1,1,18685.9035996383,1239.725911471607,341.4299186321007,4,2,2,23.657440576681395,20,78.85894802692921,10,33.49484120857079,66.50515879142921,Individual House
Red Soil,Residential,10.286921845268331,0,0,4144.874976493283,519.4113997161127,1401.4593056639585,1,0,3,45.45745565196209,20,82.85513025788612,85,60.87389204265826,39.12610795734174,Individual House
Black Cotton,Residential,28.351493395227557,1,0,3740.774968215239,128.303038949193,195.57789401985383,3,1,3,57.12550219463861,40,52.747511007954074,45,50.43080352011203,49.56919647988797,Individual House
Clayey,Industrial,56.35233983731143,0,0,11287.158491794937,444.4953766377848,69.45067483134004,4,1,0,22.631205939031858,30,6.07943360448094,85,35.19078047978138,64.80921952021862,Factory
Clayey,Commercial,34.831260810474134,0,1,12674.23944186681,206.05298186235416,1766.8994346610061,2,1,2,76.26699457886033,30,41.94789864920978,45,52.93042276490356,47.06957723509644,Shopping Complex
Red Soil,Agricultural,34.01010550469527,1,0,10123.295395332201,701.0380908407712,974.1183122246599,2,0,0,30.97983986831938,20,43.31649082550789,45,35.922066660288756,64.07793333971125,Individual House
Black Cotton,Residential,12.761936506462703,0,1,12380.366090153633,233.9027269741174,1341.8292741912314,1,1,1,77.61193773876191,40,78.73010582256217,45,64.09670466420721,35.90329533579279,Individual House
Clayey,Industrial,5.0434231101270335,0,0,4427.215608626355,694.2671364869659,4104.735787274841,2,0,0,70.73914422246824,30,91.59429481645495,85,73.40727418197761,26.592725818022387,Factory
Black Cotton,Commercial,49.55770499100037,0,1,10112.661329117584,331.5043384869716,814.9004812461069,1,0,2,52.018323067953744,40,17.403825014999384,45,39.80736932753366,60.19263067246634,Hospital/Clinic
Black Cotton,Commercial,9.816600964243102,0,1,13503.758657853688,1108.0966581936045,3901.1668357590047,3,2,0,75.54584975893923,40,83.63899839292816,45,64.60079701386077,35.39920298613923,Shopping Complex
Black Cotton,Industrial,39.86174003044282,1,0,9221.42253572537,41.35236125376846,3375.2531157318176,3,2,0,95.55342331716318,40,33.56376661592864,45,59.08463981498927,40.91536018501073,Factory
Sandy,Industrial,55.30390499833553,0,1,13909.499380515359,832.1194557478884,1632.2276257041635,1,0,2,34.81857626449939,25,7.8268250027741,45,29.14320794326831,70.85679205673169,Factory
Rocky,Residential,16.475855223713708,0,0,9572.634330522953,254.23241238008504,2732.780725881439,3,2,3,64.62709145126647,55,72.54024129381048,85,70.25454233139588,29.745457668604118,Individual House
Black Cotton,Agricultural,41.5900059930301,1,0,7338.392036003268,1.4877967044406026,2222.178048872694,2,1,1,97.51323069947604,40,30.68332334494984,45,59.050461581054066,40.949538418945934,Individual House
Sandy,Commercial,9.32842171891302,0,0,6768.495894654755,1303.8001320972107,641.9765774883268,3,0,0,26.507426120038282,25,84.4526304684783,85,55.39075675913298,44.60924324086702,Shopping Complex
Red Soil,Agricultural,38.20653291106871,0,0,8807.139120783173,1007.2916817211014,4535.9266086708785,2,2,2,50.44836677223282,20,36.322445148218804,85,50.987539657336185,49.012460342663815,Individual House
Clayey,Commercial,14.01624465242615,1,0,1438.7028309618158,148.41423307578512,2848.0898379288005,2,1,0,89.59108485234636,30,76.63959224595641,45,66.26677775981032,33.733222240189676,Shopping Complex
Rocky,Commercial,45.477445828334794,1,0,13701.97763047616,996.1085515257834,4401.2002289772745,0,0,1,42.6306385429163,55,24.20425695277534,45,40.47178772821454,59.52821227178546,Hospital/Clinic
Clayey,Agricultural,21.56772121366495,0,0,17057.007178624975,917.4709991063978,4119.132559066451,3,1,1,66.60806969658377,30,64.05379797722509,85,65.07627388811059,34.92372611188941,Individual House
Rocky,Industrial,30.48650548425554,0,0,7737.914794419253,710.035030564805,398.8796265471162,3,0,1,14.355966159878438,55,49.18915752624077,85,46.82187753751764,53.17812246248236,Factory
Clayey,Residential,37.968679811519195,1,0,1874.6295866926525,628.887147638421,1036.3533300922622,1,2,0,43.234896648965446,30,36.718866980801344,45,40.06193057233824,59.93806942766176,Individual House
Rocky,Commercial,14.420037586643177,0,1,19748.736350325595,1330.6046443736025,726.305571874154,1,1,3,24.921102040822287,55,75.96660402226138,45,47.21403671985314,52.78596328014686,Shopping Complex
Clayey,Industrial,45.790080023969146,0,1,6010.266853570272,367.7220298461769,4153.897663934594,4,2,3,68.4891582032371,30,23.683199960051425,45,45.642005361145834,54.357994638854166,Factory
Clayey,Commercial,21.6452187350248,0,0,3405.801312124687,597.4650855200749,4312.233132276012,2,1,3,66.5886953162438,30,63.924635441625334,85,65.03720222109166,34.96279777890834,Shopping Complex
Clayey,Residential,41.43045229520144,1,1,8025.297651487531,493.6731193422409,2639.8575490418298,0,1,2,62.021999765665186,30,30.949246174664268,10,36.44501146164888,63.55498853835112,School
Clayey,Commercial,13.705567788465551,0,1,15032.583772037577,1156.8015435549503,520.8903625400346,2,1,3,38.991415303684306,30,77.15738701922407,45,48.68634211109553,51.31365788890447,Shopping Complex
Red Soil,Residential,42.84647125634926,1,0,6584.415340920748,1374.697959348809,678.0830927150811,3,1,3,22.850044040214303,20,28.58921457275123,45,29.394819057262815,70.60518094273718,Individual House
Black Cotton,Residential,12.050344004575397,1,0,11919.360874470269,1274.6725481103456,4067.744062191337,4,2,1,74.98741399885616,40,79.91609332570766,45,63.47461823102657,36.52538176897343,Individual House
Loamy,Commercial,28.3946072948491,1,1,8895.639894305703,1196.5558954496528,4645.950682646651,2,1,2,54.901348176287726,15,52.675654508584834,10,37.13438548884691,62.86561451115309,Shopping Complex
Sandy,Commercial,18.596334055638224,1,0,3237.515853255751,1480.1849183551244,997.3784255532836,4,2,1,31.298484997156116,25,69.00610990726963,45,43.205997225822045,56.794002774177955,Shopping Complex
Loamy,Residential,46.16063871855004,0,0,7275.453237350094,1045.7168256155778,55.6878823608653,2,1,0,11.573597967579795,15,23.065602135749927,85,33.31715982259041,66.68284017740959,Individual House
Loamy,Industrial,19.411925247878102,1,0,14772.539608567266,1126.5806868203006,1654.7645257538895,3,0,0,50.24230920310826,15,67.64679125353649,45,47.99650603447201,52.00349396552799,Factory
Rocky,Agricultural,53.494451851746796,0,1,12628.074049297467,1474.2038095575285,152.49694823940675,3,0,1,3.676326001851436,55,10.842580247088677,45,23.49735916242017,76.50264083757983,Individual House
Black Cotton,Residential,54.050111627363705,1,0,3275.789217787659,10.486178098761123,4139.87458039019,2,1,2,93.8583014072334,40,9.916480621060487,45,52.57952564779681,47.42047435220319,Individual House
Rocky,Commercial,15.804272337253222,1,1,4103.125784571863,951.0725646545476,2457.561286131258,0,0,3,50.048931915686694,55,73.65954610457796,10,46.68201269663483,53.31798730336517,Shopping Complex
Black Cotton,Commercial,38.761526975424836,0,0,13173.933826841463,1108.4572979299344,3209.3038938150994,3,1,3,68.30961825614379,40,35.397455040958604,85,60.00773014988998,39.99226985011002,Shopping Complex
Black Cotton,Industrial,9.824470294598038,1,0,16454.89287209651,1376.7405806357924,2057.4243806827108,1,2,2,75.54388242635049,40,83.62588284233661,45,64.59682955980682,35.40317044019318,Factory
Clayey,Agricultural,26.534540478089607,1,1,7640.015423205216,1325.7664562765142,1727.5377350624094,0,0,3,59.917119581725785,30,55.77576586985066,10,41.914933321066684,58.085066678933316,Individual House
Red Soil,Residential,44.23269512256997,0,0,12310.904285025554,1262.9410218506914,1111.0020653804243,2,1,3,31.16186752696599,20,26.278841462383383,85,41.72636400003394,58.27363599996606,Individual House
Clayey,Residential,41.268278576745395,1,1,4242.22818629,1418.6869079125556,3852.662735190728,0,1,1,61.68293035581365,30,31.219535705424335,10,36.39390955089086,63.60609044910914,Individual House
Red Soil,Agricultural,39.35853681736344,1,1,6916.150401201153,806.0687818705613,3477.7379220776465,1,2,0,50.16036579565914,20,34.40243863772761,10,31.6567376879126,68.3432623120874,Individual House
Rocky,Residential,20.539747501434398,1,0,1385.1339077879993,10.380143377240136,1803.6449224804308,3,2,2,74.3151529716156,55,65.76708749760934,45,61.9520754144678,38.0479245855322,Individual House
Red Soil,Agricultural,25.79137221889211,0,0,15597.24300819093,16.58159804551429,1605.5806714959147,3,1,2,74.66887449246441,20,57.01437963517982,85,64.6377009811575,35.362299018842506,Individual House
Rocky,Commercial,10.66203795851574,1,1,8619.18657568637,816.9585834267871,6.214393243395011,3,1,3,11.458778375238966,55,82.2299367358071,10,35.318056615285414,64.68194338471459,Shopping Complex
Loamy,Agricultural,44.546255123848056,0,1,16506.385899425124,652.908358295912,317.7606502273622,1,1,3,17.21864922358523,15,25.756241460253236,45,25.96558759331814,74.03441240668187,Individual House
Loamy,Residential,32.71388382352004,0,0,14459.0869244318,676.8675800481727,3116.277624463174,0,1,0,53.82152904411999,15,45.47686029413326,85,53.70675023897531,46.29324976102469,School
Red Soil,Agricultural,43.982109779011004,0,0,16746.141048841062,600.6071058150555,2573.0365511773084,2,1,2,49.00447255524725,20,26.69648370164832,85,48.07568631974861,51.92431368025139,Individual House
Red Soil,Industrial,18.691893863828,1,0,6427.514722074773,1376.5887136368535,2174.0160224251126,2,1,1,55.327026534043,20,68.84684356028667,45,50.82617017698672,49.17382982301328,Factory
Rocky,Commercial,22.84410257492864,1,0,4517.06587812906,538.7555267546849,4137.511204008292,0,2,0,48.28897435626784,55,61.926495708452265,45,51.882764951806806,48.117235048193194,Shopping Complex
Clayey,Commercial,23.381843549306307,1,0,19466.20797038174,1284.3404126446248,2519.491022014233,3,0,1,66.15453911267342,30,61.030260751156156,45,54.16165387722474,45.83834612277526,Shopping Complex
Rocky,Agricultural,6.415832536096891,1,1,14629.22795377652,1354.2971906874614,1922.4679070365996,2,1,0,50.84540000670776,55,89.30694577317185,10,50.87262644564068,49.12737355435932,Individual House
Clayey,Residential,23.757633005684294,0,1,16846.803090606736,749.2526549984321,806.2817376249249,3,1,1,42.18622650107743,30,60.40394499052618,45,45.61616552300865,54.38383447699135,Individual House
Loamy,Industrial,49.18175154349184,0,1,1249.534100488741,670.4070560476324,4103.440041073096,4,2,1,49.70456211412704,15,18.03041409418026,45,35.40420026348953,64.59579973651047,Factory
Black Cotton,Commercial,54.35141726623562,1,1,7734.770785621845,1141.5309063231703,2881.2412506059386,4,0,1,64.4121456834411,40,9.414304556273962,10,33.39782712827287,66.60217287172713,Hospital/Clinic
Red Soil,Commercial,33.502007359976005,1,0,15113.517120969302,1061.9572614598235,462.29982961378647,2,2,2,20.87049475228173,20,44.163321066706665,45,32.59550342997527,67.40449657002473,Shopping Complex
Clayey,Residential,30.052593237057113,0,1,2481.6738268096833,492.8026748943089,3244.491989985379,0,2,3,64.91869119707718,30,49.91234460490481,45,50.94962807020321,49.05037192979679,Individual House
Rocky,Residential,6.695354028465363,1,0,11779.458661809776,153.82218888696985,2125.3537274420496,0,1,2,73.09683015966546,55,88.8410766192244,45,67.294159710689,32.705840289311,Individual House
Loamy,Industrial,53.356238567196044,1,0,9152.382581645063,397.27860027372054,4056.9311179399792,0,1,1,54.82422434177776,15,11.072935721339931,45,35.456712449957195,64.5432875500428,Factory
Clayey,Agricultural,5.715561738422999,1,0,1334.7136356810386,196.54275871844845,4594.572984979981,3,2,3,88.77854404228735,30,90.474063769295,45,69.44100635712432,30.558993642875677,Individual House
Rocky,Residential,56.96125441156165,1,0,5483.535965269576,442.09841366503707,3002.3290658812302,4,1,1,43.23378157720737,55,5.064575980730595,45,35.897967547205226,64.10203245279477,Individual House
Red Soil,Agricultural,31.906893677844987,1,0,6411.04779226757,392.73234837119855,3658.064096566832,3,1,0,58.45933567826685,20,46.82184387025835,45,46.41622845495798,53.58377154504202,Individual House
Red Soil,Industrial,23.806397146609964,1,1,3125.3389805801266,956.5671358300704,282.95423801082853,1,1,3,19.70748547356408,20,60.32267142231672,10,27.47828777132661,72.5217122286734,Factory
Sandy,Agricultural,55.832013916346305,0,0,12999.201285110548,1431.7440426821695,2801.277275005786,1,0,2,42.04199652091342,25,6.946643472756151,85,41.451359650508735,58.548640349491265,Individual House
Black Cotton,Commercial,6.3415046210553205,0,0,5605.559648785891,1028.6155984957254,3776.6998917773703,2,0,1,76.41462384473617,40,89.43082563157446,85,76.35282475355127,23.647175246448725,Shopping Complex
Sandy,Agricultural,36.978369217799795,0,0,6274.770492768379,1389.9741120968545,2483.8107473905184,1,1,3,46.75540769555005,25,38.36938463700034,85,50.956738852692595,49.043261147307405,Individual House
Loamy,Industrial,35.19128884746357,0,1,18066.5333658028,1176.198387912665,2967.750447521686,0,2,2,53.20217778813411,15,41.34785192089405,45,42.45772520607045,57.54227479392955,Factory
Clayey,Industrial,17.062622066626012,1,0,9875.338761169649,1091.8164331067599,4494.740927905222,2,0,0,67.73434448334349,30,71.5622965556233,45,57.347594708076045,42.652405291923955,Factory
Loamy,Industrial,28.588808724261582,1,0,8450.434792416174,621.0929103200122,990.4978601559972,4,2,1,34.66275502205455,15,52.35198545956403,45,38.719960622610095,61.280039377389905,Factory
Rocky,Agricultural,40.87452032690736,0,0,14753.549727979627,487.19175429505293,491.2325377595594,4,1,2,14.374515415761174,55,31.875799455154407,85,42.500030259305014,57.499969740694986,Individual House
Red Soil,Commercial,44.99221582850601,0,1,18282.66214077533,1269.4160587093788,3453.2180656975047,1,2,3,48.7519460428735,20,25.01297361915664,45,37.56642451979488,62.43357548020512,Shopping Complex
Sandy,Residential,5.0394272288618875,0,0,1475.690388511433,1358.089849393508,4114.24452761222,1,2,0,54.74014319278453,25,91.60095461856352,85,67.05928877211547,32.940711227884535,Individual House
Sandy,Commercial,56.52693865500584,0,1,9516.538084552532,677.823740476398,4252.4509429128175,4,0,1,41.86826533624854,25,5.78843557499026,45,31.101001761434553,68.89899823856544,Hospital/Clinic
Sandy,Agricultural,14.048895481604681,0,1,12604.845765480997,13.59464727996662,3208.2224854561014,1,2,2,81.67209729280083,25,76.58517419732553,45,62.73152760181167,37.26847239818833,Individual House
Loamy,Agricultural,17.846923882229756,1,0,7052.698864393802,1188.7965883597058,4166.067090854017,1,2,0,57.53826902944256,15,70.2551268629504,45,51.202175876042496,48.797824123957504,Individual House
Red Soil,Residential,19.491039513161653,1,1,15675.746720341593,427.60326070843746,3503.3210286164513,3,0,0,59.47104447920334,20,67.51493414473057,10,43.19359910390381,56.80640089609619,Individual House
Clayey,Agricultural,7.080107510361942,0,1,19458.064335135205,14.831797525381107,436.88457953395374,4,1,2,68.07775686156573,30,88.19982081606344,45,61.62717010556386,38.37282989443614,Individual House
Rocky,Industrial,11.767866797467871,0,0,18925.119958755382,1207.482838464183,3810.2175394249402,4,2,1,51.058033300633035,55,80.38688867088689,85,67.46703382294328,32.53296617705672,Factory
Clayey,Industrial,59.24924576192891,1,0,6053.668248218895,776.1212832253473,896.7984477516483,1,1,2,35.123657514550736,30,1.251257063451817,45,28.35609439595571,71.64390560404429,Factory
Loamy,Industrial,22.336920555750734,1,0,5300.427290312234,1027.8161195077037,1183.0467129548638,0,1,0,40.07670412015959,15,62.77179907374878,45,43.21979621049305,56.78020378950695,Factory
Rocky,Industrial,11.341559968647713,1,0,19192.3200894032,1372.0347317167164,1973.253134993324,3,1,0,50.62967270770455,55,81.09740005225382,45,57.49473546076005,42.50526453923995,Factory
Sandy,Industrial,10.884519364604284,0,1,9713.941261197851,811.760745207158,1572.8353316316845,0,0,3,44.73557679148262,25,81.8591343923262,45,51.12223547510047,48.87776452489953,Factory
Black Cotton,Agricultural,44.570298221848454,1,1,4957.656738609143,754.7911088684486,1608.2586915145603,1,1,1,59.02259927482909,40,25.716169630252566,10,35.58695215375332,64.41304784624668,Individual House
Loamy,Residential,52.00127652179525,0,0,14432.942308977947,435.9931820223953,846.2976210202289,4,2,2,29.76604236861205,15,13.331205797007911,85,37.250916278266196,62.749083721733804,Individual House
Loamy,Residential,19.132376472965845,0,0,6403.98615417204,457.79075165992896,1469.3552355477218,0,1,1,49.13656549311723,15,68.11270587839026,85,57.72597439218859,42.27402560781141,Individual House
Red Soil,Industrial,6.150023178437923,1,0,6077.692526349994,1194.8130990444688,98.31294987940886,2,1,1,20.428753202978697,20,89.74996136927012,45,43.83755396336008,56.16244603663992,Factory
Clayey,Agricultural,17.26995101449457,1,1,17705.73181847791,673.5438683789056,2364.55473344163,0,1,0,67.68251224637636,30,71.21674830917571,10,48.49306636352566,51.50693363647434,Individual House
Loamy,Commercial,8.108362993821654,1,0,4087.1039141611654,245.28931291218058,3842.9547938490336,4,2,3,75.25555047681377,15,86.48606167696391,45,61.4609580861258,38.5390419138742,Shopping Complex
Loamy,Commercial,10.686721514652284,0,1,2223.4659828584913,141.79314600074338,4311.236846124199,1,1,2,80.82073086129233,15,82.18879747557952,45,62.3344551703472,37.6655448296528,Shopping Complex
Sandy,Agricultural,28.73294659162033,1,1,6114.542363262058,709.380175292669,4102.142794797192,0,1,2,48.81676335209492,25,52.11175568063278,10,36.36380609339142,63.63619390660858,Individual House
Sandy,Industrial,17.645510397389792,1,1,12531.962843925872,697.4325354265957,2082.288594975566,1,1,3,51.588622400652554,25,70.59081600435034,10,41.95372184131598,58.04627815868402,Factory
Rocky,Residential,33.37702331889829,0,1,3338.6692146621403,980.187417308094,3652.1324058192813,3,0,3,45.655744170275426,55,44.37162780183619,45,46.572417410055444,53.427582589944556,Individual House
Black Cotton,Agricultural,18.94215642914547,1,0,9960.298773259081,706.601216617711,1439.4538704760623,2,2,0,62.05353830223487,40,68.42973928475755,45,56.07617322697159,43.92382677302841,Individual House
Red Soil,Commercial,56.729551560662124,1,0,12919.405098081077,215.2135562013221,277.8123635880897,4,0,0,28.461046009516934,20,5.450747398896453,45,25.574052953055038,74.42594704694497,Hospital/Clinic
Black Cotton,Commercial,54.82691823594455,0,0,17126.002859270302,761.7043271977703,3379.8576269563328,4,2,2,64.29327044101386,40,8.621802940092422,85,51.908095389377955,48.091904610622045,Shopping Complex
Rocky,Commercial,36.17433577557563,0,1,5367.522232842833,1360.1841058290377,3243.98082368203,1,1,3,44.95641605610609,55,39.70944037404062,45,45.162105713147284,54.837894286852716,Shopping Complex
Sandy,Industrial,24.49331955930624,0,1,16529.580144273,239.16211743031863,4008.146977314378,2,2,1,65.52694306435433,25,59.1778007344896,45,52.72888025614641,47.27111974385359,Factory
Clayey,Commercial,25.963078511910457,0,0,5463.218961493533,1034.6319614666234,3080.5310335143995,4,2,1,65.50923037202239,30,56.728202480149235,85,62.860281250245144,37.139718749754856,Shopping Complex
Sandy,Agricultural,27.651875572947333,0,1,13858.56428355317,890.7888974482898,784.458124869582,0,2,3,24.77619360415481,25,53.91354071175444,45,37.15005293939279,62.84994706060721,Individual House
Red Soil,Agricultural,45.01686271742192,1,1,9182.797858166647,1122.878590067704,4265.8119602509905,4,2,2,48.74578432064452,20,24.971895470963474,10,28.803998379966448,71.19600162003356,Individual House
Sandy,Commercial,29.840144753536084,1,1,3178.943605194733,225.90041014138913,3136.263940093504,0,0,1,64.98593920313263,25,50.26642541077319,10,41.56168507378972,58.43831492621028,Shopping Complex
Red Soil,Agricultural,52.120147057824354,0,0,14571.005793615126,1412.4080053589919,4038.04849517502,4,2,1,46.969963235543915,20,13.13308823695941,85,43.972759191680225,56.027240808319775,Individual House
Red Soil,Commercial,56.92521322617005,1,0,5137.489752431338,931.4496416507379,3870.535601880204,0,0,3,45.768696693457485,20,5.124644623049917,45,31.550204998472598,68.4497950015274,Hospital/Clinic
Red Soil,Commercial,23.47703843584136,1,0,4355.845094467238,1270.6067065367054,1489.322436125442,3,0,0,43.917189113548496,20,60.87160260693106,45,44.83891684147474,55.16108315852526,Shopping Complex
Rocky,Residential,35.83819647566241,0,1,7808.13564319828,369.9101455203534,372.7648742602618,1,1,1,20.30113963506843,55,40.26967254056265,45,36.672817007414615,63.327182992585385,Individual House
Red Soil,Industrial,10.228109525791044,0,0,13412.514650430187,1109.1193340969423,882.5220454479244,3,2,0,35.09341352751073,20,82.95315079034826,85,57.27098243221582,42.72901756778418,Factory
Red Soil,Industrial,16.025797627149743,0,0,5445.933097021928,1171.5460565008784,464.3116715662537,0,1,1,25.279784024537637,20,73.29033728808376,85,51.420508730609114,48.579491269390886,Factory
Clayey,Residential,27.740617169058805,1,0,4489.569236855828,596.1529085806135,1217.0621604006822,1,2,2,49.406088915748946,30,53.76563805156866,45,46.483540633404296,53.516459366595704,Individual House
Black Cotton,Residential,16.341149374597837,0,1,1189.1188885539223,575.9301793251332,2297.661365129965,2,0,0,73.91471265635055,40,72.76475104233694,45,61.31133719030693,38.68866280969307,Individual House
Loamy,Industrial,53.21082699337946,1,1,9961.218844932748,986.6943975386239,4534.053024906414,0,0,2,48.69729325165513,15,11.31528834436756,10,24.622874724171187,75.37712527582882,Factory
Black Cotton,Commercial,13.705744083250394,1,1,9144.26581698847,140.11152264032395,4360.093779603173,4,0,0,96.16687262076796,40,77.15709319458267,10,61.44767871591445,38.55232128408555,Shopping Complex
Red Soil,Commercial,30.06134518542006,1,1,5443.487129110149,1103.4362253262634,3592.99907547864,4,2,3,52.48466370364498,20,49.8977580242999,10,36.34407180235072,63.65592819764928,Shopping Complex
Clayey,Industrial,38.31345822529316,1,1,2019.3911161841243,64.33013975911639,120.5617977391299,2,2,3,50.97306301291232,30,36.14423629117807,10,33.87663112731383,66.12336887268617,Factory
Sandy,Commercial,43.052514948846444,0,0,9155.861617320901,285.885451681239,1706.9460066027675,3,2,1,52.2226642939694,25,28.245808418589263,85,50.3393846075366,49.6606153924634,Shopping Complex
Clayey,Residential,26.068815334957872,1,0,15975.897110360995,996.2156358620508,3411.742132422599,0,2,2,65.48279616626053,30,56.55197444173688,45,52.8069722686254,47.1930277313746,School
Red Soil,Commercial,52.80044877986007,0,1,14590.360495216362,147.48550063794573,645.1444841953419,4,2,0,40.85364745066508,20,11.999252033566549,45,31.548589616124413,68.45141038387558,Shopping Complex
Clayey,Commercial,36.2575533092859,1,1,17355.102907343236,1457.763137215185,4005.4392500795434,1,1,2,62.935611672678526,30,39.57074448452349,10,38.92015020656835,61.07984979343165,Shopping Complex
Clayey,Agricultural,29.172927924615347,0,0,1182.0710665499569,1302.594314192851,4572.868399937968,2,2,2,64.70676801884616,30,51.37845345897442,85,61.24198217133976,38.75801782866024,Individual House
Red Soil,Agricultural,8.698234872862013,0,1,19361.96701928737,939.4534986101047,1770.5222331891273,3,1,1,53.23588594556704,20,85.50294187856332,45,54.258295550589295,45.741704449410705,Individual House
Rocky,Agricultural,30.557920764484077,0,1,7486.832799921519,1228.5861835040248,3529.215309319167,3,2,3,46.36051980887898,55,49.070132059193206,45,47.99371494790594,52.00628505209406,Individual House
Clayey,Commercial,50.14047124486516,1,1,19817.55812574733,1331.3700728843519,741.0206633435668,1,2,0,34.285295455655046,30,16.432547925224725,10,23.107990390785446,76.89200960921455,Shopping Complex
Loamy,Industrial,38.79975600217235,1,1,5799.769751433719,389.2134743577277,3454.082245565135,1,2,1,58.94725253799325,15,35.33373999637941,10,34.21497338739249,65.78502661260751,Factory
Loamy,Residential,50.76893495510151,1,1,9959.19136398665,1274.117381923979,107.27706143521642,2,2,2,11.453307489928951,15,15.385108408164143,10,12.60493472351617,87.39506527648383,Apartment
Clayey,Commercial,32.17064188296181,0,0,7724.6258549307695,292.1906754564027,753.8575340555049,1,0,3,51.503049682985484,30,46.38226352839698,85,55.37163327114416,44.62836672885584,Hospital/Clinic
Rocky,Industrial,11.5153937801965,1,0,7759.453584891749,620.013396223223,3549.40723304335,4,0,3,51.12115155495088,55,80.80767703300583,45,57.594322302484265,42.405677697515735,Factory
Sandy,Commercial,5.750191520973459,1,1,17003.3598762161,837.389446872899,3559.251114381531,3,1,0,54.562452119756635,25,90.41634746504424,10,47.95094510817588,52.04905489182412,Shopping Complex
Red Soil,Residential,21.677075069522516,1,1,15181.959855009436,1070.8364446110486,3205.8135292258853,1,1,3,54.58073123261937,20,63.871541550795804,10,40.57114131911573,59.42885868088427,Individual House
Loamy,Commercial,43.38947593237859,0,0,19850.877269370914,45.21197658379206,2386.820121921016,0,2,2,78.43991242187784,15,27.68420677936902,85,57.8750210424995,42.1249789575005,Shopping Complex
Sandy,Residential,48.464294716793155,1,1,12656.778971632739,435.76411916728347,3374.540455859725,1,2,3,47.738079170764706,25,19.226175472011406,10,27.7648715777705,72.23512842222951,Apartment
Clayey,Commercial,21.26640590411812,1,0,9801.87548349555,912.7786473155854,3869.0039914439412,3,2,2,66.68339852397047,30,64.55599015980313,45,55.228187023340446,44.771812976659554,Shopping Complex
Sandy,Residential,32.26096564857859,0,1,2711.403395990931,536.0530187236781,4832.408295183719,4,2,0,47.934758587855356,25,46.23172391903568,45,43.335096485508295,56.664903514491705,Individual House
Black Cotton,Commercial,28.16153974387449,0,0,19934.66697076328,1162.5375834442402,4443.205157743025,1,0,2,70.95961506403138,40,53.064100426875854,85,65.35189037912994,34.64810962087006,Shopping Complex
Loamy,Residential,27.578753139328533,0,0,11479.082405713374,977.4782417260743,3972.671012830623,4,1,3,55.105311715167865,15,54.03541143445245,85,56.29571195892186,43.70428804107814,Individual House
Clayey,Agricultural,17.724179226008275,0,1,14309.071924112694,351.60218058560366,3473.7875835718646,0,1,3,76.4728243583617,30,70.45970128998621,45,60.13041384792315,39.86958615207685,Individual House
Red Soil,Commercial,12.50041077662021,0,1,8728.105356634916,218.89346938849962,2870.777727161836,3,1,0,73.74128914253495,20,79.16598203896632,45,59.850946709628815,40.149053290371185,Shopping Complex
Rocky,Commercial,15.817870702716721,0,0,11406.598455405481,943.5704903805756,603.0441167595812,2,0,0,22.106414659512446,55,73.6368821621388,85,55.646465671364055,44.353534328635945,Shopping Complex
Clayey,Industrial,8.043281293984036,1,1,18908.976905964857,675.7009915571366,827.7842104919647,3,2,3,46.54486388634329,30,86.59453117669327,10,44.93933515439347,55.06066484560653,Factory
Red Soil,Industrial,15.897190800296737,1,0,4161.969320700452,253.43556165197788,4101.397803354497,2,0,0,70.81956860080713,20,73.50468199950544,45,57.413019510158854,42.586980489841146,Factory
Rocky,Residential,5.50604936939587,0,1,6555.079102274837,489.561307977566,4016.564561036103,2,0,2,53.249809178997076,55,90.82325105100688,45,60.84324597540069,39.15675402459931,Individual House
Rocky,Commercial,39.499212034978804,1,1,3889.1348277826146,454.57012247787986,3072.294629866815,3,1,1,46.85098964258251,55,34.167979941702,10,35.68984136032938,64.31015863967062,Shopping Complex
Clayey,Residential,22.40064740632256,0,1,16052.102172290719,162.19795850906266,2194.200663580767,2,0,2,86.6679606378756,30,62.66558765612907,45,61.75018313728872,38.24981686271128,Individual House
Sandy,Agricultural,58.522959128479975,1,0,2178.8599480147614,820.3635288978421,130.16324911802823,4,1,2,3.97252520024057,25,2.4617347858667102,45,17.005817516550877,82.99418248344912,Individual House
Sandy,Industrial,15.654437792696383,0,0,2551.001347175428,1145.4729508688313,1635.8847126427195,0,0,0,44.804084804680286,25,73.90927034550603,85,59.15874726801461,40.84125273198539,Factory
Rocky,Residential,24.020571367027664,0,1,6671.388142960005,863.2003332794806,2103.1982878265894,1,1,1,47.994857158243086,55,59.965714388287225,45,51.28962860245689,48.71037139754311,Individual House
Sandy,Residential,24.681263725284328,1,0,10769.575437499214,1239.4370474060286,2429.081430867103,2,1,3,49.829684068678915,25,58.864560457859454,45,47.15652953850248,52.84347046149752,Individual House
Black Cotton,Industrial,5.46483228343533,1,1,8719.221210632144,191.35282082314697,4646.622992806046,2,2,0,95.15262267975235,40,90.89194619427445,10,64.52640448648194,35.47359551351806,Factory
Rocky,Commercial,51.15643741717024,1,0,1851.509902745338,653.4177867333358,543.5469990007141,3,1,2,12.081830625721723,55,14.739270971382936,45,27.413458461848336,72.58654153815166,Shopping Complex
Rocky,Residential,6.75969530793786,1,1,19192.33959954808,914.1226554871487,2594.334598898852,4,0,1,52.31007617301553,55,88.7338411534369,10,51.24198694891466,48.75801305108534,Individual House
Red Soil,Industrial,56.70989091010828,1,0,19104.52088680359,1014.002341412861,1839.6114847913987,1,1,0,42.6147569683009,20,5.483515149819539,45,30.536043726360198,69.46395627363981,Factory
Sandy,Commercial,54.064089310149136,1,0,6307.770141574438,1043.6794596351406,4950.490596080258,2,0,2,42.483977672462714,25,9.893184483084767,45,32.34268830613314,67.65731169386686,Hospital/Clinic
Rocky,Agricultural,34.453705384727996,1,0,14898.98669010305,1093.4481406468215,4309.320081414527,4,1,2,45.386573653818004,55,42.577157692120004,45,46.0295902018663,53.9704097981337,Individual House
Black Cotton,Industrial,34.897756620121065,1,0,11992.93281628125,977.1447182940251,2193.9292711946046,1,2,3,69.27556084496973,40,41.83707229979823,45,51.95571437068896,48.04428562931104,Factory
Red Soil,Residential,40.9577857625886,0,0,5512.0572051068575,141.34213341130146,4998.478046773802,3,2,3,71.28002555467475,20,31.737023729019,85,57.13226487639091,42.86773512360909,Individual House
Clayey,Agricultural,26.287750656418783,1,0,5981.259483090694,1042.9585164034447,2570.316232357482,2,0,1,65.4280623358953,30,56.18708223930203,45,52.69659237738887,47.30340762261113,Individual House
Rocky,Commercial,40.597225586882054,1,1,10331.910311898559,1087.1739851615814,835.5889829570035,3,1,2,20.56247326241956,55,32.33795735519658,10,26.03135498064599,73.96864501935401,Shopping Complex
Black Cotton,Commercial,7.462261377866778,0,1,8965.501888449842,1490.2199015004408,2779.373459133573,3,0,2,76.13443465553331,40,87.56289770355536,45,65.78777655532551,34.21222344467449,Shopping Complex
Loamy,Industrial,7.972619504234961,0,0,6533.35723639402,1040.043655051689,1131.028829018233,2,2,3,42.62742170430592,15,86.71230082627507,85,60.09767280307584,39.90232719692416,Factory
Black Cotton,Industrial,30.14767307907494,0,1,16342.720329797829,1030.2455936273234,3181.56420038126,4,0,2,70.46308173023127,40,49.75387820154177,45,54.35054815596638,45.64945184403362,Factory
Black Cotton,Industrial,35.22922656083192,0,0,10147.795435110313,772.219935272958,4687.200874419628,4,0,3,69.19269335979202,40,41.28462239861347,85,61.788598275580576,38.211401724419424,Factory
Red Soil,Commercial,53.829970218470045,1,1,13442.11318539343,1301.8843628776708,3930.992884175141,3,1,2,46.54250744538249,20,10.28338296921659,10,24.360723348188017,75.63927665181198,Shopping Complex
Clayey,Agricultural,10.756334864934296,1,1,4596.196503189634,1495.2521429417375,1365.818452095276,3,2,3,56.62728532567194,30,82.07277522510951,10,47.337743670262554,52.662256329737446,Individual House
Loamy,Commercial,50.24563599566392,0,1,11136.645587813247,1168.567305296148,1484.2931248300356,0,2,3,39.124453497684726,15,16.257273340560147,45,31.25787705932969,68.74212294067031,Shopping Complex
Sandy,Residential,16.552603551063825,0,1,7041.544939485809,918.7505667867126,346.44101545156013,1,1,1,18.790669421265246,25,72.41232741489362,45,39.67981615116624,60.32018384883376,Individual House
Sandy,Commercial,26.674600668051752,1,0,11001.858597502685,118.43224039735229,1429.339178231387,3,1,2,60.81219897377366,25,55.542332219913746,45,50.16985269579922,49.83014730420078,Shopping Complex
Black Cotton,Residential,22.41313391550771,1,1,15835.690834807634,1090.1086975944413,463.1239983890861,3,1,2,41.6591964889048,40,62.644776807487155,10,38.741912972988466,61.258087027011534,Apartment
Red Soil,Agricultural,27.008540007596945,1,1,15609.350991733972,1062.8423528729256,2497.243596628214,1,2,3,53.247864998100766,20,54.98576665400509,10,37.88319441283654,62.11680558716346,Individual House
Red Soil,Industrial,13.277252393992205,1,1,7730.192882651243,1163.3522217141476,3541.735397491288,2,2,2,56.68068690150195,20,77.871246010013,10,44.80605191802893,55.19394808197107,Factory
Sandy,Industrial,32.69635409219552,0,0,14191.265224513143,186.833082599234,3755.9058074957925,4,1,3,66.61592652099708,25,45.506076513007464,85,59.69209341060084,40.30790658939916,Factory
Loamy,Commercial,49.0903424407252,1,1,18884.50905749126,980.5987501892153,297.64616124089537,2,0,1,15.680337614636608,15,18.182762598791342,10,14.783808814820649,85.21619118517935,Hospital/Clinic
Clayey,Industrial,29.284370570839332,0,0,12887.717268573222,443.585857427512,1699.7794911910103,1,2,1,62.05934573545965,30,51.19271571526778,85,60.26894993622783,39.73105006377217,Factory
Loamy,Agricultural,31.98374667440095,0,0,3819.792344270106,1140.4068651042505,1440.8588327371685,1,1,3,42.821239986143134,15,46.69375554266508,85,50.16087288081636,49.83912711918364,Individual House
Rocky,Industrial,51.68221719047229,0,1,13914.463956302809,360.56093104719935,521.501614936673,0,1,0,19.87582213828343,55,13.862971349212856,45,29.922280585702413,70.07771941429759,Factory
Rocky,Commercial,43.8331963050917,1,0,2993.183340636915,1025.968015230616,1812.3565546600285,0,0,1,39.28883201692764,55,26.944672824847174,45,39.98725941213647,60.01274058786353,Shopping Complex
Clayey,Agricultural,31.97499246858816,0,1,17570.097767067517,442.48942047596955,1496.6005456961807,4,1,2,57.3888975682184,30,46.7083458856864,45,47.513200620298036,52.486799379701964,Individual House
Sandy,Residential,19.17326065040488,1,1,10816.549420236866,13.491439226146706,3172.4961466963837,3,0,3,80.39719848382998,25,68.04456558265854,10,51.40016086500513,48.59983913499487,Individual House
Clayey,Commercial,53.670971076473165,0,1,8317.673989920011,950.0368679596431,4416.513318668564,1,0,3,58.58225723088171,30,10.548381539211391,45,38.89088541561144,61.10911458438856,Hospital/Clinic
Red Soil,Residential,36.73612209298071,1,1,2083.1252983441555,169.90362473838354,2274.2086043660793,0,2,1,70.6217519924518,20,38.77312984503215,10,39.91089565861617,60.08910434138383,Individual House
Rocky,Agricultural,17.163118556088136,0,1,8234.890957250085,988.9372091823211,3733.3258638340926,2,1,3,49.709220360977966,55,71.39480240651977,45,54.746927727972235,45.253072272027765,Individual House
Black Cotton,Commercial,19.80158639509057,0,1,18160.9266904,1388.4141725354061,730.0518355533713,0,2,1,47.65064011229479,40,66.99735600818238,45,50.677063041348774,49.322936958651226,Shopping Complex
Black Cotton,Commercial,49.17231989149352,1,1,1398.6769294397604,1453.8689013166354,4474.831893219323,2,2,3,65.70692002712661,40,18.04613351417747,10,36.008955388038686,63.991044611961314,Shopping Complex
Sandy,Agricultural,7.428005914810051,1,0,10018.314997854293,353.8846309914189,762.9736910754614,0,2,1,38.16939448332158,25,87.61999014198325,45,50.26428560465837,49.73571439534163,Individual House
Red Soil,Industrial,59.565070286585104,0,0,18692.003731101824,1213.8798414759824,960.5059029969465,2,1,2,24.318850488292654,20,0.7248828556914901,85,32.9428183848253,67.0571816151747,Factory
Loamy,Commercial,12.169342384313548,0,1,8501.9789955354,530.3299153086605,532.3190179383824,0,1,0,29.604044762689263,15,79.71776269281075,45,43.79085634014393,56.20914365985607,Shopping Complex
Red Soil,Commercial,48.78376889683156,1,1,9135.338061780858,1350.6856091219736,1548.3975076026823,0,1,0,38.772007927845756,20,18.693718505280728,10,23.743632401066193,76.2563675989338,Shopping Complex
Black Cotton,Residential,26.712642422442556,0,0,11992.641048783278,1181.2343529440607,2762.0522335776304,4,2,0,71.32183939438936,40,55.47892929592908,85,66.08237611201855,33.91762388798145,Individual House
Black Cotton,Industrial,32.071890080810675,1,1,9795.809337966486,110.88257496864546,4939.970557031634,3,0,0,93.32907298167859,40,46.546849865315544,10,52.8018880099164,47.1981119900836,Factory
Rocky,Residential,53.435781760551784,1,0,4203.4321335134955,610.7054908159159,3966.8401732877196,1,2,1,40.641054559862056,55,10.940363732413687,45,36.45946002905514,63.54053997094486,Individual House
Red Soil,Residential,27.710115427406727,0,0,1352.5552423273477,505.9767390145111,1902.17901445991,3,0,3,51.116051432346524,20,53.81647428765545,85,55.594736573235146,44.405263426764854,Individual House
Red Soil,Industrial,34.56215645202789,1,1,12586.42150159533,1177.7715310849155,2879.2302895178523,4,1,0,51.35946088699303,20,42.39640591328685,10,34.07491278876927,65.92508721123073,Factory
Black Cotton,Industrial,7.711481432504347,0,1,18495.32515314843,615.4285659797387,3116.540154696039,2,1,3,76.07212964187391,40,87.14753094582609,45,65.6621281111124,34.337871888887605,Factory
Loamy,Agricultural,5.1291110627099235,1,0,3020.918527516147,1026.8825964796256,4113.636106236735,3,2,1,60.71772223432252,15,91.45148156215012,45,57.61407317255041,42.38592682744959,Individual House
Sandy,Industrial,18.463993015094925,1,0,5008.1016658023145,903.6528833856606,3682.2589270990024,1,0,1,51.38400174622627,25,69.22667830817512,45,50.291070188222974,49.708929811777026,Factory
Sandy,Commercial,42.4320701105322,0,1,8034.360230674497,1463.4580786464508,2846.4556348557016,1,1,0,45.39198247236695,25,29.27988314911299,45,38.20716465260668,61.79283534739332,Shopping Complex
Red Soil,Industrial,11.669569134752518,1,1,16366.102351401274,1406.6774352024224,3345.9151351982837,2,1,2,57.08260771631187,20,80.5507181087458,10,45.6165922278956,54.3834077721044,Factory
Sandy,Agricultural,11.256907734250218,0,0,6115.946012948574,641.5492721080781,3729.5880548144983,1,2,0,53.18577306643745,25,81.23848710958298,85,63.92464235064885,36.07535764935115,Individual House
Black Cotton,Agricultural,27.60283344197468,1,0,17759.0336812966,1085.367317461724,665.7202956670217,4,2,3,44.41369755284677,40,53.99527759670886,45,46.29361354267358,53.70638645732642,Individual House
Black Cotton,Agricultural,40.63103712345246,1,0,2044.1996183512617,1244.1901409718328,1002.2773065268997,3,2,0,47.88778684967488,40,32.281604794245894,45,42.08112659594768,57.91887340405232,Individual House
Red Soil,Industrial,44.16395957363618,1,1,18878.175803919763,1348.3286307932178,3442.9214445375837,1,0,1,48.95901010659095,20,26.39340071060637,10,29.234003714958426,70.76599628504158,Factory
Red Soil,Industrial,14.814787075410614,1,1,11654.194479601532,102.20139566472552,4252.127809938161,3,0,1,80.16421949126382,20,75.30868820764897,10,52.38464887385457,47.61535112614543,Factory
Rocky,Residential,9.377348105462335,0,1,13516.775891266387,453.1181989102452,2046.311413498839,0,1,3,54.4685710390197,55,84.3710864908961,45,59.65677148638092,40.34322851361908,Individual House
Red Soil,Residential,56.72183686700493,1,0,7986.100928190709,480.3450614527827,4899.45161235603,3,2,3,46.99883709608181,20,5.4636052216584545,45,32.065494289043244,67.93450571095676,Individual House
Loamy,Commercial,19.336651040915594,1,0,15857.891424710146,651.6689268298179,1080.3586633668644,2,1,3,38.77301050710839,15,67.77224826514068,45,44.0136157437731,55.9863842562269,Shopping Complex
Sandy,Residential,51.93405736847981,1,1,4164.758751603715,253.89712607312853,2083.4964102171944,4,0,0,57.78265809349234,25,13.443237719200312,10,29.834739762522396,70.16526023747761,Individual House
Red Soil,Commercial,52.492029775455,0,0,1929.3246802912536,744.3088199250121,1892.615217316266,1,1,0,44.72929690246157,20,12.513283707574999,85,43.0335748427553,56.9664251572447,Shopping Complex
Clayey,Agricultural,47.488742546939946,0,0,8514.821919043585,994.8214909476841,4651.479703632145,4,1,2,60.12781436326502,30,20.85209575510008,85,52.00775896591777,47.99224103408223,Individual House
Rocky,Residential,14.285848365891354,0,0,17220.21856563975,746.0458803250766,1426.8925878626976,3,2,3,38.966389665781115,55,76.1902527235144,85,62.185799563901995,37.814200436098005,Individual House
Clayey,Industrial,50.19908025898102,0,0,15343.609896116199,998.6896427964236,2353.953890211078,1,1,2,59.45022993525475,30,16.334866235031626,85,50.64129703609707,49.35870296390293,Factory
Black Cotton,Residential,47.30878075828727,1,0,10825.963439290203,99.66244772685046,936.1691980766474,4,2,2,68.9164419083501,40,21.152032069521226,45,46.65876268530284,53.34123731469716,Individual House
Sandy,Commercial,37.81976445584194,1,1,11870.617196141717,1313.9809975611154,2606.331192812219,2,1,1,46.54505888603951,25,36.96705924026343,10,31.782535420179684,68.21746457982032,Shopping Complex
Red Soil,Residential,23.5461119342924,1,1,3467.963699676353,1408.6037881516027,4287.0208473179555,0,1,2,54.1134720164269,20,60.75648010951266,10,39.628835233127575,60.371164766872425,Individual House
Clayey,Agricultural,19.437973234659925,0,1,16972.94866373406,926.861136177973,1520.197309452821,0,0,1,57.54445288039144,30,67.60337794223346,45,52.79140299369537,47.20859700630463,Individual House
Sandy,Industrial,11.703906664419744,0,1,15952.233976319741,1322.0864979553455,4053.960360814141,2,0,3,53.07402333389506,25,80.49348889263376,45,53.69928039002171,46.30071960997829,Factory
Black Cotton,Commercial,33.03663867954793,1,1,13472.937483851912,197.16902497231865,4556.55791087813,0,1,1,87.9106988317739,40,44.93893553408679,10,50.50347847464256,49.49652152535744,Shopping Complex
Loamy,Industrial,37.18934815304156,1,0,9857.62969024983,1196.1733801144653,364.7894485728181,2,1,3,19.998451933195973,15,38.01775307826407,45,30.00389644618461,69.99610355381539,Factory
Rocky,Industrial,24.763644478368295,1,0,19324.726097310737,178.72229020889097,3782.122681596255,3,2,0,67.08575146787447,55,58.72725920271951,45,57.66182781443594,42.33817218556406,Factory
Sandy,Commercial,31.14474872244777,0,0,17701.60746565295,612.015347246305,1276.7171807524542,2,0,2,33.74815643443714,25,48.09208546258705,85,48.834876117699764,51.165123882300236,Hospital/Clinic
Sandy,Industrial,24.993295155309667,1,1,13244.179376777753,485.7278018374125,876.6383126831456,0,0,3,28.140774354590743,25,58.34450807448388,10,30.68539804272773,69.31460195727227,Factory
Loamy,Industrial,40.25533315263857,1,0,8064.218956628471,878.3877378306814,3005.6119601251803,3,1,0,51.93616671184036,15,32.907778078935706,45,39.90460286887805,60.09539713112195,Factory
Sandy,Residential,54.56925642881098,0,0,12742.423294948736,452.2718028593003,3528.0130811434983,2,2,0,45.22137772123924,25,9.05123928531502,85,43.09029202376249,56.90970797623751,Individual House
Black Cotton,Industrial,14.015614412581968,0,0,11933.377604082641,955.970444500699,1973.804928676069,2,0,3,73.9721949703759,40,76.64064264569672,85,72.30042890105574,27.69957109894426,Factory
Black Cotton,Industrial,25.97748454467179,1,1,8490.597768863412,551.0809337279368,195.86853541095294,3,1,1,35.42299957205111,40,56.70419242554702,10,35.074097956604646,64.92590204339535,Factory
Loamy,Industrial,12.747773217297372,0,0,6826.805462073446,1291.1855715456966,4543.522620983966,1,1,3,58.813056695675655,15,78.75371130450438,85,63.77299766961257,36.22700233038743,Factory
Rocky,Industrial,39.37190737243076,1,0,8733.205052509125,950.8257603294173,3653.7345842374752,0,1,2,44.15702315689231,55,34.380154379282075,45,43.54999669973282,56.45000330026718,Factory
Red Soil,Commercial,45.08787802187277,1,1,11904.316714634559,322.9474459821692,1358.3340334150735,1,1,0,46.517864403903125,20,24.853536630212048,10,27.994636698919106,72.00536330108089,Shopping Complex
Clayey,Agricultural,56.255200292860074,1,1,9134.562049510794,504.19413304213055,2484.3192787236994,3,1,1,57.93619992678498,30,6.241332845233202,10,28.838003185683043,71.16199681431695,Individual House
Red Soil,Residential,20.33795594435307,1,0,6007.9152758262935,1271.1313314399838,138.96394983539005,3,0,3,17.694790010619535,20,66.10340675941154,45,36.96902819356972,63.03097180643028,Individual House
Sandy,Industrial,57.26161632259866,0,1,15458.303037455365,579.7196249811877,1696.4139090297092,4,0,3,35.61287409994452,25,4.563972795668889,45,28.6054991338978,71.39450086610219,Factory
Clayey,Industrial,8.479446950137113,0,0,11097.882423190846,803.6985983484677,2612.676177925591,4,2,0,69.88013826246572,30,85.86758841643814,85,71.67494549597254,28.325054504027463,Factory
Loamy,Commercial,38.16576248505235,0,1,2285.828101286399,973.4129039284991,2586.1180755812507,3,1,3,52.458559378736915,15,36.39039585824608,45,40.95809474711944,59.04190525288056,Shopping Complex
Loamy,Agricultural,8.14229956388315,1,0,7998.013606896385,521.7144743788751,1040.9243900427057,4,2,2,40.78291290988333,15,86.42950072686142,45,49.38139470017452,50.61860529982548,Individual House
Rocky,Industrial,54.15758032690697,1,0,17813.355687027877,440.96794613710244,3883.7368309194535,2,1,1,44.00252815004711,55,9.737366121821722,45,37.33522638297192,62.66477361702808,Factory
Clayey,Commercial,34.13949813885297,1,1,15349.494092799087,712.882353912043,1494.3107926332173,1,1,2,53.35134131795111,30,43.10083643524505,10,36.44817857009415,63.55182142990585,Shopping Complex
Black Cotton,Residential,41.814159291953786,0,1,7141.688894936135,322.3214581391837,2902.0501158898633,3,1,0,78.20717268866053,40,30.309734513410362,45,52.199944069383776,47.800055930616224,Individual House
Clayey,Residential,50.73656592507489,0,1,18825.47988884567,426.3158803785951,1357.611127689874,2,2,1,50.88912824981305,30,15.439056791541844,45,37.42095908532003,62.57904091467997,Individual House
Sandy,Industrial,13.267084236618281,1,1,2455.4552588059933,93.11772604805412,2125.839364933851,0,1,0,77.09616537796218,25,77.88819293896952,10,52.70570611702914,47.29429388297086,Factory
Black Cotton,Industrial,7.122535906597362,0,0,19263.459373951588,455.9554139565082,1037.5731262511513,0,2,0,59.613503710983196,40,88.12910682233773,85,70.14700300442856,29.852996995571445,Factory
Loamy,Agricultural,53.33846302520687,0,1,5668.396757208838,481.05614004535397,3165.0389626601914,4,0,2,49.80201584097705,15,11.102561624655209,45,33.706345950505764,66.29365404949424,Individual House
Clayey,Agricultural,22.321327510241286,0,0,1172.7894257459661,1442.7497494369795,2127.9218007067534,4,1,1,66.41966812243967,30,62.79778748293119,85,64.69633071358669,35.30366928641331,Individual House
Red Soil,Industrial,12.09383993599409,0,0,9242.352693848208,884.5932381988201,80.58652243882136,2,2,0,18.588270464777906,20,79.84360010667652,85,50.7167946893414,49.2832053106586,Factory
Rocky,Commercial,30.76536803978976,1,0,7820.438164053165,1181.0736381237084,140.82497008383044,0,0,2,9.125157391729168,55,48.7243866003504,45,34.87490173719281,65.1250982628072,Hospital/Clinic
Red Soil,Agricultural,37.90683416328103,0,1,11242.691098929083,68.06587917048368,2355.671592357111,3,1,2,76.43933870895073,20,36.82194306119828,45,50.209254313432325,49.790745686567675,Individual House
Rocky,Industrial,6.703383188238057,1,0,16138.684350827063,159.80504041255787,916.1293345267718,1,0,1,51.05843846872245,55,88.82769468626991,45,59.57737713562034,40.42262286437966,Factory
Sandy,Agricultural,20.119261204139825,0,0,17006.185240858496,1221.8054412938884,2925.2102407237116,4,1,3,50.97018469896504,25,66.4678979931003,85,59.45653914291284,40.54346085708716,Individual House
Red Soil,Industrial,6.803993085229281,1,1,8623.369992622145,935.3243241264536,2040.9589088601065,2,2,3,58.29900172869268,20,88.66001152461786,10,48.0696534861969,51.9303465138031,Factory
Clayey,Residential,28.118446405752444,1,0,9167.069130420654,286.47304581030437,3272.0991776986134,4,1,0,77.78200564994363,30,53.13592265707926,45,56.25768264175008,43.74231735824992,Individual House
Clayey,Industrial,54.230501598643436,0,0,3815.37687626,607.1931087926074,4761.975870319758,2,1,3,58.44237460033914,30,9.6158306689276,85,48.6087887773506,51.3912112226494,Factory
Red Soil,Residential,59.0458826321463,1,0,1903.4045687421064,808.0087499724342,2643.680673976268,0,2,1,45.23852934196343,20,1.5901956130894916,45,30.48103417295957,69.51896582704043,Individual House
Clayey,Agricultural,40.03761544269951,1,1,13183.08481446547,1265.4147437061627,3936.893017950498,4,2,3,61.99059613932512,30,33.270640928834155,10,37.01436888097233,62.98563111902767,Individual House
Sandy,Industrial,13.89007315815255,0,0,2224.314885501153,90.61798754174127,3765.204981579686,2,2,1,77.09040245795738,25,76.84987806974576,85,71.19411037772153,28.80588962227847,Factory
Black Cotton,Agricultural,54.82171644996182,1,0,14942.772269007663,895.0834340510436,4608.955521619327,2,1,0,64.29457088750955,40,8.630472583396966,45,41.91071795647758,58.08928204352242,Individual House
Sandy,Residential,33.39363027600332,0,0,11242.712755422703,1075.553882380026,1070.089336190031,4,0,3,29.05337915479979,25,44.34394953999446,85,46.25467008917854,53.74532991082146,Individual House
Rocky,Industrial,13.456212165660496,1,1,4773.076586295585,1466.8377868656892,4136.634853924705,1,2,1,50.635946958584874,55,77.57297972389918,10,47.865826366479496,52.134173633520504,Factory
Sandy,Agricultural,55.694966819841376,0,1,11250.935926740343,1210.7401174382767,4527.601892523434,3,0,1,42.07625829503966,25,7.1750553002643755,45,31.520454228329974,68.47954577167002,Individual House
Rocky,Residential,46.66079778977066,0,1,4476.956615439878,414.3409703479101,1963.8149047378884,0,2,1,46.75064042644049,55,22.23200368371556,45,41.42072507018306,58.57927492981694,Individual House
Clayey,Agricultural,45.243789999773334,0,0,9336.006942697828,1064.3687908173977,1569.0809729948407,4,2,2,52.07067195995348,30,24.593683333711112,85,50.123156019411496,49.876843980588504,Individual House
Black Cotton,Commercial,44.00493870869226,0,0,16191.646008602349,1144.9168273904656,4760.179548391439,4,1,0,66.99876532282694,40,26.658435485512896,85,57.36417673436765,42.63582326563235,Shopping Complex
Clayey,Residential,16.018690160304327,0,0,9776.46657480211,1094.6032498775928,3138.16411069434,1,2,1,67.99532745992391,30,73.30218306615946,85,67.87391037751323,32.126089622486774,Individual House
Loamy,Residential,16.605368043913934,1,0,3825.2870476534163,1230.216101927805,1903.3824262073417,0,0,2,55.91630651316835,15,72.32438659347677,45,51.151803927978115,48.848196072021885,Individual House
Clayey,Residential,42.85611491349903,1,0,14752.744954635957,1355.5949643204565,3959.138604658151,4,1,2,61.28597127162524,30,28.573141810834954,45,44.34337539777757,55.65662460222243,Individual House
Rocky,Industrial,17.08475125607183,0,1,4548.599909130167,147.64480348401037,1522.3695080785753,1,2,1,61.31751413851293,55,71.52541457321362,45,58.84248359178293,41.15751640821707,Factory
Clayey,Industrial,29.126943324167687,1,0,15032.44761303208,157.14578652167827,882.0379303493103,3,0,0,62.93027558464358,30,51.45509445972053,45,50.63937006955538,49.36062993044462,Factory
Clayey,Industrial,48.010100407666776,1,0,10107.693495100832,1194.599983155969,2719.8481789885277,2,1,3,59.997474898083304,30,19.983165987222037,45,41.744907711134665,58.255092288865335,Factory
Black Cotton,Commercial,48.11738849538125,1,1,9621.09342279173,378.5587147822063,2831.060224553017,3,0,2,73.2571299892223,40,19.804352507697914,10,39.09108362315229,60.90891637684771,Hospital/Clinic
Clayey,Commercial,29.92939748892228,0,1,17177.26571929202,87.81213292511691,4128.73241133669,3,1,1,89.24892265226242,30,50.1176708517962,45,59.516540641240894,40.483459358759106,Shopping Complex
Black Cotton,Residential,48.57044660513848,0,0,14463.466962472707,601.8437714709087,2285.1367751021503,3,1,0,65.85738834871538,40,19.04925565810254,85,55.06239983657601,44.93760016342399,Individual House
Red Soil,Commercial,51.124198790893125,1,1,1625.3051421438458,1229.8153677391172,4072.9326975267077,3,1,0,47.21895030227672,20,14.793002015178132,10,25.72488310959138,74.27511689040861,Shopping Complex
Loamy,Agricultural,41.01266632063432,0,1,6627.311977430445,189.84753572097057,1556.6133967416922,2,2,1,61.488249211417035,15,31.64555613227614,45,42.932276257065,57.067723742935,Individual House
Black Cotton,Residential,17.56342187696311,0,1,17547.492556148074,1007.7629577067012,2876.8410108889598,0,1,2,73.60914453075922,40,70.72763020506149,45,60.6951081370311,39.3048918629689,Individual House
Rocky,Residential,20.070647921205115,1,0,1348.1972023587741,5.4237926573515445,1042.363894503579,0,2,3,59.50418835032921,55,66.5489201313248,45,56.963695955446426,43.036304044553574,Individual House
Red Soil,Agricultural,22.316263547480446,0,1,11359.815478977436,164.6061708186749,1927.229754582982,1,2,0,73.08915895566903,20,62.80622742086592,45,55.532762489700644,44.467237510299356,Individual House
Black Cotton,Residential,11.42422592536736,0,0,14828.687714304933,526.2755186527303,4287.698489164256,1,2,3,75.14394351865816,40,80.95962345772107,85,73.79028609596062,26.209713904039376,Individual House
Black Cotton,Commercial,20.02377912034698,0,1,12815.26562420694,125.40342153662104,1079.9409671787753,4,2,0,77.06866927129148,40,66.6270347994217,45,60.88079294480744,39.11920705519256,Shopping Complex
Loamy,Industrial,16.523557337189267,0,0,15450.11183998429,1268.8525011556694,4051.1973144963385,3,1,0,57.869110665702685,15,72.46073777135122,85,61.86937317583374,38.13062682416626,Factory
Rocky,Agricultural,30.043081239473118,0,0,14788.145129380171,1296.1057547182033,1414.358289237031,3,2,0,34.776395474872345,55,49.92819793421147,85,54.153787899758186,45.846212100241814,Individual House
Sandy,Commercial,54.964065132974575,1,0,14148.583207909152,1133.3560546492863,172.44859839726846,2,0,2,5.707955684701725,25,8.39322477837571,45,19.09609068423953,80.90390931576047,Hospital/Clinic
Sandy,Agricultural,10.746417421467694,0,1,16609.25735758739,363.7194470934262,549.6728502842313,3,0,2,32.483685824712126,25,82.08930429755384,45,46.8916161130377,53.1083838869623,Individual House
Black Cotton,Agricultural,44.614735817106755,0,1,13268.12270054123,784.8706128599697,3729.3977266039406,2,1,1,66.84631604572331,40,25.642106971488744,45,47.056737358875345,52.943262641124655,Individual House
Clayey,Residential,42.80056524272202,1,1,8645.95139088266,276.2827882850571,1310.3546325107413,4,2,3,60.92998404243089,30,28.66572459546329,10,35.491925563716634,64.50807443628337,Individual House
Rocky,Residential,10.266480926484672,1,0,9966.273088377164,421.9176751096662,3270.727961206361,1,0,3,56.11831926179886,55,82.88919845585889,45,59.86371135559432,40.13628864440568,Individual House
Red Soil,Commercial,55.741482269819,0,1,14617.770870947561,774.0079382606866,3495.9945137861655,1,0,1,46.064629432545246,20,7.097529550301658,45,32.14700268896625,67.85299731103375,Hospital/Clinic
Clayey,Agricultural,36.265971118625075,1,1,17649.814563669086,1102.5207126911966,1725.5923221734242,4,2,2,57.44535366381221,30,39.55671480229154,10,36.995052482907155,63.004947517092845,Individual House
Clayey,Residential,25.004903662462635,0,0,6172.157215955738,141.98157059045874,2374.594936055701,4,2,3,87.22987984895681,30,58.32516056256228,85,70.86174808777545,29.138251912224547,Individual House
Rocky,Residential,46.609622092241864,1,1,7499.459123450345,445.0450464421292,2018.835452279053,3,1,1,45.64489169041178,55,22.317296512930227,10,32.30503621987668,67.69496378012332,Apartment
Black Cotton,Agricultural,19.155100212089874,0,0,18684.04853088584,1389.9320228578833,4736.74498177267,1,0,0,73.21122494697754,40,68.07483297985021,85,69.89263697640469,30.107363023595312,Individual House
Black Cotton,Commercial,43.143041037547626,1,1,11991.724055779463,643.6849766728322,1599.7443117579369,0,1,3,59.20912597577183,40,28.094931604087293,10,36.246926992541965,63.753073007458035,Shopping Complex
Black Cotton,Commercial,7.184116416473597,0,0,4400.27452556502,1408.3045108639717,916.6152111248039,4,0,2,54.536275118377674,40,88.02647263921067,85,68.34431445123485,31.65568554876515,Shopping Complex
Black Cotton,Agricultural,51.167442068509956,1,0,13610.207639335273,1487.1008123282033,1827.9642143778913,1,2,3,61.76742377043034,40,14.72092988581673,45,42.548830791104805,57.451169208895195,Individual House
Sandy,Commercial,29.649396586172518,0,1,19824.480955248215,789.9897391671238,3347.578538010061,1,0,0,48.58765085345687,25,50.58433902304581,45,44.651762554471354,55.348237445528646,Shopping Complex
Black Cotton,Residential,40.018110289686796,0,0,16645.6177249376,432.06601467727586,3486.813451807326,2,0,2,72.07151154694176,40,33.303149517188686,85,60.80081642072679,39.19918357927321,Individual House
Sandy,Agricultural,17.1680800893676,0,1,15169.081594476651,1186.1652128588685,4620.286576800035,1,0,2,51.7079799776581,25,71.38653318438733,45,50.94442628827717,49.05557371172283,Individual House
Sandy,Residential,42.23905419621464,1,1,4952.886431059115,238.96610328752243,4408.772424379046,4,2,1,61.102270253694996,25,29.601576339642264,10,35.03618867370381,64.9638113262962,Individual House
Black Cotton,Industrial,47.47321517413021,1,1,17646.655908996137,378.07028950810576,1441.6026020863776,3,2,2,62.27953087770866,40,20.87797470978299,10,35.51732948464378,64.48267051535622,Factory
Loamy,Industrial,31.02672527864193,0,1,10989.988027175383,1177.3198642489233,2275.816244837982,1,0,1,54.24331868033952,15,48.28879120226345,45,44.55735933868469,55.44264066131531,Factory
Red Soil,Commercial,38.97498082339869,0,0,17896.510419367158,650.4688870980449,3736.34494091717,0,0,2,50.25625479415033,20,35.04169862766885,85,50.60011383486983,49.39988616513017,Hospital/Clinic
Clayey,Industrial,30.09792581023192,0,0,7266.728759072707,302.3069054815001,4582.686403010125,4,2,0,76.33710421855201,30,49.83679031628013,85,64.92718405556323,35.07281594443677,Factory
Sandy,Residential,54.1750253091815,0,0,2178.9700000732223,976.6886174284866,1685.8250642844591,3,2,0,36.17274495839381,25,9.708291151364165,85,40.08753352327887,59.91246647672113,Individual House
Rocky,Industrial,32.382804928287555,1,1,10043.543404535176,1099.1427920725243,2222.2071708849794,3,2,0,45.90429876792811,55,46.028658452854074,10,38.32366918198836,61.67633081801164,Factory
Rocky,Residential,51.29947899658504,1,1,6126.9144915396755,187.60685917585363,4497.391352268044,4,0,0,59.91871870030252,55,14.500868339024947,10,35.34676862986212,64.65323137013789,Individual House
Red Soil,Commercial,49.07436320486367,1,0,14589.356505749665,415.4703899624012,1792.4193657921135,3,1,0,48.651573116882275,20,18.20939465856054,45,35.830399255548926,64.16960074445107,Shopping Complex
Rocky,Commercial,27.57776517415961,0,0,19185.024504264617,331.91513305834985,2402.564930958679,0,1,3,57.190650722959106,55,54.03705804306732,85,63.025992263802515,36.974007736197485,Shopping Complex
Loamy,Residential,17.654647052161128,0,1,14128.508871879714,569.7819431436782,4522.520706090394,1,2,0,57.58633823695972,15,70.57558824639813,45,51.29911544453543,48.70088455546457,Individual House
Rocky,Industrial,27.334517290787403,1,1,17851.744664474867,1145.1673433640967,4011.216089949241,4,1,2,47.16637067730315,55,54.442471182020995,10,40.86884753256135,59.13115246743865,Factory
Clayey,Commercial,50.44195566763711,1,1,9607.45625842292,1070.5621534114864,1217.154625049014,1,0,1,43.732603584071,30,15.930073887271476,10,26.28892972624272,73.71107027375729,Hospital/Clinic
Clayey,Agricultural,17.519789470066577,1,0,15661.174006710731,993.7858655755559,1623.9753270596668,1,1,3,60.099559173676695,30,70.80035088322238,45,54.48493343159244,45.51506656840756,Individual House
Sandy,Commercial,33.84399902217621,1,1,17017.825296762363,9.428318802886803,1764.7936372966956,3,1,2,72.26917386221665,25,43.593334963039645,10,42.44254459253574,57.55745540746426,Shopping Complex
Black Cotton,Industrial,49.33532113784111,0,0,14506.636924087305,213.21497007058414,4563.692367155299,4,1,0,82.87327151130468,40,17.774464770264814,85,60.69926122152284,39.30073877847716,Factory
Loamy,Agricultural,24.441261132060834,0,1,10647.768435321728,334.9463236531002,4994.668685522695,1,2,0,65.79290529779878,15,59.264564779898606,45,51.34365804920422,48.65634195079578,Individual House
Sandy,Industrial,40.321530035148356,0,0,12891.456082691993,407.9337690582744,3870.0215107771996,2,0,2,51.44359134771645,25,32.797449941419416,85,51.204619457055614,48.795380542944386,Factory
Loamy,Residential,18.5097365726848,1,1,14309.632917898725,219.63981247335002,2421.631512467533,0,2,3,74.1941771084278,15,69.15043904552533,10,48.00557174933106,51.99442825066894,Individual House
Black Cotton,Agricultural,11.010369495248796,0,0,5808.603661207111,615.4733272108344,50.86909033739484,3,1,1,36.2647894329357,40,81.64938417458534,85,60.35502234517383,39.64497765482617,Individual House
Rocky,Industrial,48.6911323801071,1,0,16382.00595738471,112.77087752103887,3487.440282989787,4,2,1,65.06096425371089,55,18.848112699821513,45,46.983365663754185,53.016634336245815,Factory
Rocky,Agricultural,10.443274287478875,1,0,19056.166240378192,1125.0332855816712,1946.8058224889235,4,0,1,50.325297877908746,55,82.59454285420188,45,57.76248997081853,42.23751002918147,Individual House
Black Cotton,Industrial,19.925976729377155,1,1,9839.546988418784,1181.5811809441575,3164.932351143027,3,0,1,73.01850581765571,40,66.7900387843714,10,50.75398673227235,49.24601326772765,Factory
Sandy,Agricultural,52.031018209859205,1,0,14320.27647908767,861.4000344013472,3033.4698173121437,1,0,0,42.9922454475352,25,13.281636316901327,45,33.36769498586265,66.63230501413736,Individual House
Black Cotton,Industrial,24.055810789326696,1,0,15003.492210016726,134.55731556295174,2404.1602828719365,3,0,3,93.91260836889121,40,59.90698201778884,45,65.09615843355914,34.90384156644086,Factory
Red Soil,Residential,58.51749422327886,0,1,13582.703402908126,1335.124754320137,4721.936988631614,4,1,0,45.37062644418029,20,2.470842961201896,45,30.747429995763575,69.25257000423642,Individual House
Clayey,Agricultural,58.885388412562286,0,0,11395.187058244075,1448.4537430621717,115.73172677670829,2,1,3,19.593287432393595,30,1.8576859790628646,85,33.072072096103476,66.92792790389652,Individual House
Sandy,Agricultural,19.75518112494562,0,0,17751.311136921402,303.5453404826841,3560.6624223629415,1,1,1,62.84848428980255,25,67.07469812509063,85,63.76564403270355,36.23435596729645,Individual House
Loamy,Agricultural,7.253802223743975,1,1,9529.607476108995,1056.9597291610796,2049.19934149773,3,1,2,60.186549444064006,15,87.91032962709338,10,47.79287471219574,52.20712528780426,Individual House
Red Soil,Agricultural,43.77848063129585,0,0,2160.9561732454677,1262.9079459637287,3568.952252458056,4,1,2,49.05537984217604,20,27.035865614506918,85,48.17834934838834,51.82165065161166,Individual House
Sandy,Residential,29.804257645658904,1,1,17046.571138531042,809.7652838140534,3376.0982376981597,4,2,0,48.54893558858527,25,50.326237257235164,10,35.823686770313635,64.17631322968637,Apartment
Black Cotton,Agricultural,10.541406417776695,0,0,13805.644174014464,484.9846492901233,51.19001287997693,4,0,2,37.28936969574797,40,82.4309893037055,85,60.90902671943817,39.09097328056183,Individual House
Black Cotton,Commercial,43.91375504379236,1,1,17135.913903493285,717.8380726205289,1426.6924758733562,2,1,0,55.55541075651903,40,26.81040826034608,10,34.646995829868175,65.35300417013183,Shopping Complex
Black Cotton,Residential,6.714620001155668,1,0,3632.4014064491917,768.403126176678,945.4576025189021,1,0,0,55.23049705008913,40,88.80896666474055,45,58.78291563371633,41.21708436628367,Individual House
Black Cotton,Commercial,52.86081797707332,0,0,1584.3058696846103,600.9555662820419,834.9317647124616,3,0,3,41.4834307999809,40,11.898636704877802,85,44.743859956212766,55.256140043787234,Shopping Complex
Loamy,Agricultural,12.625889101231705,1,0,18753.116267267524,1394.7637404505592,3642.3834206056636,1,1,1,58.84352772469207,15,78.95685149794716,45,53.834447578129016,46.165552421870984,Individual House
Red Soil,Industrial,12.002153331069875,0,1,3806.8378111609113,1115.824666413753,1197.756745465623,4,1,1,40.95459657654499,20,79.99641111488354,45,48.58321158051163,51.41678841948837,Factory
Rocky,Commercial,14.661976388272148,0,0,16383.394309338584,361.95246338244596,2373.688074936504,2,0,1,58.61735809998521,55,75.56337268621309,85,68.9069185065481,31.093081493451905,Shopping Complex
Clayey,Agricultural,57.81464971706366,0,0,16640.98890143208,878.3357809798027,1234.9449764283977,2,0,1,42.245237099302045,30,3.6422504715605726,85,41.44639560264586,58.55360439735414,Individual House
Loamy,Commercial,43.12431481396153,1,1,14465.398810431057,1033.0337263967513,2901.1691171766497,4,0,3,51.21892129650962,15,28.12614197673078,10,29.70815794796106,70.29184205203894,Hospital/Clinic
Loamy,Agricultural,49.07543445050002,1,1,3493.9820107645482,210.2346325531954,3602.86884029984,1,2,1,67.11706343418327,15,18.207609249166637,10,32.7928745142558,67.2071254857442,Individual House
Rocky,Agricultural,26.869924215301417,1,1,13680.573866655344,537.6386135702232,1655.3736934908825,1,2,1,40.3899928159923,55,55.216792974497636,10,38.690695729221716,61.309304270778284,Individual House
Rocky,Agricultural,23.497200012772556,1,0,17892.645083210446,1358.322422405874,3015.1042414356098,2,0,2,48.12569999680686,55,60.83799997871241,45,51.5534949935605,48.4465050064395,Individual House
Clayey,Industrial,17.89662037307435,0,0,9085.101251216782,850.7596502778023,4124.273872068695,0,2,1,67.52584490673141,30,70.17229937820942,85,66.92712056190834,33.07287943809166,Factory
Clayey,Commercial,31.435641557182493,1,0,8856.820233193379,325.4966190904753,471.1214258224583,2,0,1,44.033720981725025,30,47.60726407136251,45,43.063618361444384,56.936381638555616,Hospital/Clinic
Rocky,Residential,35.35058034437927,0,1,9414.307882008963,184.17719717872615,3553.352995206356,2,0,0,64.1117230831816,55,41.082366092701214,45,52.20969460228886,47.79030539771114,Individual House
Black Cotton,Residential,39.74761640090155,0,1,2563.165922847922,777.3403402123166,1615.7247221769012,3,1,0,60.37759034331263,40,33.753972665164085,45,46.820649786450446,53.179350213549554,Individual House
Loamy,Residential,19.1415177199282,1,0,17948.485811569495,821.5285845437161,613.2497826247213,2,0,1,29.479616222512377,15,68.09747046678633,45,40.84223329457591,59.15776670542409,Individual House
Sandy,Residential,57.17597444966449,1,0,17514.4744156297,501.6216770319185,2728.271038071744,0,1,0,41.70600638758388,25,4.7067092505592,45,30.773779548294158,69.22622045170584,School
Clayey,Agricultural,14.336717401392471,0,1,19960.27711401544,945.6240426286777,1131.3115963386588,2,1,2,51.04205257642506,30,76.10547099767922,45,52.64108615116857,47.35891384883143,Individual House
Clayey,Commercial,58.11092461215268,1,1,12118.479688469855,103.02702932908309,4106.8089633457885,1,0,2,81.29064708721684,30,3.1484589797455413,10,36.23884122546228,63.76115877453772,Hospital/Clinic
Rocky,Commercial,5.8170867379127085,0,1,15272.64109257633,217.70953989921094,214.47954765538069,3,2,2,33.77274687467678,55,90.30485543681215,45,53.89667526533991,46.10332473466009,Shopping Complex
Red Soil,Industrial,31.46191304992651,1,0,4850.76621983879,819.4107315168889,493.2644813544873,3,0,3,21.999811364608117,20,47.56347825012248,45,33.84080354014346,66.15919645985653,Factory
Sandy,Commercial,23.335231096410954,1,1,13683.047546259222,92.72354076668094,2604.9806299290844,2,0,2,74.60277977989641,25,61.107948172648406,10,47.63795996612585,52.36204003387415,Shopping Complex
Sandy,Commercial,29.701787766163793,0,1,13344.924126390422,1321.3631474866509,2944.7089203847836,3,2,1,48.57455305845905,25,50.49702038972701,45,44.625348667892425,55.374651332107575,Shopping Complex
Clayey,Commercial,36.386551843943394,0,1,18122.965980990637,213.21955568477517,3649.433322613734,3,1,2,80.11018869792764,30,39.355746926761014,45,53.62750277596493,46.37249722403507,Shopping Complex
Black Cotton,Industrial,28.957403690698996,0,1,16785.061733942406,1010.8798111268047,1296.303641260969,2,2,2,56.68672190254463,40,51.73766051550167,45,50.024767794766035,49.975232205233965,Factory
Red Soil,Residential,27.816576766587723,1,0,18830.8627897375,586.8051625716379,4208.8020410664585,0,0,2,53.04585580835307,20,53.639038722353796,45,46.22580921351202,53.77419078648798,School
Sandy,Commercial,45.29978784773186,1,1,17507.835981330543,599.6816213133727,4765.711698868916,2,0,2,44.675053038067034,25,24.50035358711358,10,28.011356960101857,71.98864303989814,Hospital/Clinic
Clayey,Industrial,42.72319512975555,1,0,17505.184003078186,1147.3342929167156,2495.196517974318,1,2,0,61.319201217561115,30,28.794674783740746,45,44.410389122081575,55.589610877918425,Factory
Sandy,Industrial,50.829920511971636,0,0,2210.743207085647,749.193201259371,3802.656824849006,4,2,2,43.29251987200709,25,15.283465813380602,85,43.97324840854763,56.02675159145237,Factory
Red Soil,Agricultural,18.747743968172255,0,1,17073.27710122316,1088.4831954657996,2624.2417727189636,0,2,2,55.31306400795694,20,68.75376005304625,45,50.79801241604649,49.20198758395351,Individual House
Red Soil,Industrial,38.524068036473494,1,1,12542.089495559245,757.7868431291538,347.3351470610531,2,1,0,17.31568593210269,20,35.79321993921084,10,20.50879506103865,79.49120493896135,Factory
Loamy,Residential,37.18571319660696,0,0,8228.444583553262,889.3580121078951,1630.5575642131055,0,2,0,45.314722985110365,15,38.0238113389884,85,48.86610587953572,51.13389412046428,School
Rocky,Commercial,25.33557959799788,1,1,2073.777863373184,1141.0719418044962,437.433448135075,4,0,3,16.41477406320203,55,57.774034003336865,10,30.938679422954927,69.06132057704508,Shopping Complex
Rocky,Industrial,31.73316480464745,0,0,13875.801720592886,910.963114381913,4944.395596275067,3,2,1,46.066708798838135,55,47.11139199225425,85,57.401196077656905,42.598803922343095,Factory
Clayey,Residential,22.258017881815082,1,1,7235.833260214732,923.4226640831829,1145.129560366886,3,0,3,49.33808673688395,30,62.90330353030819,10,39.99415624048643,60.00584375951357,Apartment
Red Soil,Industrial,12.801441868934186,1,0,9887.749034734661,1183.8293871413916,3179.5020970785936,4,1,0,56.799639532766456,20,78.66426355177636,45,53.79593972441235,46.20406027558765,Factory
Loamy,Industrial,16.759066586450306,1,0,13952.840304047551,1423.63022372906,1421.7255097246866,3,1,0,46.24474354788116,15,72.06822235591616,45,47.702715830737446,52.297284169262554,Factory
Loamy,Industrial,10.80325055206606,0,0,18323.716393458715,565.0742309030052,3266.2310767796293,0,2,0,59.299187361983485,15,81.99458241322323,85,64.75336118000003,35.24663881999997,Factory
Sandy,Industrial,42.56882663545683,0,1,16683.30139649497,865.6757358389269,1052.0084543524122,3,0,3,26.397962428184037,25,29.051955607571955,45,31.502275751757402,68.4977242482426,Factory
Sandy,Industrial,41.34000662100333,1,0,9561.345452968397,129.4097366003184,3926.350329550373,4,1,2,67.90041414873006,25,31.099988964994438,45,46.540142193304135,53.459857806695865,Factory
Loamy,Residential,57.283350436893,1,0,8367.8799914812,538.2058208533003,554.0580141831774,4,2,1,18.7603226744403,15,4.527749271844996,45,21.198050254015353,78.80194974598464,Individual House
Sandy,Commercial,45.132312750598274,1,1,5555.815038036902,618.073838834079,4475.752000451401,4,1,1,44.716921812350435,25,24.779478749002877,10,28.09579232157337,71.90420767842663,Shopping Complex
Red Soil,Commercial,7.862521131587229,1,1,8076.1082723433965,1252.8559752360766,4202.108462703973,1,2,2,58.03436971710319,20,86.89579811402129,10,47.535978929491435,52.464021070508565,Shopping Complex
Black Cotton,Commercial,53.63348456609248,1,0,3109.881358546068,770.0886031885152,3394.036718191928,0,0,1,64.59162885847688,40,10.610859056512538,45,42.50978486459504,57.49021513540496,Shopping Complex
Red Soil,Commercial,52.44713396201492,1,0,19451.004658930335,1096.5995599476867,337.07313571423924,4,2,2,13.629679223781057,20,12.588110063308477,45,22.16741524415049,77.83258475584951,Shopping Complex
Loamy,Residential,29.382617642498428,0,1,11904.431435231998,28.511100038507042,1042.8451416446417,0,0,3,63.800582419957806,15,51.02897059583596,45,48.58744649594422,51.41255350405578,School
Loamy,Agricultural,37.22246777903568,0,0,3428.3110131090452,696.7390044424734,4296.80797845538,1,1,0,52.694383055241076,15,37.96255370160719,85,51.43367249473617,48.56632750526383,Individual House
Red Soil,Agricultural,58.684308285988536,0,1,7703.314176052209,1351.9764977453763,609.8721715129757,0,0,2,17.526366358762377,20,2.1928195233524406,45,20.932433106404943,79.06756689359506,Individual House
Sandy,Residential,34.276740011649146,0,1,11393.743728792464,336.4708639586776,779.6604815401004,2,0,2,32.83577279036906,25,42.87209998058476,45,37.21054547177536,62.78945452822464,Individual House
Sandy,Residential,54.792700560684935,1,1,11124.827096176523,47.28327796066939,2720.0166187776035,1,1,0,69.46482818218861,25,8.678832398858432,10,32.73239796348062,67.26760203651938,Individual House
Rocky,Industrial,9.567131679560255,1,0,1674.5640056540146,650.1131005702147,1370.8871983717186,1,0,0,39.02596104754431,55,84.05478053406624,45,54.172781500157065,45.827218499842935,Factory
Loamy,Industrial,15.507852778977556,1,1,19065.979650353114,1056.647730971393,1110.3784997196476,3,0,1,40.330606799648564,15,74.15357870170408,10,37.404107055303015,62.595892944696985,Factory
Clayey,Industrial,29.24152188927248,0,0,6232.1379480239475,681.6952602622043,2879.067159240903,4,2,2,64.68961952768188,30,51.26413018454586,85,61.20739938082512,38.79260061917488,Factory
Rocky,Commercial,37.161624458551756,0,0,1307.5087097059327,689.9674702668988,1862.8833822901452,1,0,0,41.967261531164965,55,38.06395923574707,85,53.704531344844504,46.295468655155496,Shopping Complex
Sandy,Industrial,49.89253185245401,1,1,2452.4361700553673,1004.7075618574793,702.7994838483437,0,2,1,17.58285671385337,25,16.845780245909978,10,16.615444911326172,83.38455508867384,Factory
Red Soil,Agricultural,59.354416332875275,0,1,12023.703161711563,381.5832124245735,2674.268837727322,2,0,3,52.26640317130677,20,1.0759727785412139,45,32.81223430459267,67.18776569540734,Individual House
Sandy,Commercial,26.386832306076403,0,1,3617.9248928268403,1127.8346874629663,1935.0620163931137,0,1,2,48.10453225134318,25,56.02194615653933,45,45.84207282710494,54.15792717289506,Shopping Complex
Red Soil,Industrial,7.607859987704671,1,1,1792.7710642165623,229.67029635860015,3672.5838713688468,0,0,3,74.31781722155783,20,87.32023335382554,10,53.34129436600163,46.65870563399837,Factory
Rocky,Commercial,49.06443268124286,1,0,8212.902861841516,593.6259079289815,513.777211602946,2,0,0,12.009436061748204,55,18.2259455312619,45,28.259789004427347,71.74021099557265,Hospital/Clinic
Loamy,Agricultural,38.24093954955445,1,0,12832.462654463583,984.0121627063769,3103.0662197298693,3,0,0,52.43976511261139,15,36.26510075074258,45,40.92019297709963,59.07980702290037,Individual House
Sandy,Industrial,15.919857237751092,0,1,3124.9562919906352,1242.5535108452966,2182.466634716239,4,2,2,52.020035690562224,25,73.46690460374818,45,51.57373864263382,48.42626135736618,Factory
Red Soil,Agricultural,32.215565114178105,1,0,6953.228810874995,1187.296606747583,2030.3093752620205,1,1,3,51.946108721455474,20,46.30739147636983,45,44.00798592160187,55.99201407839813,Individual House
Loamy,Agricultural,45.82706350435484,1,1,8937.452760866301,1082.5283989615468,1161.4384400417061,4,1,0,33.772002924745415,15,23.621560826075267,10,22.47559123017971,77.5244087698203,Individual House
Clayey,Agricultural,47.37264828877541,1,0,4029.741857948576,538.6445753045866,152.1301410135556,3,0,2,23.19944074807726,30,21.04558618537432,45,29.131200808170618,70.86879919182938,Individual House
Red Soil,Industrial,32.47901265993191,0,0,10615.404070867493,183.45647444058577,4238.445971823227,2,0,2,70.87285836858187,20,45.868312233446815,85,60.52257848736536,39.47742151263464,Factory
Rocky,Residential,21.786799157087252,0,0,2619.067651133647,325.2513265394859,1632.0504301721294,4,2,2,51.67922922180162,55,63.68866807152125,85,63.50989724551088,36.49010275448912,Individual House
Clayey,Industrial,58.55584201211714,1,1,1883.8514305563044,1297.2507218647274,3405.4551986492356,0,1,0,57.36103949697072,30,2.4069299798047723,10,27.678096318890944,72.32190368110906,Factory
Clayey,Agricultural,41.4849436026071,1,0,10876.87197594756,1285.9970551989893,4737.936998883537,1,0,0,61.628764099348224,30,30.858427328988157,45,45.034674267018914,54.965325732981086,Individual House
Black Cotton,Industrial,27.453063564046428,0,0,5710.042482266637,1427.3412788085236,2824.951490410658,1,0,2,71.13673410898839,40,54.24489405992262,85,65.70908045312659,34.29091954687341,Factory
Sandy,Agricultural,20.425477331255884,0,0,2812.102350062523,113.98297784331241,1985.7345125993315,3,1,1,73.76934224857392,25,65.95753778124019,85,67.30865423231091,32.691345767689086,Individual House
Red Soil,Residential,45.210664065195914,1,0,9054.339162265012,805.2136279161841,1341.3678317435185,3,0,2,35.52469061857139,20,24.648893224673472,45,32.845865022668356,67.15413497733164,Individual House
Clayey,Commercial,18.320089507657222,0,1,18387.6740508305,973.0245673563503,4670.218963237467,2,0,2,67.4199776230857,30,69.46651748723797,45,56.71362153988949,43.28637846011051,Shopping Complex
Black Cotton,Residential,14.444049393552849,1,0,14759.656486428943,1065.986065600285,3410.384090255714,3,1,2,74.38898765161179,40,75.92658434407858,45,62.26779176408377,37.73220823591623,Individual House
Rocky,Residential,34.14086389291387,1,1,16496.702391593524,965.7948525156453,3326.406966282798,4,2,1,45.46478402677153,55,43.09856017847689,10,37.43731445398926,62.56268554601074,Apartment
Loamy,Commercial,20.949306595427803,0,1,17566.36578641409,1155.017084853423,2130.7916257263846,1,0,3,56.76267335114305,15,65.08448900762033,45,49.63805792480515,50.36194207519485,Shopping Complex
Red Soil,Industrial,39.58978297079883,1,0,19479.92708653196,539.2073644340123,4225.243564337154,2,0,0,50.10255425730029,20,34.01702838200194,45,40.290151085555586,59.709848914444414,Factory
Clayey,Commercial,11.486627118082842,1,0,15501.684896769288,269.14915820322324,3568.3609350474353,3,1,0,82.9793937282859,30,80.85562146986193,45,65.00669317236554,34.993306827634456,Shopping Complex
Sandy,Industrial,41.021760751202685,0,1,12559.750516850114,306.8750582256578,1415.9163589050804,0,1,3,45.65038349676147,25,31.630398747995528,45,38.885233910865395,61.114766089134605,Factory
Black Cotton,Industrial,20.581309039873624,1,1,7943.091725742697,17.968034205246507,2997.89330012524,1,2,2,100.0,40,65.69781826687729,10,59.92445456671932,40.07554543328068,Factory
Clayey,Agricultural,5.0133613938982,0,1,4451.221494596606,525.4828081593336,2150.969773006328,2,2,2,70.74665965152545,30,91.64439767683633,45,63.42243029724299,36.57756970275701,Individual House
Sandy,Agricultural,11.9814831720797,1,0,14046.537605682592,137.6160763199659,32.95081414856516,1,0,0,35.40668091075342,25,80.03086137986716,45,47.40005366373049,52.59994633626951,Individual House
Clayey,Commercial,56.348845780930176,1,0,19904.049736316894,482.2330391852863,4038.117157508987,4,2,2,58.97880620365028,30,6.085257031783044,45,37.91389642922336,62.08610357077664,Shopping Complex
Red Soil,Residential,52.70450515134468,0,1,9879.815007759462,942.3151157493717,614.151744598504,3,2,3,19.106908604133913,20,12.159158081092201,45,23.97720753171992,76.02279246828007,Individual House
Red Soil,Commercial,17.848496761993026,0,1,14749.907993763345,1341.71708338023,2549.772530013071,3,2,0,55.53787580950174,20,70.25250539667829,45,51.25138288249518,48.74861711750482,Shopping Complex
Red Soil,Industrial,47.810454750002016,0,1,10406.756549869968,1259.4081764857747,1681.130965424078,3,0,1,41.67000562098106,20,20.315908749996638,45,33.91347915484253,66.08652084515748,Factory
Rocky,Agricultural,38.47143762456859,0,0,9206.735043906056,379.01131793636534,1710.4452060033875,0,2,2,45.850365637743685,55,35.88093729238568,85,54.51786229630671,45.48213770369329,Individual House
Rocky,Commercial,58.39975912974282,0,0,8795.806657638386,201.12471329707043,2386.82441706904,4,2,3,57.33257741974007,55,2.6670681170953117,85,50.23316912618285,49.76683087381715,Shopping Complex
Black Cotton,Commercial,25.54831127437325,0,1,10587.868975702255,289.60841069509695,4985.115520098725,0,2,0,84.23641753970087,40,57.41948120937791,45,61.08761644123978,38.91238355876022,Shopping Complex
Red Soil,Agricultural,42.48033368844442,1,0,7971.017575442125,1456.4799778554104,2041.8984031573789,4,1,0,49.37991657788889,20,29.199443852592637,45,38.83283176540927,61.16716823459073,Individual House
Sandy,Agricultural,8.494464733315521,0,1,15226.693114614347,824.2117195282361,911.646149082862,4,2,1,32.10930679832836,25,85.84255877780747,45,47.69889707386679,52.30110292613321,Individual House
Clayey,Agricultural,26.793604074902326,1,0,17611.168505238817,273.75333450086225,3068.031690246845,4,2,2,78.87639891122268,30,55.34399320849612,45,57.192737921051965,42.807262078948035,Individual House
Loamy,Industrial,58.00997136534993,0,1,17774.8208262585,1261.1192320302227,1181.4385401976062,3,1,1,31.12627796261464,15,3.316714391083451,45,25.223375884685986,74.77662411531401,Factory
Sandy,Agricultural,34.64394809475663,1,0,5326.275555090692,592.7868664688324,527.7456835647521,3,1,3,17.89392664760588,25,42.26008650873895,45,31.827895953846795,68.17210404615321,Individual House
Rocky,Residential,20.83337268341645,1,0,18022.273635898324,1348.833227962091,250.87086032964555,3,0,0,13.8090740357388,55,65.27771219430592,45,40.65260396108506,59.34739603891494,Individual House
Rocky,Commercial,11.614902972073377,0,0,7489.473405246996,391.0156902517298,114.40637009841936,0,0,0,19.923460243846257,55,80.64182837987771,85,56.63366818031562,43.36633181968438,Shopping Complex
Sandy,Agricultural,43.694058709984176,1,0,6876.845644220655,589.8326382063542,2155.8232415553184,2,1,1,45.076485322503956,25,27.176568816693035,45,37.57091206704964,62.42908793295036,Individual House
Rocky,Agricultural,40.46708238863497,1,0,14808.365090566482,757.4216441851269,2133.628899366968,4,0,1,43.88322940284126,55,32.55486268560837,45,42.99784596239653,57.00215403760347,Individual House
Red Soil,Industrial,25.566629248207605,1,0,6789.2304616394995,1338.9230011335474,927.7270003897647,0,2,1,32.16288269574339,20,57.388951252987326,45,39.85424675675702,60.14575324324298,Factory
Black Cotton,Industrial,57.30177435262089,0,0,2006.3617065844921,1303.1361474075836,3920.0952688560465,3,0,2,63.674556411844776,40,4.497042745631859,85,50.660355430553636,49.339644569446364,Factory
Clayey,Commercial,6.221154714331767,0,1,8098.737673895852,861.5326054558168,646.3531395993938,3,2,0,43.37177411340494,30,89.63140880944705,45,53.33797314205349,46.66202685794651,Shopping Complex
Black Cotton,Residential,21.70481183975042,1,1,14707.84640680863,332.663264671336,4576.585963196512,2,2,2,82.61400115978225,40,63.82531360041597,10,53.37122880602777,46.62877119397223,Individual House
Clayey,Commercial,55.658821746476974,0,1,7212.209985133354,605.0354576068127,2937.879888216362,3,2,3,58.08529456338076,30,7.235297089205034,45,37.888677369484526,62.111322630515474,Shopping Complex
Clayey,Agricultural,22.65144910756922,0,0,12961.622063907784,1463.4495980482582,138.08188052464808,4,1,2,29.098775333600656,30,62.24758482071797,85,51.49646757193972,48.50353242806028,Individual House
Black Cotton,Residential,18.87390586203437,1,0,13542.269440999478,911.659835816103,4814.863128713583,1,0,1,73.28152353449141,40,68.54349022994272,45,60.03440579455767,39.96559420544233,Individual House
Sandy,Residential,34.3821225462186,1,0,14940.984222800767,1171.6466326862949,1539.706297729268,3,0,3,38.19859531803071,25,42.69646242296899,45,39.043623967052994,60.956376032947006,Individual House
Clayey,Residential,50.30909624562958,0,1,18045.47885990779,674.7970430421295,2249.874797889267,2,1,3,59.422725938592606,30,16.151506257284026,45,40.58583064282841,59.41416935717159,Individual House
Black Cotton,Residential,10.673071848309858,0,1,9218.725486100197,798.0109132002095,1421.3434649727608,1,1,2,63.758601337377755,40,82.21154691948357,45,60.1183971979531,39.8816028020469,Individual House
Clayey,Commercial,56.86613903051549,0,1,4162.209456586685,643.4311683488162,3642.106490168888,4,0,2,57.78346524237113,30,5.223101615807508,45,37.27998823878177,62.72001176121823,Hospital/Clinic
Loamy,Industrial,48.729008464964025,1,1,7059.588593205899,1054.381497092952,2428.4011035976932,4,1,1,49.817747883759,15,18.78498589172662,10,26.882458232247302,73.1175417677527,Factory
Sandy,Industrial,14.968764055335356,0,1,9211.177848305731,1277.206520830316,661.864797012513,4,1,1,25.49510492641642,25,75.0520599077744,45,42.68630170118935,57.31369829881065,Factory
Red Soil,Agricultural,44.16043786589895,0,1,14563.937917234149,761.0453148368454,521.019761797269,2,2,3,19.38028576947064,20,26.399270223501745,45,27.63291757519016,72.36708242480984,Individual House
Clayey,Industrial,26.17272974506564,0,0,1249.3203856710365,721.3011879543386,3626.877066622874,1,2,1,65.4568175637336,30,56.37878375822393,85,62.75458208686274,37.24541791313726,Factory
Loamy,Industrial,27.126207294197528,1,1,6999.9222853577,510.4297006475954,1185.4070246563574,4,2,0,38.92658866957777,15,54.78965450967079,10,32.07171966176992,67.92828033823008,Factory
Red Soil,Industrial,48.08095508413765,1,0,15817.00903936702,265.6450414411257,688.9668731923626,3,1,0,35.82039620634529,20,19.865074859770587,45,31.7534073871635,68.24659261283651,Factory
Red Soil,Industrial,57.95316443894027,1,1,13746.296363283212,1408.8715843126633,2497.1379849892137,1,1,3,45.511708890264934,20,3.4113926017662095,10,22.28194626203428,77.71805373796572,Factory
Clayey,Agricultural,11.966073006595666,0,1,14903.059498126499,474.1195780192575,4013.8264376815205,4,2,2,70.56130706719563,30,80.05654498900722,45,60.46059372077028,39.53940627922972,Individual House
Black Cotton,Commercial,28.134663028335066,0,0,16424.4046193447,1201.037195361428,1393.9137293656522,1,2,2,58.84460883022928,40,53.1088949527749,85,61.12283682877397,38.87716317122603,Shopping Complex
Clayey,Residential,31.451788444636694,1,0,15881.478658681284,1073.0205319312113,1382.1580585040388,3,0,0,51.7802140589216,30,47.58035259227218,45,45.768163068690605,54.231836931309395,Individual House
Loamy,Industrial,25.69714993252487,0,0,13961.480156902784,1186.3764004171935,4169.406301301885,0,2,2,55.57571251686878,15,57.17141677912522,85,57.24435357568538,42.75564642431462,Factory
Red Soil,Commercial,24.975401804392376,0,1,9353.56911504122,1405.1522000581535,739.1689728439133,4,2,1,28.53952900578017,20,58.37433032601271,45,38.832417733526235,61.167582266473765,Shopping Complex
Clayey,Industrial,7.87477671588781,0,1,19688.368248684925,935.0561403313458,3083.637958932736,3,0,0,70.03130582102804,30,86.87537214018698,45,61.97980007240656,38.02019992759344,Factory
Black Cotton,Industrial,42.70462413094428,1,0,11812.390716211401,1346.925515073067,4775.067414912927,2,0,3,67.32384396726393,40,28.825626448426206,45,48.01975200064892,51.98024799935108,Factory
Clayey,Residential,28.991792941602498,0,1,4852.614978007943,251.54598436844051,4206.515747886538,4,0,2,79.65929270249293,30,51.68034509732917,45,56.550838720204816,43.449161279795184,Individual House
Sandy,Residential,15.713659145415972,0,0,6563.444246990904,940.0688639351814,309.07616889864596,0,0,3,18.253108591618926,25,73.81056809097338,85,49.841230029809964,50.158769970190036,Individual House
Black Cotton,Residential,49.88184262661376,1,1,14177.68666343893,1158.413419371919,1599.5543828081272,3,1,3,57.520626999509105,40,16.8635956223104,10,32.84811835540579,67.15188164459421,Individual House
Loamy,Industrial,49.14084114833953,0,1,18570.051738789807,407.4616961162611,711.8723279630817,3,0,2,29.504534505201082,15,18.09859808610078,45,28.351236598345572,71.64876340165443,Factory
Red Soil,Industrial,31.75153954488916,1,1,4395.682454912053,1111.1307019379476,4746.203188435698,1,0,2,52.06211511377771,20,47.08076742518473,10,35.49193214611838,64.50806785388161,Factory
Clayey,Industrial,21.41478636312683,0,0,2564.5834191699405,1167.7152436743552,4929.707831110406,4,1,0,66.64630340921829,30,64.30868939478862,85,65.15337854192356,34.84662145807644,Factory
Black Cotton,Residential,40.095099918804884,1,1,17749.089912798117,1246.7819340246672,1174.9651027001894,0,0,0,51.47552707430257,40,33.174833468658534,10,34.81014284317053,65.18985715682948,School
Sandy,Agricultural,20.848367467757168,1,0,18390.281599343853,469.32436889389925,3348.4952241437627,2,0,3,52.62844599942676,25,65.25272088707138,45,49.73313632156721,50.26686367843279,Individual House
Black Cotton,Commercial,17.980436167804164,0,0,6251.20756100209,1022.4098852524637,4208.158660235592,1,0,3,73.50489095804896,40,70.03260638699305,85,70.4848634320654,29.515136567934604,Shopping Complex
Rocky,Agricultural,45.17830597144797,0,0,8168.428763053557,456.37992511464313,1168.4014220723827,4,1,0,28.690656441707073,55,24.70282338092005,85,45.71743559982749,54.28256440017251,Individual House
Sandy,Industrial,7.217888184652288,1,0,13543.57195245931,1108.560581247683,938.4031716048873,0,2,3,32.96359138593468,25,87.97018635891285,45,48.52980357480535,51.47019642519465,Factory
Loamy,Industrial,10.212265906902669,0,0,7268.670396007021,694.4604977185684,56.05511623640147,1,0,1,20.568035848002364,15,82.97955682182888,85,51.44370175225805,48.55629824774195,Factory
Red Soil,Agricultural,5.373349571297438,1,0,17666.015457131005,896.31656179083,2059.8122847076293,0,0,2,58.65666260717564,20,91.04441738117093,45,57.540936257804205,42.459063742195795,Individual House
Loamy,Industrial,13.411875256148438,0,0,3043.9953515633915,623.7599721458533,4497.187311973582,0,0,2,58.64703118596289,15,77.64687457308594,85,63.4381795583585,36.5618204416415,Factory
Clayey,Commercial,8.79445047907527,0,0,1721.662198243709,242.97439039473645,4514.8982452817445,1,0,1,85.22292395654699,30,85.34258253487455,85,76.91366901851009,23.08633098148991,Shopping Complex
Black Cotton,Industrial,59.76913022789552,0,0,4961.237928113001,267.0442944080455,638.7156375450814,1,1,0,49.809372529445014,40,0.38478295350745384,85,44.77947612368261,55.22052387631739,Factory
Rocky,Commercial,20.884548347474926,0,1,6435.667785894411,116.35336089320175,1021.7624026419747,4,2,0,52.23290931237866,55,65.19241942087513,45,54.07962311455131,45.92037688544869,Shopping Complex
Sandy,Agricultural,13.2097406968086,1,0,3145.605234488626,927.1090195824927,2040.236654672668,1,0,3,52.69756482579785,25,77.983765505319,45,52.940089065359,47.059910934641,Individual House
Sandy,Agricultural,18.254794189775488,1,1,2248.1181574722877,1272.9575969295888,3903.12272581851,4,0,3,51.43630145255613,25,69.57534301704085,10,41.64654126265486,58.35345873734514,Individual House
Black Cotton,Industrial,56.48690643470741,0,0,15356.546556534166,31.255239393121414,3059.2574176586427,0,1,0,92.00295902773587,40,5.855155942154326,85,60.91482464524613,39.08517535475387,Factory
Rocky,Commercial,33.60881226634176,0,1,4121.25475214289,99.35925313253024,2569.248717601082,1,2,3,69.63624174546274,55,43.9853128894304,45,54.86901283326956,45.13098716673044,Shopping Complex
Black Cotton,Industrial,25.06499529693213,0,1,18364.521782259777,686.2004884543655,2959.6594211130155,4,2,1,71.73375117576697,40,58.22500783844645,45,56.913064871130054,43.086935128869946,Factory
Clayey,Residential,53.03653018500707,0,1,7991.993567513825,1106.581104252284,480.9984690114832,4,2,2,28.3608368339779,30,11.605783024988227,45,28.57773864813932,71.42226135186068,Individual House
Loamy,Residential,26.724464880196784,0,1,13741.510384705563,236.56146706792697,2388.318211274535,2,0,1,71.1251957558752,15,55.45922519967203,45,52.258624814474324,47.741375185525676,Individual House
Sandy,Residential,23.42547134767327,1,1,5282.6401806072045,407.4769793237908,4960.316447695642,4,0,2,55.69501340365424,25,60.95754775387788,10,40.98264162974845,59.01735837025155,Individual House
Clayey,Residential,16.400538740235454,1,1,5566.13260134547,348.00930192271073,442.2307346954391,4,0,2,45.86392189348727,30,72.66576876627424,10,41.21881485428911,58.78118514571089,Apartment
Loamy,Industrial,25.77882531501763,0,0,11919.474854483931,598.5768280067311,2596.233388174432,2,1,3,55.55529367124559,15,57.03529114163729,85,57.20317557034528,42.79682442965472,Factory
Clayey,Residential,22.41763958093093,1,0,11652.215577773737,337.4980155263567,1478.246308286873,3,1,3,65.71063533892332,30,62.637267365115115,45,54.40803920990194,45.59196079009806,Individual House
Rocky,Commercial,42.25171776139776,1,0,15605.855332229545,528.8980178171296,2699.5664843097948,1,1,2,43.437070559650564,55,29.58047039767041,45,42.0980922952953,57.9019077047047,Shopping Complex
Sandy,Agricultural,20.92704875688999,0,0,15398.452808191054,1092.8138979929163,2869.093800168733,2,0,3,50.7682378107775,25,65.12158540518334,85,59.04927958506796,40.95072041493204,Individual House
Black Cotton,Agricultural,36.745986053240884,1,0,13743.067528609561,916.5138726812837,2887.3644905973792,4,0,1,68.81350348668978,40,38.7566899112652,45,51.02389869815772,48.97610130184228,Individual House
Black Cotton,Residential,8.624069076758499,1,0,9533.480751976329,121.77255808753934,4261.043926554433,4,0,0,98.53762924555801,40,85.62655153873584,45,73.14480812062925,26.85519187937075,Individual House
Loamy,Residential,15.52090361830829,1,1,17922.167339331725,956.6184993685765,1948.7370733683047,1,2,3,57.09451556278902,15,74.13182730281952,10,43.26603727268103,56.73396272731897,Individual House
Red Soil,Residential,27.40728993862418,1,0,12828.991314204675,715.6157573388202,2581.7708133324795,0,1,3,53.14817751534395,20,54.32118343562637,45,46.43215798927697,53.56784201072303,School
Rocky,Industrial,56.532208964978246,0,1,19813.771318784788,1401.848362060708,54.64199483874277,2,1,3,0.9597876555302935,55,5.77965172503626,45,21.280838610694666,78.71916138930533,Factory
Loamy,Agricultural,25.748859214363247,1,1,16568.026540752813,433.9564756560799,3947.753007898834,3,2,0,59.525396657044396,15,57.085234642727926,10,39.85519749064752,60.14480250935248,Individual House
Red Soil,Residential,41.524076665990876,1,1,1841.8864135281983,1089.24962954874,1297.4385368792646,1,2,1,35.56775157108757,20,30.79320555668187,10,25.647014439051116,74.35298556094888,Individual House
Clayey,Commercial,19.0297972331769,1,1,7091.284234526038,1096.2912345668549,4082.775120202582,1,2,2,67.24255069170577,30,68.2836712780385,10,47.605810561606646,52.394189438393354,Shopping Complex
Rocky,Residential,11.986846678527744,0,1,11865.638612948082,332.251171513781,1328.193331901586,2,0,1,47.63208467757292,55,80.02192220245377,45,56.17671018776396,43.82328981223604,Individual House
Clayey,Agricultural,8.219513004402756,1,1,14707.921219558257,1354.8354374564042,53.942481312461155,4,2,3,31.023971375148534,30,86.30081165932874,10,39.43359289613417,60.56640710386583,Individual House
Sandy,Residential,21.797742419851325,1,0,11456.393457476888,736.7748006444046,774.1565909672338,4,0,0,26.033696214381848,25,63.6704293002478,45,40.029401000095596,59.970598999904404,Individual House
Rocky,Agricultural,13.671356473829938,1,1,15936.478026781453,1018.3250503339536,4928.41451286084,3,0,1,50.582160881542514,55,77.21440587695011,10,47.75735777777741,52.24264222222259,Individual House
Red Soil,Residential,14.57057464088683,0,1,6370.4574023895475,218.7833383252568,1599.0062297399427,2,1,3,65.21048063506174,20,75.71570893185529,45,56.00259545523543,43.99740454476457,Individual House
Sandy,Commercial,46.84176196128225,0,0,4494.328973423676,386.7058754879539,544.1195100637358,1,2,3,21.969597181676917,25,21.93039673119624,85,38.17195819638598,61.82804180361402,Shopping Complex
Black Cotton,Residential,5.871093901968082,0,0,2024.416992005632,879.1606769058342,593.7940181287527,2,0,2,48.408106887083036,40,90.21484349671987,85,66.74654828465903,33.25345171534097,Individual House
Red Soil,Commercial,35.67955691544889,0,0,11892.96114685892,478.5409025600242,1551.713570286119,0,0,0,43.4019280232587,20,40.53407180758518,85,49.57419276003684,50.42580723996316,Hospital/Clinic
Loamy,Commercial,25.870375932640563,0,0,14083.39089283441,749.5393778564601,188.22520558381518,1,2,2,19.29691012851616,15,56.882706778932395,85,44.47459523971375,55.52540476028625,Shopping Complex
Black Cotton,Residential,32.8602499949701,1,0,7196.8446252678705,561.0077990599339,2557.442940609769,3,0,1,69.78493750125747,40,45.232916675049836,45,52.98295729420258,47.01704270579742,Individual House
Black Cotton,Commercial,35.95566304680316,0,0,12658.099512261655,960.830694966072,1068.7045774466008,3,0,2,50.385175787231226,40,40.073894921994736,85,54.90328525602961,45.09671474397039,Hospital/Clinic
Loamy,Industrial,22.2352231951503,1,0,1990.9873862132556,730.7180441712134,2596.553206984361,1,0,1,56.441194201212426,15,62.9412946747495,45,48.98974163911173,51.01025836088827,Factory
Rocky,Residential,21.230987310135692,0,1,2886.573579639269,6.91490395975225,703.8210934961008,4,2,3,52.35378080480296,55,64.61502114977385,45,53.977578569124496,46.022421430875504,Individual House
Black Cotton,Residential,45.33710171341981,0,0,14333.340672911469,974.521256918076,2149.2861450874616,1,0,0,66.66572457164504,40,24.438163810966984,85,56.69254455281751,43.30745544718249,Individual House
Red Soil,Commercial,52.92023434666365,0,1,7993.324399128676,633.1823355752726,2989.5842920062228,1,1,0,46.76994141333409,20,11.799609422227249,45,33.56938185022374,66.43061814977625,Shopping Complex
Sandy,Commercial,15.591989785219035,1,0,13755.346590957106,512.5475107353343,309.9996916905401,0,2,3,18.301996387506044,25,74.01335035796828,45,39.90903632511919,60.09096367488081,Shopping Complex
Black Cotton,Residential,10.369031829433192,1,0,16802.701285318442,141.22012842483534,1993.7465462552927,1,1,0,96.80946526225743,40,82.71828028427802,45,71.8128829128596,28.187117087140393,Individual House
Red Soil,Industrial,54.378769351561424,1,1,17199.82631204622,330.5545358497372,1512.619104948439,2,1,2,46.824417610094194,20,9.368717747397625,10,24.230725600382375,75.76927439961763,Factory
Clayey,Commercial,24.244250500606928,0,0,4271.185263824568,335.6584373712802,1201.7990824431702,2,1,1,59.835412781434854,30,59.592915832321786,85,61.59062343158264,38.40937656841736,Shopping Complex
Red Soil,Commercial,35.32245648645478,0,0,10239.425874675584,1403.0542491070935,3022.6731304224822,3,0,1,51.16938587838631,20,41.12923918924203,85,52.441594854745716,47.558405145254284,Hospital/Clinic
Sandy,Agricultural,24.77487294860019,0,0,14944.607749017243,648.7694621198202,2942.7099288270365,4,0,1,49.80628176284995,25,58.708545085666344,85,57.10933488841407,42.89066511158593,Individual House
Red Soil,Industrial,11.919128499032823,0,0,15705.631329071297,63.09877082275506,3153.4990333884675,3,1,2,83.2342916258765,20,80.13478583494529,85,73.4156985277931,26.584301472206903,Factory
Loamy,Industrial,37.41324047212504,0,0,15908.843633848674,208.22502336498133,794.4133521626068,0,1,1,46.041455523322,15,37.64459921312493,85,49.02565923644393,50.97434076355607,Factory
Sandy,Residential,33.88274684732963,0,0,5335.179353231105,118.5490135993681,1428.5462243116388,1,2,0,58.987296958438286,25,43.52875525445062,85,56.52774274906606,43.47225725093394,Individual House
Rocky,Industrial,16.16464575551585,1,0,4658.161536751693,883.304085310817,1048.3938899753937,3,1,1,30.926716360628912,55,73.05892374080692,45,48.58908166142185,51.41091833857815,Factory
Clayey,Residential,29.85279745587528,1,1,12210.236897200222,279.9322373502401,2702.5180249892096,1,0,2,77.74086639501677,30,50.2453375735412,10,46.770637631641165,53.229362368358835,Individual House
Loamy,Agricultural,48.83211272086052,0,0,15080.630157026175,747.8364604226639,2305.328446048082,3,1,0,49.79197181978487,15,18.613145465232463,85,45.580476503232816,54.419523496767184,Individual House
Rocky,Industrial,37.47343567093402,1,1,7063.650795149672,555.0930943049633,1651.4686879637502,1,1,3,37.6610148415415,55,37.544273881776626,10,33.31742366498368,66.68257633501632,Factory
Red Soil,Commercial,10.330452988684716,1,1,2989.3979803860093,1205.814565716299,3930.0740443421655,3,2,0,57.41738675282882,20,82.78257835219213,10,46.291729951538116,53.708270048461884,Shopping Complex
Sandy,Agricultural,35.141182347602424,1,1,14618.181275291474,480.73445589804345,469.868722041914,2,1,2,17.768011500055067,25,41.43136275399596,10,22.826644713518263,77.17335528648174,Individual House
Clayey,Residential,43.65060646092728,0,1,6694.258796220085,687.3982235952125,4874.483443778211,0,2,0,61.08734838476818,30,27.248989231787874,45,43.942819242615826,56.057180757384174,School
Loamy,Agricultural,48.59868731794133,0,1,4160.891761922715,1081.9283228967388,582.7203890765936,3,2,1,21.50473595204654,15,19.002187803431127,45,25.77720453407407,74.22279546592593,Individual House
Rocky,Residential,39.601466824884675,0,1,3806.7470395455016,650.026810395959,3865.354062841847,2,1,2,44.09963329377883,55,33.99755529185887,45,43.43426047578731,56.56573952421269,Individual House
Rocky,Agricultural,13.396199049743105,0,1,6983.28140300761,1189.8233040197836,1841.1509458041592,4,1,3,47.4739691536474,55,77.67300158376149,45,55.534139599716966,44.465860400283034,Individual House
Clayey,Residential,44.059529662458836,1,0,12260.883252361164,992.5265343549974,4326.311145659028,3,0,1,60.98511758438529,30,26.56745056256861,45,43.736653795177006,56.263346204822994,Individual House
Red Soil,Industrial,42.2538015344834,0,0,7809.6425351825155,615.793670920074,370.8497439208103,1,0,2,16.853544494795354,20,29.57699744252767,85,37.54298993381029,62.45701006618971,Factory
Clayey,Commercial,6.343478561734827,0,0,1392.5751802752002,755.972888529544,1873.608550961689,0,2,2,67.88630137880007,30,89.42753573044196,85,71.86708941519052,28.13291058480948,Shopping Complex
Rocky,Residential,27.646121717463373,0,1,2841.2602588784102,1450.8051837632902,1677.2170325011814,2,2,3,40.63281022065779,55,53.92313047089438,45,47.20226619495382,52.79773380504618,Individual House
Black Cotton,Agricultural,23.31226358293053,1,0,6519.561696773762,992.4172447625886,4965.785191127677,2,0,3,72.17193410426736,40,61.14622736178245,45,57.79673377693919,42.20326622306081,Individual House
Loamy,Residential,41.81766353395039,1,1,13534.385160794745,1357.4928389584873,4927.744974448127,0,2,2,51.5455841165124,15,30.30389411008268,10,30.366927968300008,69.6330720317,School
Clayey,Residential,16.88746967710064,1,1,2871.786395902143,268.1377552065965,949.0197933319399,3,0,3,60.670263134967854,30,71.85421720483227,10,46.19814639844681,53.80185360155319,Individual House
Rocky,Residential,37.497955763584216,1,0,11652.480216512955,724.8542343677279,3149.7348034916945,1,2,3,44.62551105910394,55,37.50340706069297,45,44.49478063585962,55.50521936414038,Individual House
Red Soil,Agricultural,55.22632789977948,1,1,3277.831545656081,1362.9925047675758,2677.597099554701,4,0,1,46.19341802505513,20,7.956120167034214,10,23.656726350527848,76.34327364947215,Individual House
Rocky,Commercial,48.879130471473424,0,1,5020.691219638248,483.91809216212647,771.8674562036937,3,0,2,18.182480976477933,55,18.534782547544296,45,30.49756397865335,69.50243602134665,Hospital/Clinic
Red Soil,Industrial,55.68017549190917,1,0,4271.582023559493,1451.4962972196313,838.8985305221153,0,2,0,22.857926737465014,20,7.199707513484725,45,24.050201236483936,75.94979876351607,Factory
Clayey,Commercial,58.81782818129795,1,1,2277.3440758453994,145.61623571048617,4946.258642397774,3,2,1,78.55856881204633,30,1.9702863645034085,10,34.988070675342065,65.01192932465793,Shopping Complex
Red Soil,Residential,5.586856985338952,0,0,13755.266530345214,1354.0067554125553,2263.6499681046635,3,2,2,58.60328575366526,20,90.68857169110174,85,67.43329293655827,32.566707063441726,Individual House
Sandy,Agricultural,39.250770200761266,0,1,9804.667400334656,667.818183098788,629.0064600003675,0,1,2,18.767436649817032,25,34.58204966539789,45,30.214115243785432,69.78588475621457,Individual House
Sandy,Commercial,27.706166876739854,0,1,16790.01537704943,110.616247711741,1073.9501936962715,0,1,1,53.91548729203601,25,53.823055205433576,45,47.326184353570994,52.673815646429006,Shopping Complex
Sandy,Residential,52.2919969684317,1,0,2878.9259596640222,1319.282388879131,1341.7403362427483,4,2,3,29.761807482747038,25,12.846671719280494,45,28.62830054878159,71.3716994512184,Individual House
Black Cotton,Industrial,18.849808610502244,0,0,3749.9257334233725,377.9103186136702,2554.5863165930964,0,2,0,80.61292873055423,40,68.5836523158296,85,72.61043813465137,27.389561865348625,Factory
Clayey,Industrial,58.956621901329186,1,0,6822.6968956585615,33.37518824283781,1677.7406475315465,0,2,0,78.81314618072837,30,1.7389634977846953,45,43.7693420377011,56.2306579622989,Factory
Rocky,Industrial,38.7539383249061,0,1,15551.453751837355,203.71065835378843,2275.058929449605,0,2,2,62.08887591754617,55,35.410102791823164,45,50.08363226909695,49.91636773090305,Factory
Rocky,Residential,48.6445571225857,1,1,6809.4176399582775,988.6721128496424,832.4977555068136,2,0,2,18.488815829489845,55,18.925738129023827,10,21.9525200725774,78.0474799274226,Apartment
Black Cotton,Agricultural,9.707975405252258,1,0,8759.955442475159,1466.7172337072923,1633.643452937531,0,1,0,68.24587520743756,40,83.82004099124623,45,62.091066570414704,37.908933429585296,Individual House
Red Soil,Commercial,15.090183661737576,1,0,6730.467759646127,167.19320937527522,351.58296358877016,0,2,2,43.227520793824496,20,74.84969389710405,45,48.09205575211458,51.90794424788542,Shopping Complex
Black Cotton,Industrial,46.71220201688118,1,0,2524.2615442195693,692.9220721871429,4448.551367379244,0,1,0,66.3219494957797,40,22.146329971864702,45,45.999264816489074,54.000735183510926,Factory
Red Soil,Residential,6.209258712162798,0,1,18849.23883502756,270.9548264212988,993.7623858428913,4,1,3,52.065643453539195,20,89.65123547972867,45,54.88578407867088,45.11421592132912,Individual House
Red Soil,Residential,49.92828922415806,0,1,11422.240849352587,1117.554801152388,3784.500677143694,3,0,0,47.51792769396049,20,16.786184626403227,45,35.077820849486976,64.92217915051302,Individual House
Loamy,Commercial,5.76719602805513,1,0,15968.830575524438,177.08834964272125,1747.75894101673,0,2,0,74.88807883475754,15,90.38800661990811,45,62.307829247142166,37.692170752857834,Shopping Complex
Rocky,Industrial,41.14153614837004,0,0,13508.784751520625,359.76262272133437,2371.9865946989667,0,1,0,52.128858599627435,55,31.43077308604994,85,55.60279378138209,44.39720621861791,Factory
Sandy,Residential,25.080165612749322,1,0,10770.831302177527,294.6089514736071,1456.3051973061342,4,0,2,51.17952545451893,25,58.19972397875113,45,47.462764903769404,52.537235096230596,Individual House
Red Soil,Commercial,38.63221689955595,0,1,2703.8868765282223,828.7796705504669,3482.2063555368495,3,2,3,50.341945775111014,20,35.61297183407342,45,40.77292397980721,59.22707602019279,Shopping Complex
Loamy,Agricultural,43.28172738440125,0,0,13211.937360135782,1309.7761380009485,4222.732096373537,4,2,1,51.17956815389969,15,27.863787692664587,85,48.37879577703104,51.62120422296896,Individual House
Rocky,Agricultural,23.83613705524673,1,0,3952.0367627998103,766.6353017346279,1431.3509236979405,1,1,1,36.66798421014713,55,60.27310490792212,45,47.40207070053202,52.59792929946798,Individual House
Sandy,Agricultural,10.937934646095956,1,0,8873.280217769256,87.36517915720687,1211.0882183179622,1,0,0,62.24536995540284,25,81.77010892317341,45,57.22840671518435,42.77159328481565,Individual House
Red Soil,Industrial,8.83052272615461,0,1,12953.149726128177,845.0833958952469,3407.2013273194843,1,0,2,57.79236931846135,20,85.28246212307565,45,55.79794479223038,44.20205520776962,Factory
Red Soil,Commercial,37.39148124094013,1,1,15862.351008970345,1196.281498977014,975.7653028386043,0,0,1,30.167435746537052,20,37.68086459843312,10,25.478818660896245,74.52118133910375,Hospital/Clinic
Black Cotton,Commercial,33.63604445537614,0,0,14015.858338463771,198.23429595648406,3199.1988280488613,4,0,1,87.69693112876692,40,43.93992590770643,85,68.92890737199502,31.071092628004976,Hospital/Clinic
Black Cotton,Residential,45.821055501662286,0,1,13759.137052037948,109.06682151688757,472.1403984681777,0,2,0,59.443534802934735,40,23.63157416389619,45,43.9631307220012,56.0368692779988,School
Rocky,Residential,33.035453050216546,0,0,3831.8019743289424,281.7116663363536,3100.685799803436,1,1,0,58.83843675726465,55,44.94091158297242,85,61.32868076078573,38.67131923921427,Individual House
Sandy,Residential,28.234518451698353,1,0,7576.44226136017,1119.1294842324412,2567.0336700521657,3,1,2,48.94137038707541,25,52.94246924716941,45,45.365096947268746,54.634903052731254,Individual House
Red Soil,Commercial,26.894794802992696,1,0,1815.3331805436887,887.5206292980024,569.5285778815418,3,0,1,24.666872856882662,20,55.175341995012175,45,36.67724099866197,63.32275900133803,Shopping Complex
Rocky,Residential,6.45457964287171,0,0,14670.060970352826,810.8919809426234,3245.5181743229987,4,0,0,52.38635508928208,55,89.24236726188049,85,70.14581609671885,29.854183903281154,Individual House
Rocky,Commercial,23.455646093316144,1,1,19099.133645030965,374.2198419476525,2232.7857851703793,3,0,3,55.68289795981181,55,60.907256511139764,10,45.46582841371907,54.53417158628093,Shopping Complex
Clayey,Commercial,58.68110866384718,1,0,6018.09741340244,498.3548928702892,1085.5752540854285,1,1,3,39.13993434352942,30,2.1981522269213514,45,29.99851507696563,70.00148492303437,Shopping Complex
Black Cotton,Agricultural,53.04555669248988,0,0,2666.237474083877,1448.8275194150135,1766.9207785108865,4,2,3,60.07702639709525,40,11.590738845850197,85,51.17464395044588,48.82535604955412,Individual House
Sandy,Residential,23.115793686881972,1,1,10035.831458319419,360.9378400940785,2460.510528194648,4,2,0,58.564781172634795,25,61.47367718853005,10,42.116092707554685,57.883907292445315,Individual House
Red Soil,Agricultural,37.32874727865047,1,0,17277.266239423807,1352.4681348826327,457.77113632191003,1,0,2,19.823235906775583,20,37.785421202249225,45,30.63448786793376,69.36551213206624,Individual House
Rocky,Industrial,51.60132100445217,0,1,11487.509710163815,870.7972566866049,4788.047415641771,1,2,3,41.09966974888696,55,13.997798325913053,45,37.3843339935887,62.6156660064113,Factory
Red Soil,Industrial,29.270088521253776,1,0,1888.7658536121528,184.9446995568717,3327.810781060606,1,2,3,71.58579589627425,20,51.21651913124371,45,52.10915834650691,47.89084165349309,Factory
Clayey,Industrial,5.987682506258302,0,0,19511.172570030976,700.968567232602,512.67490643848,1,1,3,40.756577502205026,30,90.02052915623617,85,62.5199344148308,37.4800655851692,Factory
Sandy,Commercial,9.098075400025204,1,0,16744.348289289414,1422.8230760413137,4114.310921642297,4,0,0,53.7254811499937,25,84.83654099995799,45,55.01305365248729,44.98694634751271,Shopping Complex
Rocky,Commercial,33.07159967417886,1,0,3500.2874639786933,627.8483972060379,1612.774654730727,3,2,0,37.98759317606982,55,44.8806672097019,45,44.01582441404991,55.98417558595009,Shopping Complex
Red Soil,Commercial,58.31916566217331,0,1,18514.157373566668,1295.0798471840435,2983.9976835659195,1,0,0,45.420208584456674,20,2.801390563044478,45,30.847420645320952,69.15257935467905,Hospital/Clinic
Black Cotton,Residential,43.12652482203773,0,0,9563.077483498584,384.64304197756155,1385.7142078978663,2,0,3,61.8540704337942,40,28.122458629937114,85,55.92953930931225,44.07046069068775,Individual House
Clayey,Agricultural,8.900390529121324,1,1,8066.061820923883,856.3832277005595,3667.029724573036,4,2,0,69.77490236771968,30,85.16601578479779,10,52.71271977490133,47.28728022509867,Individual House
Sandy,Commercial,15.414848168552453,0,1,9760.013280016576,1265.7780873029606,3615.0448750005116,0,1,0,52.14628795786189,25,74.30858638574591,45,51.82834738168813,48.17165261831187,Shopping Complex
Clayey,Agricultural,47.42277287692675,0,1,16856.867180547997,1381.0326617545434,2760.2172843620897,3,2,2,60.14430678076831,30,20.96204520512208,45,42.04101867454943,57.95898132545057,Individual House
Black Cotton,Agricultural,51.27918679759346,1,0,13530.11388744893,728.735050726951,1204.6279623578903,4,1,0,49.27276254775944,40,14.534688670677568,45,38.129139059385196,61.870860940614804,Individual House
Sandy,Agricultural,38.973202240372494,0,1,2125.720595594823,959.5321532181435,1268.5190375607274,1,2,1,31.627080191121422,25,35.04466293271251,45,34.830643800070625,65.16935619992938,Individual House
Clayey,Residential,40.44327432963991,1,1,19194.483051207248,4.470196173496421,1914.3139834747146,2,0,0,89.90724931667454,30,32.59454278393348,10,46.616172956819454,53.383827043180546,Individual House
Loamy,Residential,6.558559771086156,1,1,3807.8985360880374,379.8349612700844,725.0608369814265,0,1,0,42.07147912065193,15,89.06906704818974,10,41.742284454275605,58.257715545724395,Apartment
Black Cotton,Industrial,50.56916427698297,0,0,15165.791082971671,418.0681556204187,1688.278565954618,3,1,1,64.03919091262149,40,15.718059538361715,85,53.59323170400795,46.40676829599205,Factory
Black Cotton,Industrial,48.35513644939563,1,0,13086.594078134489,140.2395174816462,3421.7730062415626,1,0,1,87.49684483875232,40,19.40810591767395,45,52.7259221729818,47.2740778270182,Factory
Black Cotton,Agricultural,19.246932925684092,0,1,4563.032910984656,419.542520035465,4154.226400297106,4,2,0,78.01571556645109,40,67.92177845719317,45,61.53594506255617,38.46405493744383,Individual House
Loamy,Industrial,43.977219598102884,1,1,4243.9094461479435,481.6830495872087,1662.911452466807,4,1,2,45.3629411745779,15,26.70463400316187,10,27.30318791189273,72.69681208810727,Factory
Loamy,Agricultural,16.817003353374893,0,0,17536.22428038915,1453.14905935229,1167.9512912718199,3,2,3,41.15477498709267,15,71.97166107770852,85,55.89708651490956,44.10291348509044,Individual House
Red Soil,Residential,7.218158857833215,0,1,8974.203546492347,1002.9035708412565,4163.212891675672,2,2,1,58.1954602855417,20,87.96973523694464,45,56.61084490917575,43.38915509082425,Individual House
Rocky,Residential,16.06250984247075,1,1,13436.953769308631,639.0076191245164,4453.520136929606,1,2,2,49.98437253938231,55,73.22915026254876,10,46.551817954421,53.448182045579,Apartment
Clayey,Residential,14.824588221486472,0,1,10577.349073276791,1482.0816910432638,2050.1076165603217,3,0,0,68.29385294462838,30,75.2923529641892,45,58.475936771667236,41.524063228332764,Individual House
Red Soil,Commercial,23.576139820416596,0,0,14819.71682444323,229.8484803519168,134.52076924816924,3,2,0,33.00547160874423,20,60.706433632639005,85,50.97852347122023,49.02147652877977,Shopping Complex
Clayey,Agricultural,28.014722344650195,0,1,10105.60512574728,714.0767908957268,3474.8081044707596,4,0,1,64.99631941383745,30,53.30879609224967,45,51.82591081790552,48.17408918209448,Individual House
Rocky,Residential,32.969639032373934,1,1,6460.2183898558,970.5933105735741,3920.1661809156476,3,1,1,45.75759024190651,55,45.0506016127101,10,38.027806987844805,61.972193012155195,Apartment
Loamy,Agricultural,31.221463152958048,1,0,7904.284048933432,83.37095172611552,90.12126582220115,0,2,2,40.99480242463758,15,47.964228078403245,45,39.83923786822396,60.16076213177604,Individual House
Rocky,Industrial,19.887103328090916,0,1,17322.47619455651,1075.4982871246782,2975.154266707566,0,1,0,49.02822416797727,55,66.85482778651514,45,53.373585405420826,46.626414594579174,Factory
Loamy,Industrial,6.604386771574095,0,0,9892.659165531813,149.80102938298484,2941.843791220875,1,2,1,81.3608415441274,15,88.99268871404317,85,74.22446671895538,25.775533281044616,Factory
Rocky,Residential,38.280589223043286,1,0,5055.537312647576,210.4234628995154,1893.5395437395703,3,1,1,59.67523579505967,55,36.19901796159453,45,49.43608701866952,50.56391298133048,Individual House
Red Soil,Agricultural,26.76596564160449,1,0,18757.50237346781,239.5342686931261,3748.8366292541887,4,0,3,68.9364524680113,20,55.39005726399252,45,52.22527267980208,47.77472732019792,Individual House
Sandy,Residential,21.426968656315236,1,1,16135.408673469163,1393.3347399832767,2140.895190571803,1,1,1,50.64325783592119,25,64.28838557280795,10,40.047236635774404,59.952763364225596,Individual House
Red Soil,Industrial,52.68175735567818,0,1,2057.656775067783,1024.8533177072516,3383.8797589568203,2,1,2,46.82956066108046,20,12.197071073869708,45,33.68961399984559,66.31038600015441,Factory
Clayey,Residential,46.070881928898785,1,1,19979.91627762984,983.1412516546561,2585.58652317576,4,2,0,60.482279517775304,30,23.215196785168686,10,33.97259702751353,66.02740297248647,Individual House
Red Soil,Agricultural,52.177105160484324,0,1,14203.607232361943,833.2402446974882,1242.3230235142196,2,2,1,31.80218418016331,20,13.038158065859463,45,28.640303979522024,71.35969602047797,Individual House
Black Cotton,Industrial,32.224053709185355,1,1,4045.065381771152,439.20899804265423,3032.5043150506585,1,2,3,73.59144669014441,40,46.29324381802441,10,45.83031729605665,54.16968270394335,Factory
Clayey,Commercial,12.201218866972761,0,1,5506.185944673332,931.3345568990271,3684.5424742292084,0,2,1,68.94969528325682,30,79.66463522171206,45,59.7985521545679,40.2014478454321,Shopping Complex
Rocky,Industrial,43.29217898666998,1,1,14156.464143589392,615.2245798329596,4869.528367185018,4,0,1,43.17695525333251,55,27.846368355550027,10,32.82352642755389,67.17647357244611,Factory
Clayey,Commercial,16.33405789654464,0,1,15815.460050303318,218.12422513892233,1900.5447340120675,4,1,0,82.83992669776984,30,72.77657017242561,45,62.93811688732585,37.06188311267415,Shopping Complex
Sandy,Residential,29.267631800044423,1,0,5541.6829198463165,1034.3959354915996,322.36272333175555,1,1,3,15.130346516624005,25,51.22061366659263,45,33.10077469746656,66.89922530253344,Individual House
Loamy,Residential,8.575043392188867,1,1,5882.408224086145,194.37325189488408,4939.856106106759,4,0,2,78.19384403825974,15,85.70826101301856,10,53.54491066664555,46.45508933335445,Individual House
Rocky,Agricultural,50.39196213326403,0,1,6835.293202569156,286.00287153175987,3119.033297127681,4,1,2,54.2418371747784,55,16.013396444559945,45,42.48799212231242,57.51200787768758,Individual House
Clayey,Commercial,11.926735257612531,1,0,12362.348931896098,1226.5489677714088,4732.252290803846,1,2,0,69.01831618559686,30,80.12210790397911,45,59.93693764095367,40.06306235904633,Shopping Complex
Rocky,Residential,54.67036288771203,1,1,4264.507387724261,990.175644187731,519.1354300555967,3,2,2,10.715117879183927,55,8.882728520479944,10,16.72097338783436,83.27902661216564,Apartment
Rocky,Commercial,52.53268312438564,1,0,2980.6207788107727,946.4867313204636,1710.1691993522884,1,2,2,35.07021320594936,55,12.44552812602393,45,34.88595665358826,65.11404334641173,Shopping Complex
Rocky,Residential,30.552052044158533,1,1,13898.417692624756,627.3041765140861,669.6834943636215,4,1,1,19.7556568762328,55,49.079913259735775,10,29.934458221615422,70.06554177838458,Apartment
Loamy,Industrial,45.94025123671948,0,1,15802.860856070232,594.4207773590567,4177.550772910297,1,0,2,50.51493719082013,15,23.43291460546753,45,37.03845666815393,62.96154333184607,Factory
Red Soil,Residential,39.06947905999843,0,0,10517.658683913603,1035.3939137781017,4401.71370714658,4,0,3,50.23263023500039,20,34.884201566669276,85,50.55247097391745,49.44752902608255,Individual House
Rocky,Agricultural,49.16916032857597,1,0,7912.821495099322,1110.0083079135686,2506.558499375102,2,1,1,41.70770991785601,55,18.05139945237339,45,38.61054833434295,61.38945166565705,Individual House
Black Cotton,Industrial,28.74928054322516,0,1,9208.811557003051,765.3198035464659,933.0310883101522,2,0,2,49.473301630396755,40,52.08453242795807,45,47.58678867762838,52.41321132237162,Factory
Sandy,Agricultural,48.219466633439254,0,0,8379.748843567086,1453.9038665227893,635.5948451985427,0,0,3,16.65703024561104,25,19.63422227760124,85,35.738516155364174,64.26148384463582,Individual House
Loamy,Industrial,30.435124938583137,0,1,19239.713256515828,1433.549338378308,2940.820550401034,1,2,1,54.39121876535422,15,49.274791769028106,45,44.855624510131,55.144375489869,Factory
Clayey,Commercial,56.75311833135366,0,1,15593.708199163664,618.6442350191379,2531.881622926503,1,1,3,57.81172041716158,30,5.411469447743897,45,37.33696950794253,62.66303049205747,Shopping Complex
Loamy,Agricultural,31.75046554538312,0,1,4953.657082152095,1230.9333814247304,3473.9455118383376,2,0,0,54.06238361365422,15,47.08255742436147,45,44.19247362086934,55.80752637913066,Individual House
Clayey,Residential,30.444059956355126,1,1,8299.593889025622,814.901762397623,1526.036313099956,2,1,0,54.90971127291034,30,49.25990007274146,10,38.53337396370398,61.46662603629602,Individual House
Loamy,Commercial,48.1789523859932,0,1,11336.233535899086,767.6338313357618,2011.8399751218114,2,2,2,49.9552619035017,15,19.70174602334467,45,35.90977817206176,64.09022182793824,Shopping Complex
Clayey,Residential,50.186773046846085,1,1,12646.73137921008,82.44609206797776,106.80536925578687,0,2,3,46.642648599325554,30,16.355378255256525,10,27.413771573578074,72.58622842642193,School
Rocky,Industrial,35.49690128766439,0,0,9895.494024546575,860.9620657024652,3050.715225377645,0,0,1,45.1257746780839,55,40.838497853892676,85,55.503645600802535,44.496354399197465,Factory
Red Soil,Industrial,14.888879742229147,1,0,16392.406065227224,1350.866895844747,2115.717606732389,3,1,3,56.27778006444271,20,75.18520042961809,45,52.74352312995947,47.25647687004053,Factory
Clayey,Residential,30.726702702666874,1,0,15584.514369706403,1170.200773792638,4598.823169067239,1,1,3,64.31832432433328,30,48.78882882888854,45,50.45862072073878,49.54137927926122,Individual House
Clayey,Residential,58.24398766003231,1,1,10598.000453935168,1179.475717048893,3208.9314885240246,0,2,0,57.439003084991924,30,2.9266872332794804,10,27.835322888067044,72.16467711193296,School
Black Cotton,Commercial,46.41424061715518,0,0,17234.158348852878,239.89355786450884,1993.472457248469,4,2,0,81.87227551881006,40,22.642932304741365,85,61.56602950776886,38.43397049223114,Shopping Complex
Clayey,Residential,49.61394321335227,0,1,15270.701078405333,537.6741707003455,1317.9459043667518,1,2,2,45.95543228399697,30,17.31009464441287,45,36.161924960502155,63.838075039497845,Individual House
Black Cotton,Agricultural,6.805402435058207,1,0,15793.055125692223,349.8073749753537,4526.424713038194,3,0,3,85.31020689271422,40,88.65766260823632,45,69.27298806450905,30.72701193549095,Individual House
Sandy,Agricultural,30.732270444878793,1,1,19171.614809234914,473.8729236834539,81.32537058721634,2,1,3,11.511064379517393,25,48.77954925853535,10,22.473759847464926,77.52624015253508,Individual House
Rocky,Residential,40.56416235116554,0,1,6062.87188297485,869.3090152405881,1634.562336261961,3,0,1,36.55020613744783,55,32.39306274805743,45,40.3908378351211,59.6091621648789,Individual House
Black Cotton,Agricultural,50.65179759954411,0,1,6085.315084970134,547.1757200553718,4717.5279189401745,1,1,1,65.33705060011397,40,15.580337334093159,45,44.01305204356318,55.98694795643682,Individual House
Red Soil,Residential,7.710050947052431,1,1,17890.09285812216,841.046726196399,3270.1650349078704,2,2,0,58.072487263236894,20,87.14991508824595,10,47.6128493141944,52.3871506858056,Individual House
Rocky,Commercial,51.88413871030302,0,1,15672.30109432791,657.7518724118655,2663.5953564164956,3,0,3,41.02896532242424,55,13.526435482828305,45,37.24174673355556,62.75825326644444,Hospital/Clinic
Black Cotton,Agricultural,35.16205152080514,0,0,18604.36528727692,429.92333767459144,1017.6735896021372,3,0,2,53.76755865136597,40,41.3965807986581,85,56.41779072764261,43.58220927235739,Individual House
Rocky,Agricultural,15.852268381683295,0,1,2199.473046164608,143.10515130773794,4166.873871271936,1,0,0,71.45062382611489,55,73.5795526971945,45,62.90260651343884,37.09739348656116,Individual House
Rocky,Residential,22.4490369047335,0,0,12927.384467970334,1337.757686017174,1020.9953129638805,0,2,3,28.807647033094234,55,62.58493849211083,85,55.22891108461069,44.77108891538931,School
Rocky,Agricultural,20.506125346335843,0,1,3747.9384243455015,17.060049006973,1241.2676576062497,4,0,0,62.67521887512266,55,65.82312442277359,45,57.89210771198633,42.10789228801367,Individual House
Sandy,Industrial,34.197246885866164,0,1,10574.04676755907,2.478732212956747,959.2557143592761,3,0,2,56.48707863294159,25,43.0045885235564,45,45.52162465241865,54.47837534758135,Factory
Red Soil,Commercial,7.84271239511225,1,1,3959.1917052154404,1240.1966096453189,790.7473028476097,4,2,3,33.854267958174134,20,86.92881267481292,10,39.081196954064175,60.918803045935825,Shopping Complex
Loamy,Commercial,13.719488717495794,1,0,3433.4916707127063,1495.216410488685,4766.562479894014,1,1,2,58.570127820626055,15,77.13418547084034,45,53.2830911049292,46.7169088950708,Shopping Complex
Loamy,Agricultural,49.698117385668034,1,1,1231.1985622586299,1090.6542415704844,3010.1579807065423,1,0,3,49.57547065358299,15,17.169804357219945,10,26.39386581805903,73.60613418194097,Individual House
Black Cotton,Agricultural,12.293219491074609,1,0,12974.537435275182,22.910757094327106,3189.18566005047,0,2,3,100.0,40,79.51130084820899,45,72.12782521205224,27.872174787947756,Individual House
Rocky,Industrial,17.836794820196985,1,1,7821.429717111635,340.03534000277,4771.627328393917,2,0,2,59.13868089478456,55,70.27200863300502,10,49.01654047142585,50.98345952857415,Factory
Black Cotton,Industrial,29.93538330822865,1,0,2998.5774127004624,1457.734050392942,1152.8752756278132,4,0,1,53.573659685499095,40,50.10769448628558,45,48.527704511496076,51.472295488503924,Factory
Sandy,Agricultural,33.44164884623318,0,0,7133.917776894887,1212.9063782607523,29.58769298846031,3,1,2,8.231341648210911,25,44.26391858961137,85,38.946949224276665,61.053050775723335,Individual House
Sandy,Agricultural,46.99857637877872,0,0,4209.937737580114,850.1997657070666,2994.418247851456,2,2,2,44.25035590530532,25,21.66903936870213,85,45.90488440903239,54.09511559096761,Individual House
Clayey,Industrial,29.603283466640328,1,1,18892.20179853153,355.29106416053844,2539.224266120793,4,1,0,73.28171528370761,30,50.66119422226612,10,45.31389890486419,54.68610109513581,Factory
Sandy,Residential,48.442554156954635,1,1,7080.092829465614,21.55530889012347,2388.25188699147,4,1,2,72.59604292735392,25,19.262409738408934,10,36.4742174591761,63.5257825408239,Individual House
Clayey,Industrial,39.00904688750016,1,0,7345.116942498407,31.29220895611351,309.40105623099566,2,2,2,56.55822686537806,30,34.9849218541664,45,44.29160986642392,55.70839013357608,Factory
Red Soil,Residential,11.220485668310236,0,1,16957.302064592128,917.9712952953399,2272.1743328739226,2,1,0,57.19487858292244,20,81.29919055281627,45,54.59300514222692,45.40699485777308,Individual House
Black Cotton,Commercial,13.598229111606122,0,1,13307.35946443408,32.74781452863468,1437.7978254534946,0,0,1,91.39153035945027,40,77.3362848139898,45,68.57110682930505,31.42889317069495,Shopping Complex
Red Soil,Commercial,29.036854899737396,0,1,14493.260540657026,1490.4452128880591,1372.8233861215656,3,2,2,40.197253997496965,20,51.60524183377101,45,41.22034935756669,58.77965064243331,Shopping Complex
Sandy,Industrial,26.82891661989718,0,0,13084.03427579025,275.07575024060714,1111.907900895464,3,2,0,45.02638384849856,25,55.28513896683804,85,54.58051908868401,45.41948091131599,Factory
Red Soil,Residential,45.894934830051206,1,0,18977.729395022743,1066.061042803916,1662.6417987728537,3,0,1,41.779102267944275,20,23.508441949914655,45,34.74979628125916,65.25020371874083,Individual House
Red Soil,Industrial,36.94054268885435,1,1,4933.015799602857,232.58958211862014,1765.665375717062,2,0,1,62.12279691501044,20,38.432428851909414,10,36.85108613323101,63.14891386676899,Factory
Red Soil,Industrial,26.34731945512371,1,0,19791.74559336012,810.1401316465718,1543.8788818099874,0,0,2,44.29074777241882,20,56.08780090812715,45,43.773711947378374,56.226288052621626,Factory
Sandy,Residential,14.391815589771209,1,1,16788.16737357375,120.91693269932635,4893.763578597544,1,1,1,75.14703014059761,25,76.01364068371466,10,51.55487072013783,48.44512927986217,Individual House
Rocky,Industrial,17.476040627902233,0,1,12190.4791886505,1150.1676367998648,4663.6554275474355,0,1,2,49.630989843024444,55,70.87326562016295,45,54.58916285009929,45.41083714990071,Factory
Red Soil,Commercial,36.65255601579824,0,0,13585.06086352873,877.3816420872445,2872.550497624311,2,1,1,50.83686099605044,20,38.91240664033627,85,51.771003008701726,48.228996991298274,Shopping Complex
Clayey,Agricultural,28.289134269488585,1,0,13327.691653511667,129.25004010212254,4905.274192051549,0,1,1,87.1727140265005,30,52.85144288418569,45,59.47331063032159,40.52668936967841,Individual House
Sandy,Agricultural,33.321012987336964,0,1,2109.528257123924,1272.8792838000084,4955.990051595951,2,1,1,47.66974675316576,25,44.46497835443839,45,42.80065595221761,57.19934404778239,Individual House
Red Soil,Industrial,14.387258941622852,0,1,5142.313472106834,820.527922165053,1779.6985500865126,4,1,2,51.99715626632454,20,76.02123509729525,45,51.4543134675374,48.5456865324626,Factory
Rocky,Residential,41.45984387895112,0,1,19267.946805970234,1382.388465019977,2225.9377286987224,4,2,1,43.63503903026222,55,30.900260201748125,45,42.49732871102881,57.50267128897119,Individual House
Sandy,Residential,51.889630747078186,0,0,11152.924148328206,1374.935060517169,4795.308884923328,1,2,3,43.02759231323046,25,13.517282088203018,85,43.43897783168141,56.56102216831859,Individual House
Loamy,Commercial,19.186672873279534,1,0,8188.718461976328,1380.7616842298737,3043.1309964934326,4,2,0,57.20333178168012,15,68.02221187786745,45,50.52671909305491,49.47328090694509,Shopping Complex
Rocky,Residential,32.03328242075046,0,1,15478.730804392424,116.67780030070196,1064.6454141863626,1,2,0,50.283919660497524,55,46.611195965415895,45,48.752170872528104,51.247829127471896,Individual House
Clayey,Residential,58.654003096149594,1,1,10965.859910460382,181.43664263178516,3446.903341682502,3,2,3,76.45030066805549,30,2.2433281730840093,10,34.318437277090425,65.68156272290958,Individual House
Red Soil,Commercial,23.32829573029002,0,0,1250.0926572060541,1481.5587145742968,1028.7309102304375,2,2,1,34.74254427203625,20,61.1195071161833,85,51.689767274258514,48.310232725741486,Shopping Complex
Loamy,Industrial,37.727548970806865,0,1,14988.51433758724,731.4012320980589,1696.788718359229,3,1,3,46.50388712448286,15,37.12075171532189,45,39.05654842239947,60.94345157760053,Factory
Loamy,Agricultural,9.96076351101344,1,0,14912.133641004364,357.3210792437215,1137.8008154767576,3,2,2,50.8265606771585,15,83.39872748164427,45,52.13897810741654,47.86102189258346,Individual House
Sandy,Commercial,38.33082513636938,1,0,4137.825530089513,1154.496732747987,1224.9010796692112,1,0,0,30.915315309291877,25,36.115291439384364,45,34.84918321809825,65.15081678190175,Hospital/Clinic
Loamy,Industrial,9.929747531753986,0,1,19176.541680060054,396.427831818723,23.27790783391126,2,2,1,26.19745136461635,15,83.45042078041003,45,43.53171317271823,56.46828682728177,Factory
Clayey,Commercial,57.75794894281021,0,1,5254.254499281173,1090.8235320279634,4403.5441609972595,1,0,0,57.56051276429745,30,3.736751761982987,45,36.83036740799985,63.16963259200015,Hospital/Clinic
Clayey,Industrial,44.361445863977124,1,0,9697.237980261787,1255.9286667746417,1479.952476378969,0,0,3,50.508688061585104,30,26.064256893371464,45,39.944105044897654,60.055894955102346,Factory
Black Cotton,Commercial,48.34878834746385,0,1,3179.9832639573788,1176.3950659429208,431.87189761397235,3,2,3,34.550240865413485,40,19.418686087560246,45,34.19725582478478,65.80274417521522,Shopping Complex
Clayey,Industrial,43.72573984244003,0,0,12462.36406956118,411.0717122969031,434.9370284054427,2,1,0,35.10300286968466,30,27.123766929266623,85,44.81699273670628,55.18300726329372,Factory
Rocky,Commercial,37.435096984205614,1,0,8133.571281087037,602.4278611188556,2780.091382304761,3,1,0,44.641225753948596,55,37.608171692990645,45,44.52647193712967,55.47352806287033,Shopping Complex
Loamy,Industrial,29.745202959702794,0,0,7710.295781984404,619.8765048499146,4964.602752669685,0,0,0,54.5636992600743,15,50.42466173382867,85,55.20346017448317,44.79653982551683,Factory
Clayey,Commercial,52.21053588685843,0,1,16712.560667198,736.9093771567077,725.1123363509582,0,1,0,33.44961275530456,30,12.98244018856927,45,30.702974511498912,69.29702548850109,Shopping Complex
Sandy,Agricultural,57.62596171486847,0,1,1181.6725441590866,251.05927731020407,498.1089047482973,2,0,3,26.492131027636585,25,3.956730475219217,45,25.261428478477608,74.73857152152239,Individual House
Black Cotton,Agricultural,32.446989509724474,0,1,16160.988646956028,678.7050756215136,2191.519402010453,2,1,1,69.88825262256888,40,45.92168415045921,45,53.19130945551391,46.80869054448609,Individual House
Loamy,Residential,56.23442770353941,0,0,11857.522749213495,766.1744857732195,2816.656269203977,0,1,0,47.94139307411515,15,6.275953827434321,85,41.848476032798885,58.151523967201115,School
Black Cotton,Industrial,37.083310049368464,1,0,19735.871756123783,797.5634948715787,1471.9017943897022,3,1,1,58.16720837545193,40,38.19448325105256,45,47.157143744171314,52.842856255828686,Factory
Loamy,Commercial,34.61113027930382,0,0,12199.421191480731,1229.8506449766874,1512.610462569332,4,1,0,43.599426681560686,15,42.31478286782696,85,49.33849505550298,50.66150494449702,Shopping Complex
Sandy,Industrial,29.996550312544617,1,0,2052.2035488112006,776.0017477192428,2122.3825092447473,3,2,2,48.50086242186384,25,50.0057494790923,45,44.47673921742542,55.52326078257458,Factory
Black Cotton,Agricultural,16.510826884156593,1,1,1962.2612024308,346.17588377051277,1570.72807575303,4,2,1,74.51630176779068,40,72.48195519307234,10,52.701194416994824,47.298805583005176,Individual House
Red Soil,Industrial,5.204581344993255,0,1,17779.906741064806,994.6931073662807,4576.657917842584,1,2,2,58.69885466375169,20,91.32569775834457,45,57.62602357189923,42.37397642810077,Factory
Rocky,Commercial,18.28284247708337,1,1,16983.06876471001,1195.9712161299378,209.7728564531448,2,0,3,13.624746509792054,55,69.52859587152771,10,32.90081024630915,67.09918975369085,Shopping Complex
Rocky,Industrial,33.03477443819608,0,0,7571.911436058442,479.0574996573926,1172.850799351373,0,2,2,30.454872398034883,55,44.94204260300653,85,51.394715990063844,48.605284009936156,Factory
Loamy,Commercial,25.89779737428639,1,0,12742.617199441607,967.9588935264078,4042.7639811371064,1,2,3,55.5255506564284,15,56.83700437618935,45,47.143193823797276,52.856806176202724,Shopping Complex
Red Soil,Agricultural,29.66668754014486,1,1,10302.235784056405,220.40699391901896,4169.790623324784,3,2,0,69.35890847982265,20,50.55552076642523,10,42.41449815954424,57.58550184045576,Individual House
Black Cotton,Agricultural,58.93565207602273,1,0,19376.11704758499,512.8894568670961,557.7753948210056,4,1,3,34.42159487741443,40,1.7739132066287908,45,29.741036508752245,70.25896349124775,Individual House
Red Soil,Agricultural,24.26498038681302,0,1,19049.257116660938,1363.8358943244511,4868.817250063584,2,1,0,53.933754903296744,20,59.5583660219783,45,48.01640572164844,51.98359427835156,Individual House
Red Soil,Residential,29.870061664805934,1,0,19692.941162274717,1366.9622447438562,3466.7742494955446,4,1,0,52.532484583798514,20,50.216563891990106,45,45.190510577327004,54.809489422672996,Individual House
Black Cotton,Agricultural,12.343355324405076,1,0,17462.52683205102,862.9868681145955,1362.965279917978,3,1,0,62.17346676725829,40,79.42774112599155,45,58.86764865003829,41.13235134996171,Individual House
Sandy,Industrial,7.63767528403432,1,0,18281.480224726925,1053.52719129766,2280.1893240722725,3,1,3,54.09058117899142,25,87.27054119327613,45,55.74933871096603,44.25066128903397,Factory
Red Soil,Residential,47.6475233025872,0,0,5128.2967965755915,1281.0231228089121,1485.693097839836,0,2,0,37.801981131149915,20,20.587461162354657,85,42.627558686491135,57.372441313508865,School
Red Soil,Agricultural,36.38757462895882,0,0,16789.128990805715,1437.82977796894,750.1112492720969,1,2,2,25.90533132820223,20,39.35404228506862,85,43.155376536137936,56.844623463862064,Individual House
Sandy,Industrial,46.83876433241423,1,1,14468.28515088122,734.8296604346542,1455.8903237445759,2,1,2,33.408115391787966,25,21.93539277930961,10,23.42668858195319,76.57331141804681,Factory
Red Soil,Industrial,13.24245393876034,1,1,19292.943667733332,842.3636049390515,2900.459687448092,0,1,0,56.68938651530991,20,77.92924343539943,10,44.82359613920833,55.17640386079167,Factory
Red Soil,Industrial,36.450582415048004,1,1,11853.974740409769,623.4623499717454,4129.848474177344,4,2,0,50.887354396237996,20,39.24902930825333,10,33.12283136574663,66.87716863425337,Factory
Red Soil,Commercial,18.950336088775657,1,0,2618.176167500571,107.97290558464312,1817.645374447886,1,2,1,75.13694913168521,20,68.41610651870724,45,57.651958825766634,42.348041174233366,Shopping Complex
Rocky,Residential,17.543399929501096,0,1,12350.578932555905,634.2052086732276,1739.5077027392085,2,1,3,44.40430407240889,55,70.76100011749817,45,52.731756454717654,47.268243545282346,Individual House
Clayey,Industrial,5.633930772914189,0,1,14045.037632404468,1185.9410090746157,2340.0035054066134,4,0,1,70.59151730677145,30,90.61011537847635,45,63.109559901989094,36.890440098010906,Factory
Sandy,Commercial,12.168739796298954,0,0,5186.099545536138,1207.328246987293,3222.7779998217316,2,1,2,52.95781505092526,25,79.7187670061684,85,63.464927019365945,36.535072980634055,Shopping Complex
Red Soil,Agricultural,22.009746132483244,1,0,8488.15428674184,1338.5656718899495,3758.0813121615465,2,2,3,54.497563466879186,20,63.317089779194596,45,49.15341965820636,50.84658034179364,Individual House
Rocky,Industrial,11.428331832501648,0,1,12371.564866981918,77.20005776395361,1633.9975239973692,1,0,2,69.19086405598476,55,80.95278027916392,45,63.95499748938565,36.04500251061435,Factory
Sandy,Commercial,59.222214222601565,1,1,8108.0090090136055,790.7318843709509,2931.762339125695,4,1,3,41.19444644434961,25,1.2963096289973919,10,20.99213366277171,79.0078663372283,Shopping Complex
Loamy,Industrial,21.974795668817286,1,1,8124.006627534614,161.1367319056144,1946.8042064044123,0,2,3,75.77418129654706,15,63.375340551971185,10,47.114798591784265,52.885201408215735,Factory
Loamy,Residential,12.16781706862805,1,1,3528.6461442831505,301.11327474861497,3581.9992518169297,0,2,3,70.89124924792608,15,79.72030488561992,10,49.49201345817911,50.50798654182089,Individual House
Red Soil,Residential,15.949527205537676,0,1,18874.187738475655,1350.3247535709097,823.3746025851041,0,2,2,32.480110250317665,20,73.4174546574372,45,43.97240225197048,56.02759774802952,Individual House
Rocky,Agricultural,37.323677558781206,1,0,15259.393305406835,745.1868876445437,1284.6243252564805,2,1,0,30.361567115434305,55,37.793870735364656,45,39.575016174243174,60.424983825756826,Individual House
Rocky,Industrial,8.522393812563369,0,1,1023.6253384559382,1137.8173813449205,2130.302099213749,3,1,2,51.86940154685916,55,85.79601031239439,45,59.1032931194993,40.8967068805007,Factory
Sandy,Commercial,52.43387715776363,1,1,15546.65239642114,96.57615889302123,4447.073949606838,1,0,3,67.09696117697783,25,12.610204737060613,10,32.88648759620739,67.11351240379261,Hospital/Clinic
Sandy,Agricultural,57.8824823580431,0,1,15056.104860499316,625.239755887278,2866.628946753451,0,2,2,41.52937941048923,25,3.5291960699281617,45,30.41758181115327,69.58241818884673,Individual House
Rocky,Industrial,18.57110813670595,1,1,1184.888242954937,1011.3604209965066,4826.980594907058,1,2,2,49.35722296582351,55,69.04815310549009,10,45.28706631441075,54.71293368558925,Factory
Sandy,Agricultural,29.755239772497266,0,1,8022.481654661527,200.10972191731997,516.3884264054192,2,0,1,36.882375269944866,25,50.40793371250455,45,40.51081477260684,59.48918522739316,Individual House
Rocky,Commercial,6.217394806622339,1,1,12528.206116185083,488.72681865852473,2300.877068254674,1,1,3,53.12204217883293,55,89.6376753222961,10,51.75213359316555,48.24786640683445,Shopping Complex
Clayey,Agricultural,40.239062359997185,0,0,9602.262385302682,96.82170753582486,2095.392650226921,0,2,2,86.1309319578512,30,32.93489606667136,85,64.12955020191576,35.87044979808424,Individual House
Rocky,Agricultural,27.765933192892387,1,0,15781.736255689639,977.0099113042656,3001.030882029842,0,0,3,47.0585167017769,55,53.72344467851269,45,49.40134201525009,50.59865798474991,Individual House
Loamy,Agricultural,19.853215635585563,1,0,9083.708320054246,1456.3368885871778,4059.8230435378914,2,2,2,57.03669609110361,15,66.91130727402407,45,50.190670450392275,49.809329549607725,Individual House
Sandy,Industrial,16.376041083913467,1,1,3923.396419622904,1240.5682367142444,4207.240127915301,2,1,1,51.905989729021634,25,72.70659819347756,10,42.59374595352696,57.40625404647304,Factory
Rocky,Commercial,40.971269271231826,0,1,19551.896861202742,1461.9346752113483,3350.9730435275414,4,1,2,43.757182682192045,55,31.714551214613635,45,42.743651742420624,57.256348257579376,Shopping Complex
Rocky,Residential,27.891936706777294,1,0,5598.759862744885,1268.4071926475947,3207.681821227768,2,0,0,47.027015823305675,55,53.51343882203785,45,49.33781524366645,50.66218475633355,Individual House
Sandy,Industrial,14.881260896645161,1,1,14636.153900285313,1282.793709295468,4745.147710224038,3,0,3,52.27968477583871,25,75.1978985055914,10,43.3473642979414,56.6526357020586,Factory
Clayey,Residential,42.90099948177532,1,1,3719.969921617367,865.7657930570139,1918.4370081921231,3,2,1,59.64349029339863,30,28.49833419704113,10,34.9998051519498,65.0001948480502,Individual House
Clayey,Residential,36.07897556701815,0,1,7251.2396618947205,777.3784671198149,4163.9165709424415,0,1,2,62.98025610824546,30,39.868374054969756,45,47.76018315162835,52.23981684837165,School
Sandy,Industrial,52.22696302112229,1,0,9398.524560178052,609.3813996417414,4607.518635461471,2,1,1,42.94325924471943,25,12.955061631462854,45,33.26890614351751,66.73109385648249,Factory
Black Cotton,Industrial,11.46117443820711,1,0,4652.408086014215,1227.14234256882,2457.6962213259844,3,0,2,75.13470639044823,40,80.89804260298816,45,63.77165788740392,36.22834211259608,Factory
Sandy,Commercial,48.21166310694509,0,0,9549.231951003581,273.1014184170369,3645.5128930165015,3,0,3,57.56099911824152,25,19.647228155091526,85,50.05815673015741,49.94184326984259,Hospital/Clinic
Sandy,Commercial,42.04342327494925,1,1,3986.09363684325,84.3373737362898,1885.0992833545304,4,2,2,68.13088742417591,25,29.927627875084582,10,37.57771756723271,62.42228243276729,Shopping Complex
Clayey,Agricultural,11.32560152554538,0,0,11621.124240731913,1421.8407340270126,794.3950709770203,2,1,1,45.05650103815406,30,81.12399745742437,85,61.800774727710014,38.199225272289986,Individual House
Clayey,Residential,43.21514014294464,1,0,13610.551797883685,5.667277805215587,2932.5194073621265,4,2,0,90.85617829595091,30,27.974766428425596,45,54.543354010689214,45.456645989310786,Individual House
Sandy,Commercial,29.285100888390673,0,0,2186.2513965322046,1465.2439828137776,982.3582542476595,1,2,1,28.32588986285552,25,51.191498519348876,85,47.71193608183665,52.28806391816335,Shopping Complex
Sandy,Agricultural,56.97416320557137,0,1,17551.510300561193,1093.2800548106486,2287.9956540193452,4,0,0,41.75645919860716,25,5.043061324047713,45,30.875526050524435,69.12447394947557,Individual House
Sandy,Commercial,12.788624283984461,0,0,4517.676815798675,492.74837954674143,4364.396566641666,1,1,0,53.2379411561994,25,78.68562619335923,85,63.304685953009596,36.695314046990404,Shopping Complex
Clayey,Industrial,40.35583649486559,1,0,5281.886081086152,1046.7297646294655,430.09093781840255,1,0,3,30.512859632651654,30,32.74027250855734,45,34.614568998567414,65.38543100143258,Factory
Sandy,Commercial,26.00890250046203,1,1,13565.646961578197,1226.8127357776912,152.14267832324825,2,2,1,12.540627941349458,25,56.65182916589662,10,24.802177070946463,75.19782292905353,Shopping Complex
Sandy,Residential,57.62480688249828,0,0,9906.270148253867,368.04308397965383,3032.389236909438,1,2,2,49.511213240596206,25,3.958655195836201,85,43.31858843316772,56.68141156683228,Individual House
Red Soil,Commercial,23.148619240965207,1,1,10488.516384250248,1156.3435249193728,1655.3066329744754,1,1,0,47.318977849248206,20,61.41896793172465,10,37.416384230168035,62.583615769831965,Shopping Complex
Black Cotton,Residential,57.92022502204901,1,1,3434.944706699521,1206.5544375123602,2089.688534629576,4,1,1,63.51994374448775,40,3.4662916299183166,10,31.598553218050288,68.40144678194972,Individual House
Loamy,Industrial,54.5817218105412,0,0,16308.980615651757,374.03194518801814,2028.5529432916576,2,1,3,55.91265283608361,15,9.03046364909801,85,45.32704440490376,54.67295559509624,Factory
Black Cotton,Residential,19.871077942086096,0,0,12724.03067597999,62.8895315669753,433.10114504781785,2,1,2,67.92088152141632,40,66.88153676318984,85,67.74269272329317,32.257307276706825,Individual House
Red Soil,Commercial,49.194797725453526,0,0,3572.2588228796644,306.1834268371465,17.832163397972778,1,0,2,19.686938226367282,20,18.008670457577452,85,35.64259599362291,64.3574040063771,Shopping Complex
Loamy,Agricultural,59.75823109919283,0,1,8105.987973486324,300.96961333409166,4492.116214321321,4,0,2,59.002265425156295,15,0.402948168011946,45,34.251529940807686,65.74847005919231,Individual House
Sandy,Industrial,18.89646511942053,1,0,16397.788721965575,97.86068126322478,1088.9928045187319,4,0,1,57.184098934726016,25,68.50589146763245,45,52.14090749406222,47.85909250593778,Factory
Red Soil,Commercial,29.02274431278258,1,0,11798.745873745793,1089.0110769827938,2130.3949593214415,4,0,1,52.744313921804356,20,51.6287594786957,45,45.61769974230545,54.38230025769455,Shopping Complex
Sandy,Industrial,33.609940511171786,1,0,3064.3268035256788,569.9623866876123,4859.628983355393,4,2,2,47.59751487220706,25,43.983432481380355,45,42.65498832561756,57.34501167438244,Factory
Clayey,Industrial,21.22121246921254,1,1,8082.763869996447,1326.5792511807874,4133.8129099182615,0,0,3,66.69469688269686,30,64.63131255131243,10,46.500972046772006,53.499027953227994,Factory
Rocky,Commercial,5.839566180531637,1,1,5611.1935706589575,378.256658497779,539.6542763135109,1,0,2,30.63779447127057,55,90.26738969911393,10,44.04007548972318,55.95992451027682,Shopping Complex
Red Soil,Commercial,17.107108430863967,1,1,10831.845519420802,679.848247649891,2542.5951580629285,1,1,2,55.72322289228401,20,71.48815261522672,10,42.875166166106084,57.124833833893916,Shopping Complex
Clayey,Agricultural,20.506528638796716,0,0,17023.8614485678,958.5261433901443,3650.39513247508,1,2,3,66.87336784030082,30,65.82245226867214,85,65.61129181127332,34.38870818872668,Individual House
Red Soil,Industrial,29.397983572500294,1,0,9289.075561283977,1316.197424507667,3491.963924996062,2,0,3,52.650504106874926,20,51.00336071249951,45,45.4285166155311,54.5714833844689,Factory
Red Soil,Industrial,14.410636312737102,1,1,9233.49857699814,786.9316524290622,3804.209262022351,2,2,3,56.397340921815726,20,75.98227281210482,10,44.23463752566171,55.76536247433829,Factory
Clayey,Commercial,53.028989618042,1,0,18201.6671442137,560.2869417185742,2287.2732744401765,4,2,2,58.7427525954895,30,11.618350636596674,45,39.2145510675705,60.7854489324295,Shopping Complex
Loamy,Residential,43.77011230022349,0,0,11947.522837638175,1300.5226177080133,879.6146466514105,2,2,3,28.649764857972336,15,27.049812832960853,85,40.28987090853053,59.71012909146947,Individual House
Black Cotton,Commercial,9.68602626578141,0,1,11757.63066055073,465.36963703141583,2324.3622195968633,3,2,1,77.65631521166969,40,83.85662289036432,45,65.39386604667547,34.60613395332453,Shopping Complex
Sandy,Industrial,40.755084812696225,1,1,5976.287945632398,119.13554944886468,3239.43624586646,1,1,3,68.66309582989406,25,32.07485864550628,10,38.30079820183949,61.69920179816051,Factory
Red Soil,Commercial,40.95110620230912,0,1,12546.7322089054,667.56316126536,3042.96043302584,1,1,2,49.76222344942272,20,31.7481563294848,45,39.60381728966915,60.39618271033085,Shopping Complex
Sandy,Agricultural,57.592164550399524,0,0,11942.298880930532,1177.6399597469879,352.61026894303717,0,2,0,8.654164241260862,25,4.0130590826674535,85,29.032222255108167,70.96777774489183,Individual House
Rocky,Residential,5.166147924588868,1,0,8540.177936495416,46.171247630284626,324.7621704109588,0,2,0,46.433431569254886,55,91.38975345901855,45,58.599139413993846,41.400860586006154,Individual House
Clayey,Commercial,18.636284739319397,1,0,19823.21575208443,878.8233674843881,4826.2891557760595,3,2,1,67.34092881517014,30,68.93952543446767,45,56.55420644392647,43.44579355607353,Shopping Complex
Sandy,Agricultural,56.02853136564235,1,1,17755.928334013646,891.6960727908541,759.0272751988552,0,1,0,17.17341266256652,25,6.619114390596081,10,13.915473029547302,86.0845269704527,Individual House
Clayey,Industrial,56.26736534690557,0,1,15242.139511459496,1392.8126451410724,1472.3123200586097,4,1,0,47.3794050644458,30,6.221057755157375,45,33.88805621134537,66.11194378865463,Factory
Sandy,Commercial,44.63225306538506,0,0,11209.56617984701,429.6972257175327,3838.1724107808272,4,2,0,49.06010319060178,25,25.612911557691575,85,48.57426400613352,51.42573599386648,Shopping Complex
Black Cotton,Industrial,47.1169826576147,1,1,9779.136235997974,418.25491981604426,2048.3853791158745,1,2,1,71.12545914663367,40,21.47169557064217,10,38.76183459398233,61.23816540601767,Factory
Black Cotton,Agricultural,10.031562686130592,0,1,4513.0505092407875,660.7254770095172,907.3242663001635,4,2,0,53.63859465447062,40,83.28072885644902,45,56.843690343176974,43.156309656823026,Individual House
Black Cotton,Industrial,33.26317091280285,0,0,6809.012006277851,535.3723522072728,2336.1619115489075,0,2,2,69.6842072717993,40,44.56138181199525,85,62.779817998128564,37.220182001871436,Factory
Black Cotton,Agricultural,17.737064520894968,0,1,15705.255196640994,1104.5187940339902,2844.7498538168293,3,1,0,73.56573386977625,40,70.43822579850838,45,60.60756330404878,39.39243669595122,Individual House
Black Cotton,Agricultural,14.96699239874895,1,0,9621.230124813477,962.6281156973243,2263.8330463903785,4,0,3,74.25825190031276,40,75.05501266875174,45,62.0041413322974,37.9958586677026,Individual House
Black Cotton,Agricultural,49.56668145178329,1,1,17763.120814820526,1138.3815568593996,4594.730377360545,1,0,0,65.60832963705418,40,17.38886424702784,10,35.81013143472592,64.18986856527408,Individual House
Clayey,Commercial,12.42709751743011,1,0,3810.3115905650466,1230.0626867980336,1423.4964754975215,1,1,0,57.36315513059291,30,79.28817080428315,45,55.649146996778306,44.350853003221694,Shopping Complex
Red Soil,Industrial,30.77584003480119,1,1,10658.594824259093,1384.4716991012215,3306.6608034983547,0,1,2,52.306039991299706,20,48.70693327533135,10,35.983847315787735,64.01615268421227,Factory
Sandy,Industrial,56.62180317723182,1,0,13292.347996404866,646.4050976769714,561.4736070494886,4,0,1,13.074021346681816,25,5.630328037946981,45,20.98348948082538,79.01651051917462,Factory
Black Cotton,Residential,15.22076305609384,0,1,10820.120669850594,1477.0460842073242,1961.427288320133,0,0,1,73.4233550023792,40,74.63206157317694,45,61.60618964412696,38.39381035587304,Individual House
Clayey,Residential,58.78963830560291,0,1,17895.310940114756,323.4912201054791,3704.9662579248684,1,0,0,67.89311721727051,30,2.0172694906618176,45,40.01690839871013,59.98309160128987,Individual House
Clayey,Residential,59.68583921685825,0,1,19801.702354753656,1071.547742920993,1124.0847029473273,3,2,2,39.56023425473198,30,0.5236013052362551,45,29.726982315465257,70.27301768453475,Individual House
Clayey,Residential,35.55894350753216,0,1,3200.858508486025,801.0139759607839,2948.855228272063,4,0,0,63.11026412311696,30,40.735094154113064,45,48.0223659816192,51.9776340183808,Individual House
Red Soil,Industrial,14.357850709743685,0,1,3469.1431774614994,1225.350892027325,767.1851460453016,3,0,1,31.75424024347011,20,76.07024881709386,45,44.381546289488,55.618453710512,Factory
Sandy,Agricultural,22.38576883674926,0,0,3476.1581576423005,715.155780909639,513.5084568068554,4,2,1,20.67372692694979,25,62.69038527208456,85,47.908400742453566,52.091599257546434,Individual House
Red Soil,Agricultural,28.347105797209434,1,0,13942.364825340024,1175.9079530436468,2616.1637446252134,1,2,3,52.913223550697644,20,52.75482367131762,45,45.95833416057358,54.04166583942642,Individual House
Loamy,Commercial,22.01283233970226,1,0,8080.845814420921,1395.253071971517,3375.054980430143,4,1,3,56.49679191507443,15,63.31194610049623,45,49.10186369540011,50.89813630459989,Shopping Complex
Clayey,Agricultural,20.434956893208366,0,1,14932.978564052215,1098.4413992101308,566.8353311724172,1,2,2,38.227967400146255,30,65.94173851131939,45,45.61522321788104,54.38477678211896,Individual House
Loamy,Industrial,58.47263400689967,1,0,8703.957984852595,1164.1414293274865,4588.881261864575,2,0,2,47.38184149827508,15,2.5456099885005585,45,30.720047021521417,69.27995297847858,Factory
Rocky,Industrial,13.43506550786601,0,1,12924.527705309209,100.76314689878419,1128.8613134873344,1,2,1,57.17267107885314,55,77.60822415355665,45,58.91249091598776,41.08750908401224,Factory
Black Cotton,Industrial,45.333034979427424,0,1,15627.302107898977,307.4364933484209,599.8765407965001,1,1,1,50.21808247016789,40,24.44494170095429,45,40.937564289797336,59.062435710202664,Factory
Black Cotton,Commercial,5.0225659191546175,1,0,11416.10230244349,1461.4556107553906,1013.4945417510527,4,0,1,57.014249355232394,40,91.62905680140898,45,60.11225147468358,39.88774852531642,Shopping Complex
Red Soil,Residential,37.79004681713073,1,0,11250.568218550115,1039.7805056810917,847.8622826592097,3,1,0,27.509733948901513,20,37.01658863811546,45,33.1325540416444,66.8674459583556,Individual House
Sandy,Agricultural,55.37686521747288,0,1,2676.452180427055,842.1735259665069,453.373253064745,1,1,3,11.22324875692668,25,7.7052246375452,45,20.854443224310636,79.14555677568936,Individual House
Loamy,Industrial,20.836375175127046,1,1,8804.85311527926,550.4645600946751,3989.196173893537,4,1,3,56.79090620621824,15,65.27270804145493,10,40.944994182540114,59.055005817459886,Factory
Sandy,Industrial,15.203928639174556,0,0,11369.765911273815,66.58350181037687,2477.688873720555,1,2,1,78.20400773158376,25,74.66011893470908,85,71.03643243973158,28.963567560268416,Factory
Red Soil,Residential,40.84238871831349,0,0,9777.63568766179,553.7038619462024,1942.597201893414,0,2,1,48.64134685828991,20,31.92935213614419,85,49.256809434437514,50.743190565562486,School
Black Cotton,Industrial,44.19307740141162,0,1,18114.858003580084,748.3693099343639,4753.139634920665,0,1,3,66.95173064964709,40,26.34487099764729,45,47.2693234767883,52.7306765232117,Factory
Sandy,Agricultural,42.84167854235897,0,1,18224.082010270296,317.1892640803301,1855.0419353239538,0,1,2,53.35906322606952,25,28.59720242940172,45,40.82497273647476,59.17502726352524,Individual House
Sandy,Commercial,22.562428401175573,0,0,16616.430231186474,259.7051869107488,834.8636302359469,0,1,1,41.47435428978012,25,62.39595266470738,85,55.115012167599886,44.884987832400114,Shopping Complex
Black Cotton,Industrial,18.8711321187632,1,1,8130.66343208928,762.6248270362753,1370.2144596329813,3,1,1,60.686506162968826,40,68.54811313539467,10,46.87730544088775,53.12269455911225,Factory
Loamy,Agricultural,57.57553399791243,0,1,14628.683882063153,878.8563534413158,1194.8326679429822,1,2,2,31.502769859381537,15,4.040776670145945,45,25.536163618320025,74.46383638167998,Individual House
Black Cotton,Industrial,55.78147295484612,1,0,8510.480760322585,359.8768782817873,2493.7063978165243,0,2,1,72.46201906438122,40,7.0308784085897855,45,44.369426274680876,55.630573725319124,Factory
Sandy,Residential,30.152413544105116,0,0,5419.278380539422,881.0842116843196,1457.5256197728697,4,1,3,37.61240900943112,25,49.74597742649147,85,50.60083750992376,49.39916249007624,Individual House
Loamy,Industrial,51.54066263849054,1,1,7515.150227466751,1350.5099458114423,2580.305860931809,0,2,3,49.114834340377364,15,14.098895602515768,10,25.46491591976102,74.53508408023899,Factory
Loamy,Industrial,29.87779126988628,0,1,2348.328032425174,709.7598870320306,3346.4671247339443,2,0,2,54.53055218252843,15,50.2036812168562,45,45.136613568098994,54.863386431901006,Factory
Black Cotton,Commercial,28.341395993988073,1,0,7303.772671088297,1286.085254380772,3886.493928566289,2,2,3,70.91465100150299,40,52.76434001001988,45,55.26121285303101,44.73878714696899,Shopping Complex
Sandy,Residential,13.621962117961207,0,1,9754.10212796226,1390.9071667999776,3550.788906336154,3,1,2,52.5945094705097,25,77.296729803398,45,52.7322607655279,47.2677392344721,Individual House
Red Soil,Residential,28.452333107058507,0,0,19154.13700083577,138.59104340562857,1027.9535822818048,2,2,2,55.13052576453376,20,52.579444821569155,85,56.690545222979104,43.309454777020896,Individual House
Sandy,Commercial,34.557931622989386,1,1,6954.801138172874,143.7173694851955,579.4985962137689,4,0,3,40.327446849416305,25,42.40344729501769,10,30.96546822105013,69.03453177894987,Hospital/Clinic
Clayey,Industrial,6.237738008577756,1,0,18146.617244904894,714.0662743314022,2712.2507955062547,0,0,2,70.44056549785556,30,89.60376998570374,45,62.80514042067538,37.19485957932462,Factory
Rocky,Agricultural,29.426215284647352,1,1,5348.307240646444,882.153666476554,994.5589560407259,2,2,3,26.534625299652678,55,50.95630785892108,10,32.7761958196087,67.2238041803913,Individual House
Red Soil,Residential,47.974592011736014,1,1,4628.409057425739,638.8251966975438,424.6686088575663,2,0,2,16.49972417421732,20,20.04234664710664,10,16.285490122752723,83.71450987724728,Apartment
Loamy,Residential,42.40253310058484,1,1,10860.913672211134,489.67615562625457,2635.471714897086,3,0,2,52.01879738727852,15,29.32911149902526,10,30.288856960303796,69.7111430396962,Individual House
Red Soil,Industrial,39.93363438751643,1,0,13777.716016650713,961.4911741892338,1633.9709255389773,2,2,2,42.69600991390044,20,33.443942687472614,45,37.5545891417333,62.4454108582667,Factory
Loamy,Industrial,55.02554856404614,0,0,1842.312765243347,3.1222685248804005,3780.745059692519,0,2,3,78.05627674749564,15,8.290752393256426,85,52.89238495993758,47.10761504006242,Factory
Loamy,Residential,5.99176054038765,0,0,5200.2514358971175,1452.1099212956137,1570.95815274209,1,2,1,51.92122291974489,15,90.01373243268725,85,64.17586113008252,35.824138869917476,Individual House
Red Soil,Industrial,35.63761724057288,0,1,9657.989663525012,348.1186322820332,4893.5856852790685,0,1,0,60.20347775293479,20,40.60397126571187,45,45.47221002995514,54.52778997004486,Factory
Loamy,Agricultural,48.30418666253389,1,1,7289.0823836804475,1375.6481528745107,3792.6159563035403,2,1,1,49.92395333436653,15,19.493022229110196,10,27.096639224305832,72.90336077569417,Individual House
Loamy,Residential,34.773446048569696,1,0,14539.800507618116,163.52211680175898,288.4661074443107,2,0,2,39.26463362863825,15,42.04425658571718,45,37.75368591645268,62.24631408354732,Individual House
Clayey,Agricultural,22.814255391920852,1,0,10712.05132478502,357.13077306685886,2544.3637017813808,2,0,3,74.86858976800826,30,61.97624101346524,45,57.448066672169205,42.551933327830795,Individual House
Sandy,Agricultural,12.493781080058781,0,1,4046.823006474104,352.3105516312506,2813.1025060705515,3,2,2,61.73792163211027,25,79.17703153323536,45,56.40253045454743,43.59746954545257,Individual House
Sandy,Industrial,53.815968949890525,1,1,17994.84220698672,1494.2293563009694,3476.513553407988,4,0,1,42.54600776252737,25,10.306718416849122,10,23.717782321096855,76.28221767890315,Factory
Rocky,Agricultural,30.891931581318165,0,1,6565.207834183831,6.900818588826629,2488.983985168791,0,2,0,75.86296798934087,55,48.513447364469734,45,58.18040063738674,41.81959936261326,Individual House
Rocky,Industrial,53.29633583421358,1,1,14891.491070324046,959.4573139552436,2417.217992072866,2,1,1,40.675916041446605,55,11.17277360964404,10,27.77976401691732,72.22023598308269,Factory
Clayey,Commercial,37.22186673382426,1,0,15818.399803002787,1304.5298715912793,1839.693058388064,1,2,3,59.48839448430522,30,37.96355544362624,45,46.06182693041338,53.93817306958662,Shopping Complex
Rocky,Industrial,42.080566413825046,1,0,19299.99630486594,1008.4104810371051,1357.3069194958687,3,0,3,30.625996786461116,55,29.86572264362492,45,37.68552953616762,62.31447046383238,Factory
Red Soil,Agricultural,49.23436349081475,0,1,10471.641863957926,544.1007273254163,4731.0010598836725,4,2,1,47.69140912729631,20,17.94272751530876,45,35.4276750733809,64.5723249266191,Individual House
Black Cotton,Commercial,41.25355495300739,1,1,12700.87479382421,1437.4640440544024,1587.9833481718597,2,2,1,59.44627822518535,40,31.244075078321018,10,37.11721614839513,62.88278385160487,Shopping Complex
Black Cotton,Industrial,26.893016237341573,0,1,7362.649576111141,1340.2811318835616,317.1066229016534,0,2,0,37.61887839869767,40,55.17830627109738,45,44.21118400731853,55.78881599268147,Factory
Black Cotton,Agricultural,33.249836116075805,1,0,13885.406574829263,650.9323803742766,836.4236964670613,1,0,2,46.416014900322274,40,44.58360647320699,45,44.641506833414546,55.358493166585454,Individual House
Clayey,Residential,49.167503857173394,1,0,9804.286231460075,859.9927389167452,4286.383180206449,3,2,3,59.70812403570665,30,18.054160238044346,45,41.16138347200841,58.83861652799159,Individual House
Clayey,Residential,25.55076630051413,1,1,9315.394929764023,1451.278781707861,2933.1672956169195,0,2,3,65.61230842487147,30,57.41538949914312,10,44.31815532349079,55.68184467650921,School
Loamy,Industrial,26.34668012226734,1,1,17253.883053206002,1473.8405428897051,3893.9027468853283,0,0,0,55.413329969433164,15,56.088866462887765,10,38.16688210502355,61.83311789497645,Factory
Black Cotton,Industrial,10.262956383190064,0,1,1953.2080264750846,674.7349135769283,4043.907730698472,3,1,3,75.43426090420249,40,82.89507269468322,45,64.37575949014168,35.624240509858325,Factory
Red Soil,Residential,55.30214393719612,1,1,17757.286128805503,1271.0250422146328,4116.182196055366,0,1,3,46.17446401570097,20,7.829760104673127,10,23.61850243166362,76.38149756833639,School
Rocky,Agricultural,10.006997321999295,0,1,17189.326918742583,452.9703404309045,2753.0685387230437,1,0,1,54.3200302436459,55,83.32167113000118,45,59.342428367776364,40.657571632223636,Individual House
Red Soil,Agricultural,40.65150475967057,1,1,10620.958817673993,557.719309395997,885.6029784955244,1,1,1,27.549183379992844,20,32.24749206721572,10,23.204087199801425,76.79591280019858,Individual House
Rocky,Agricultural,27.725696334153874,1,0,10313.854229906938,247.2328244853394,741.1637611807087,0,2,0,37.05788167095535,55,53.790506109743546,45,45.917885112270255,54.082114887729745,Individual House
Black Cotton,Industrial,27.30906646404933,1,0,7874.339992674313,313.77688916509544,2869.922101875562,2,0,3,82.34612003408193,40,54.48488922658445,45,59.69236431857479,40.30763568142521,Factory
Black Cotton,Commercial,42.375351011497614,0,0,19889.302041952953,985.3099533890384,1832.571768428382,0,2,0,64.05759761569323,40,29.374414980837315,85,57.013762910701956,42.986237089298044,Shopping Complex
Black Cotton,Commercial,8.69015529464333,1,1,3112.2173223229834,766.1724270106213,2790.2412062288367,2,2,2,75.82746117633917,40,85.51640784226112,10,56.41871337228399,43.58128662771601,Shopping Complex
Clayey,Commercial,37.6538180623289,0,1,12214.089476943533,346.6977909384043,2492.389221189324,0,0,2,71.78467802811352,30,37.24363656278516,45,50.18554645053602,49.81445354946398,Hospital/Clinic
Rocky,Commercial,47.461748228479514,0,1,13951.950212135924,604.3644245424789,3010.9903984877424,4,2,0,42.13456294288012,55,20.897086285867474,45,39.47136860147491,60.52863139852509,Shopping Complex
Clayey,Commercial,50.55170168376268,1,0,18752.270156121944,559.7751897955226,160.55895368282668,1,0,3,22.573253652715863,30,15.747163860395531,45,27.587429743549436,72.41257025645056,Hospital/Clinic
Clayey,Industrial,14.379171416657641,0,1,15823.866440278469,1481.0403068030014,164.18340315061675,0,2,2,31.688875208847925,30,76.03471430557059,45,45.84978489948942,54.15021510051058,Factory
Sandy,Industrial,54.358047754299555,1,0,13233.09685341939,1280.348755817069,3607.975854242544,1,1,3,42.41048806142511,25,9.403253742834067,45,32.19448425720731,67.80551574279269,Factory
Red Soil,Commercial,41.088035051609324,0,1,3219.434019430331,581.9495000757364,965.6362191135992,3,2,1,29.040715619369653,20,31.51994158065112,45,32.294235861942155,67.70576413805784,Shopping Complex
Red Soil,Industrial,53.50201404513756,0,1,8100.93681979788,1370.8748683440497,3260.992310960282,4,2,0,46.62449648871561,20,10.8299765914374,45,33.27606791890982,66.72393208109018,Factory
Loamy,Industrial,31.690439441060903,0,1,3637.99120841172,513.9530874422567,2732.8795539572725,2,0,2,54.077390139734774,15,47.18260093156517,45,44.22273678179846,55.77726321820154,Factory
Clayey,Commercial,34.81183398034611,0,0,17743.04191684476,1001.8522691022891,4908.972357023117,3,1,3,63.29704150491347,30,41.98027669942316,85,58.399033701575505,41.600966298424495,Shopping Complex
Rocky,Agricultural,55.54710523657691,1,0,15242.801955709216,1449.9749950231687,4177.029394415312,4,2,1,40.113223690855776,55,7.42149127237181,45,35.395001109892476,64.60499889010752,Individual House
Sandy,Industrial,54.49502488450695,0,0,15393.198949147356,585.4182959828285,2065.672606656747,3,2,0,42.37624377887326,25,9.17495852582175,85,42.125424954061074,57.874575045938926,Factory
Sandy,Agricultural,29.64884803529511,1,1,13392.873837697338,1019.8274476574007,3082.064100465825,1,1,2,48.58778799117622,25,50.585253274508155,10,35.90203911553871,64.09796088446129,Individual House
Red Soil,Industrial,20.092694739962496,0,0,10633.827201797483,443.88571659394984,586.44728612736,4,1,1,30.072629041919587,20,66.51217543339584,85,51.40346402302082,48.59653597697918,Factory
Clayey,Industrial,26.624373901034527,1,1,3849.450129806447,399.46847339696194,1931.930214811905,3,1,0,70.01440241716175,30,55.62604349827579,10,45.41155172057556,54.58844827942444,Factory
Loamy,Commercial,26.327038069136236,1,1,7264.202847395984,861.2349996473279,3669.4387054493714,2,1,2,55.418240482715944,15,56.12160321810627,10,38.17678497347715,61.82321502652285,Shopping Complex
Clayey,Industrial,20.777678124053665,0,0,3601.4000570609205,1468.8968970498272,3113.3579206432682,4,1,3,66.80558046898659,30,65.37053645991057,85,65.47458727912294,34.52541272087706,Factory
Black Cotton,Residential,19.771878238313164,0,0,14773.34971419452,679.7007730802549,2422.356621886789,4,2,1,73.05703044042171,40,67.0468696028114,85,69.58167805485044,30.418321945149557,Individual House
Clayey,Residential,52.35846150638457,1,1,4044.3467444180956,1406.455455474871,882.6455202633454,3,1,1,36.563295028670765,30,12.735897489359047,10,22.98112763237453,77.01887236762548,Apartment
Black Cotton,Commercial,8.842405637656393,0,1,14340.157453262025,1371.5452803671424,4015.729630787723,0,1,3,75.7893985905859,40,85.26265727057267,45,65.09195382434824,34.90804617565176,Shopping Complex
Black Cotton,Agricultural,42.26861501547768,0,1,14152.852402322189,380.6439185174921,1365.8330220578846,2,2,1,61.91087157623875,40,29.552308307537203,45,46.306882128567864,53.693117871432136,Individual House
Loamy,Agricultural,14.505102830104876,0,1,9726.78510083449,602.7291106264911,4102.395408309548,2,0,1,58.37372429247378,15,75.82482861649187,45,52.88701065648879,47.11298934351121,Individual House
Rocky,Agricultural,23.94782413667348,0,0,3569.3444282429937,964.9537177412747,3058.0453139749675,3,2,0,48.01304396583163,55,60.08695977221087,85,61.326305331093785,38.673694668906215,Individual House
Red Soil,Residential,8.384866877416027,0,0,6981.2156965466975,777.0688266170874,1863.6571397439373,1,0,3,55.17692607552473,20,86.0252218709733,85,65.06822959417698,34.931770405823016,Individual House
Clayey,Agricultural,19.848550027050415,0,0,7081.769072435477,143.9377947947615,203.0261097999575,1,1,1,52.46211700155086,30,66.91908328824931,85,60.84151177260513,39.15848822739487,Individual House
Black Cotton,Agricultural,47.263158911448315,0,1,14307.317529722575,1490.5470451907374,1162.0942217218844,0,0,3,49.42609470657561,40,21.228068480919475,45,39.85615026753133,60.14384973246867,Individual House
Clayey,Commercial,53.67584285009922,0,1,3161.1173688607623,1128.98100181692,4445.35462744082,0,2,0,58.58103928747519,30,10.540261916501294,45,38.88842922974164,61.11157077025836,Shopping Complex
Rocky,Agricultural,17.18399335463019,0,1,16752.304278105723,656.5410573370676,4089.8717194785872,3,0,0,49.70400166134245,55,71.36001107561636,45,54.73640335037395,45.26359664962605,Individual House
Red Soil,Residential,30.495131159240703,1,0,15459.138513532365,927.252824499437,2874.2665646704895,1,0,3,52.37621721018982,20,49.1747814012655,45,44.875371373882814,55.124628626117186,Individual House
Rocky,Residential,30.86782263654635,0,1,4539.831445311204,131.35922589934518,2331.6123198106347,2,0,3,68.4014907869027,55,48.55362893908942,45,55.5789290101883,44.4210709898117,Individual House
Red Soil,Residential,53.04664181678538,0,1,14664.123253798898,742.952480534415,3235.7133966505457,1,1,2,46.738339545803655,20,11.588930305357692,45,33.5056514173707,66.4943485826293,Individual House
Sandy,Commercial,46.9539479081693,0,0,13701.750447888615,1396.2486237262317,2331.2406392165076,3,2,0,44.26151302295767,25,21.743420153051176,85,45.927384596297976,54.072615403702024,Shopping Complex
Red Soil,Commercial,33.21924701024274,0,0,15214.2952021076,1344.9014370824675,3221.5242035957012,1,0,1,51.69518824743932,20,44.6345883162621,85,53.501962965669286,46.498037034330714,Hospital/Clinic
Loamy,Industrial,41.89109602594753,0,1,4589.642553525195,506.07126822471844,1537.0204983007895,4,1,0,42.2676359595289,15,30.181506623420773,45,35.839049241690304,64.1609507583097,Factory
Rocky,Agricultural,51.60452796501517,1,0,3994.216120972904,797.0517957320083,4192.486089557376,3,2,0,41.09886800874621,55,13.992453391641376,45,37.382717150971516,62.617282849028484,Individual House
Black Cotton,Commercial,5.524642471404972,1,1,5493.19573253233,1046.0752861314702,3509.5894673263333,4,2,2,76.61883938214876,40,90.79226254765838,10,58.01465942066666,41.98534057933334,Shopping Complex
Sandy,Residential,27.158951707752674,0,0,7951.562359830537,510.013900361858,1649.878142138459,3,2,3,42.20782491583101,25,54.735080487078875,85,53.45650884231057,46.54349115768943,Individual House
Loamy,Residential,54.898374200239324,1,1,16079.634639680222,97.31882714090773,4153.330574117206,2,2,0,72.4362768214857,15,8.50270966626779,10,32.22837430408694,67.77162569591306,Individual House
Clayey,Commercial,45.717216696417324,0,0,15020.55481209815,758.1624850767071,2436.7126542658943,3,1,2,60.57069582589567,30,23.80463883930446,85,52.9009032488896,47.0990967511104,Shopping Complex
Rocky,Commercial,34.8562755883741,0,0,18583.58025329213,902.4536037350047,873.1943236873075,3,2,3,22.749817576652624,55,41.90620735270982,85,47.93898799000587,52.06101200999413,Shopping Complex
Black Cotton,Commercial,34.130448986932336,1,0,2113.961622873693,8.762400182265374,388.5623100176333,3,0,0,66.71288994268366,40,43.11591835511277,45,51.37849106871747,48.62150893128253,Shopping Complex
Red Soil,Industrial,24.12735536824408,1,0,1219.5693392695264,143.36306030779593,3498.028738186102,3,2,2,75.36637753947123,20,59.787741052926535,45,55.57516740204656,44.42483259795344,Factory
Black Cotton,Residential,33.6286293502833,1,1,14283.637764315183,310.9359653912284,4325.604021040053,0,2,0,80.93668473895548,40,43.95228441619451,10,47.81591076268304,52.18408923731696,School
Clayey,Industrial,41.04607597048993,1,1,6306.462420089148,522.0784304864012,4037.209942972718,4,1,1,61.738481007377516,30,31.589873382516785,10,36.50593669821133,63.49406330178867,Factory
Sandy,Industrial,28.00996711358362,1,0,7347.499015142533,811.5768342458706,3278.2551511107595,3,0,3,48.99750822160409,25,53.31672147736064,45,45.47830824690159,54.52169175309841,Factory
Sandy,Agricultural,44.27842305156957,0,1,11389.238492375733,440.7643781394979,706.8752780238402,3,0,3,22.62203710921454,25,26.202628247384055,45,29.4683700500711,70.5316299499289,Individual House
Rocky,Residential,52.36777249932122,0,0,2945.849339409172,414.27572160975564,470.2203798832677,0,1,0,15.455921176249714,55,12.720379167797972,85,38.08966720363689,61.91033279636311,Individual House
Sandy,Residential,13.507666650167364,0,0,13211.193914412945,1304.0240157196226,1725.1481150586267,1,1,2,47.1260456386307,25,77.48722224972106,85,60.86592153595101,39.13407846404899,Individual House
Rocky,Commercial,29.835086254958345,1,1,7177.801478391854,217.5759612021394,4274.554451993844,0,0,2,63.48667076413204,55,50.274856241736096,10,45.53904882788024,54.46095117211976,Shopping Complex
Rocky,Commercial,27.441105020679462,0,1,13021.58736171884,743.1901997585404,4808.681351533321,0,0,1,47.139723744830135,55,54.26482496553423,45,49.565109552074105,50.434890447925895,Shopping Complex
Rocky,Agricultural,42.810564222735046,1,1,16846.13134839433,1429.237075404204,1206.8042742353564,0,2,1,27.433444429023368,55,28.64905962877492,10,27.51397045735191,72.48602954264808,Individual House
Red Soil,Industrial,18.742710589186114,0,1,4251.115333411164,937.5198736740688,3810.4783529086,3,1,2,55.31432235270347,20,68.76214901802314,45,50.800550077951996,49.199449922048004,Factory
Loamy,Commercial,40.21380032237519,1,1,18686.588765375884,1075.8082198416578,2869.3460845360287,0,0,3,51.9465499194062,15,32.97699946270801,10,31.17554233746917,68.82445766253083,Hospital/Clinic
Rocky,Commercial,53.26190829523184,1,1,11083.074680186432,646.8554870859107,159.0368353897137,0,0,1,3.865259633986314,55,11.230152841280258,10,14.910379082215275,85.08962091778473,Hospital/Clinic
Rocky,Residential,27.997237988649246,0,1,18535.627538305398,29.898250679579352,2714.581749664699,0,1,0,75.20679546206293,55,53.337936685584594,45,59.15686258311817,40.84313741688183,School
Loamy,Residential,55.105863498857104,0,0,4946.871561833785,969.1955525508081,4029.702014946776,3,1,0,48.223534125285724,15,8.156894168571498,85,42.417460485992876,57.582539514007124,Individual House
Black Cotton,Commercial,59.62400564134131,0,1,12486.690627480513,947.8864221421861,1380.6139167201325,2,0,3,50.706276924067325,40,0.6266572644311452,45,35.15386123953135,64.84613876046865,Hospital/Clinic
Rocky,Residential,10.835062747137364,0,0,8673.855229148488,165.64145469499962,4486.808119852305,2,1,3,71.35274703151568,55,81.94156208810439,85,74.95885198305658,25.041148016943424,Individual House
Red Soil,Agricultural,17.817925339167225,1,1,15710.22163196425,693.2395704369472,1181.3020343731846,1,0,1,39.171559352671885,20,70.30345776805463,10,36.785910215448816,63.214089784551184,Individual House
Sandy,Commercial,57.27088633151513,0,1,12512.269921052632,1372.9934169984756,382.36566322027153,3,0,0,9.329591681526649,25,4.5485227808081135,45,19.402487783736355,80.59751221626365,Hospital/Clinic
Sandy,Residential,57.708022756476275,1,0,10395.79368220805,307.6272479579627,799.6965471978201,0,2,3,29.10929037735957,25,3.819962072539539,45,26.14324215021073,73.85675784978926,School
Clayey,Agricultural,10.373900146271717,0,0,18346.722722189166,691.6481319511655,4185.014343604592,0,2,0,69.40652496343208,30,82.71016642288046,85,70.71982534292134,29.28017465707866,Individual House
Clayey,Residential,5.824917520742518,0,0,8165.224219261924,691.6547778007806,2086.5295951976414,0,1,1,70.54377061981437,30,90.2918041320958,85,73.01327074995898,26.986729250041023,Individual House
Sandy,Residential,13.860501279103223,0,0,5179.623893065448,1216.1422022214576,3984.7278181082884,2,1,3,52.53487468022419,25,76.89916453482796,85,62.611997271785455,37.388002728214545,Individual House
Sandy,Residential,59.78070308602366,0,1,12553.922550189742,1236.8638054941669,2656.1653049479755,0,0,2,41.054824228494084,25,0.3654948566272367,45,29.460562194129736,70.53943780587026,School
Red Soil,Commercial,14.899978913587777,0,1,12856.540306283461,1138.9041294950878,2402.795623972157,0,2,0,56.27500527160306,20,75.16670181068704,45,52.73792729773283,47.26207270226717,Shopping Complex
Loamy,Industrial,32.640118369711274,1,0,9342.797809865633,548.1812387824106,4034.565757462327,2,1,3,53.83997040757218,15,45.599802717147874,45,43.74394032193723,56.25605967806277,Factory
Clayey,Residential,51.66297495367811,0,0,10245.590830098265,108.05538752778016,2117.4380585618796,0,0,1,82.60093300991367,30,13.895041743869825,85,58.134086989437236,41.865913010562764,School
Loamy,Agricultural,6.122088587851349,1,1,19231.5148716981,524.2244658360212,4010.1636553318417,1,2,2,60.46947785303716,15,89.79651902024776,10,48.36344700362494,51.63655299637506,Individual House
Red Soil,Commercial,38.24689402421527,0,1,14921.028136539224,1019.6868019070095,503.310824817228,4,0,3,20.504492990290743,20,36.255176626307886,45,30.49036670317873,69.50963329682128,Hospital/Clinic
Sandy,Commercial,20.236399687829337,1,0,3101.433278168963,1054.1198617336147,3181.5540776962825,1,2,0,50.94090007804267,25,66.27266718695111,45,49.39748182405271,50.60251817594729,Shopping Complex
Rocky,Agricultural,52.42842040418524,0,1,5030.471346541608,1447.5003142150786,3512.9352827599237,3,0,0,40.89289489895369,55,12.619299326357933,45,36.967338046223276,63.032661953776724,Individual House
Loamy,Residential,20.590363209524355,0,1,19535.95605427562,680.4618471655627,4495.486980708713,1,2,1,56.85240919761891,15,65.68272798412607,45,49.81902521519814,50.18097478480186,Individual House
Sandy,Industrial,42.77156461550499,0,0,14802.845522077094,948.6533744104355,1121.6195935809747,1,0,0,27.739500717743248,25,28.714058974158334,85,41.88733999474972,58.11266000525028,Factory
Sandy,Residential,42.08207978460683,1,0,18385.85739674841,808.7863060837975,3021.0994004642575,2,0,2,45.47948005384829,25,29.863200358988607,45,38.38361810859405,61.61638189140595,Individual House
Black Cotton,Agricultural,17.1821451872802,1,0,6773.367815785718,225.92784016985607,2166.2828184461155,3,1,1,90.14879329298859,40,71.363091354533,45,66.64285049117925,33.357149508820754,Individual House
Loamy,Commercial,6.913955992759257,0,0,15095.470341645254,691.803708198204,1913.8582777201452,1,2,1,58.548676556213096,15,88.4767400120679,85,66.11122179769156,33.888778202308444,Shopping Complex
Rocky,Industrial,27.50872655819685,0,1,14566.051461946718,817.2527320334914,533.5677760597873,4,2,3,17.794173881646532,55,54.15212240300525,45,39.265991459327594,60.734008540672406,Factory
Loamy,Commercial,20.90562335812283,0,0,6599.109723348127,1426.124409063388,671.1666529747113,1,1,1,30.19692721996352,15,65.15729440312862,85,50.358248127769386,49.641751872230614,Shopping Complex
Sandy,Agricultural,49.49377622875397,1,1,11465.510183563401,549.8085816134341,4184.9423072382315,0,1,3,43.62655594281151,25,17.510372952076708,10,25.8968878180032,74.1031121819968,Individual House
Rocky,Residential,49.02003036504399,0,1,12920.88711413561,1470.1486546619667,3748.7671616278103,2,0,1,41.744992408739,55,18.299949391593344,45,38.685734690956984,61.314265309043016,Individual House
Red Soil,Industrial,30.1363173705944,1,1,10141.504405721837,813.4501110361266,1911.7056514555024,0,2,3,50.700033686461445,20,49.77280438234266,10,35.68821288584717,64.31178711415282,Factory
Black Cotton,Commercial,38.35817239277704,0,1,16716.39542650224,363.70386495458627,4142.432906948154,3,0,3,76.58822500453057,40,36.069712678704924,45,53.07330692126193,46.92669307873807,Hospital/Clinic
Sandy,Commercial,38.234273379280886,1,0,16824.5117941618,287.4965805237117,403.8309241178922,3,0,3,27.268255306114916,25,36.276211034531855,45,33.61294211577318,66.38705788422682,Hospital/Clinic
Clayey,Commercial,50.493698163519284,1,1,17161.410417729578,212.54237589034764,3123.869585165843,2,0,2,76.62403290569931,30,15.843836394134527,10,37.77937061552839,62.22062938447161,Hospital/Clinic
Clayey,Residential,28.375132776775864,1,0,16265.047812865094,679.3993058601795,4340.880263571442,1,1,3,64.90621680580604,30,52.70811203870689,45,51.644203891708834,48.355796108291166,Individual House
Black Cotton,Industrial,20.149567388477998,0,1,10273.586066745747,32.889644683384844,4194.321155156247,3,2,2,100.0,40,66.41738768587001,45,68.85434692146751,31.14565307853249,Factory
Red Soil,Residential,19.57692049773011,1,0,8247.327664831137,667.5679249722981,1863.9137997092992,4,1,3,52.38404586975345,20,67.3717991704498,45,49.42736584702615,50.57263415297385,Individual House
Sandy,Residential,34.49057536052123,0,1,16796.14939057304,1482.6070382339194,3726.1692652849456,2,1,3,47.37735615986969,25,42.51570773246463,45,42.21100158907055,57.78899841092945,Individual House
Loamy,Residential,29.70315115027169,1,1,10313.82771256907,1005.1601935834,2137.3407275993877,0,2,2,54.57421221243208,15,50.49474808288051,10,36.47466129507136,63.52533870492864,School
Black Cotton,Agricultural,29.20664240417149,0,0,5681.056573931655,1139.679181800607,4200.690821949747,4,2,2,70.69833939895713,40,51.322262659714184,85,64.82498445456355,35.17501554543645,Individual House
Red Soil,Agricultural,10.012553649933897,1,0,10639.52711412211,178.5080860773938,2653.809750775115,2,1,2,76.78637642287289,20,83.31241058344351,45,61.953334393866385,38.046665606133615,Individual House
Loamy,Agricultural,44.52320573796076,1,0,3695.1466164656003,709.6512922351362,3824.285245525206,4,1,2,50.86919856550981,15,25.794657103398734,45,37.752883773778116,62.247116226221884,Individual House
Clayey,Industrial,16.755517839005087,0,0,14140.960321377179,429.3346515385709,392.85791145835856,2,1,3,39.90819967710165,30,72.07413693499151,85,57.736404120733454,42.263595879266546,Factory
Clayey,Residential,15.832449661479675,0,1,7382.50435085422,1341.146291983544,2950.129858044314,0,2,3,68.04188758463008,30,73.61258389753388,45,57.967806629003995,42.032193370996005,Individual House
Loamy,Residential,27.70170761525664,1,1,5952.517170501632,271.9387080208688,2751.4208873466932,1,2,1,68.75825061493371,15,53.8304873079056,10,42.2730095422032,57.7269904577968,Individual House
Black Cotton,Agricultural,17.52780878897908,1,1,19173.666178460157,688.099990705113,3049.8836086758006,2,0,1,73.61804780275523,40,70.78698535170153,10,51.96306306888971,48.03693693111029,Individual House
Clayey,Residential,37.11220470194085,0,1,15760.738919407844,882.0715775184566,3478.208039577951,3,2,3,62.72194882451479,30,38.14632549676526,45,47.23926346277149,52.76073653722851,Individual House
Sandy,Residential,25.430483663395933,1,1,15954.320551754701,771.0616373677989,4590.54485017071,0,1,1,49.64237908415102,25,57.61586056100678,10,38.02879781970455,61.97120218029545,School
Rocky,Commercial,29.690144742603454,1,0,12850.717416304486,1245.365291955611,3928.410408880155,0,2,2,46.57746381434914,55,50.516425428994246,45,48.43121869227076,51.56878130772924,Shopping Complex
Loamy,Residential,34.54431268822159,0,0,16944.283399695647,347.1797569794606,1098.1899571745234,4,2,1,44.49693555266743,15,42.42614551963069,85,49.68046382334127,50.31953617665873,Individual House
Loamy,Commercial,16.194453736499266,0,1,15424.087142104243,566.0866656355369,4129.48134646048,3,2,2,57.95138656587518,15,73.00924377250122,45,52.03529624118162,47.96470375881838,Shopping Complex
Clayey,Residential,13.566339257604138,0,0,12376.700378538713,1188.1264448609288,610.3983880754782,4,1,3,40.81638294710853,30,77.38943457065977,85,59.38309267415293,40.61690732584707,Individual House
Black Cotton,Industrial,53.42320465804826,1,1,19261.363635182628,792.1071176052072,3110.992928375348,0,0,1,64.64419883548794,40,10.961325569919566,10,33.86580098490067,66.13419901509933,Factory
Sandy,Agricultural,28.85480365572816,1,1,4640.304044004038,603.176078471936,4413.769041229716,2,0,2,48.78629908606796,25,51.908660573786406,10,36.30236982357039,63.69763017642961,Individual House
Black Cotton,Commercial,27.665148529789654,1,0,18924.21466090027,44.163772117247255,505.61027107451974,3,1,3,68.54609196200816,40,53.89141911701724,45,54.71398696595717,45.28601303404283,Shopping Complex
Red Soil,Agricultural,6.958668265006281,0,1,8627.325077978434,1130.0781360234141,4248.463266551303,0,1,3,58.26033293374843,20,88.40221955832287,45,56.74167141639266,43.25832858360734,Individual House
Red Soil,Commercial,32.38869664230663,1,0,11039.580684628245,1458.2731169501403,3993.103671151228,3,0,2,51.90282583942334,20,46.01883892948896,45,43.92069877617041,56.07930122382959,Hospital/Clinic
Rocky,Commercial,35.47933468860501,0,1,3332.04707134187,930.4305142327651,2518.877169195354,2,1,2,45.13016632784875,55,40.86777551899166,45,45.51250209449498,54.48749790550502,Shopping Complex
Clayey,Commercial,35.73624790250666,0,0,11262.041339514028,1284.8118310331918,1544.4880114770203,1,2,3,53.95569825391374,30,40.43958682915556,85,54.744391096158694,45.255608903841306,Shopping Complex
Clayey,Industrial,43.88671431275864,1,1,12612.928285305674,775.3136147923892,2027.1911403577192,4,2,0,61.02832142181034,30,26.855476145402264,10,35.07378153398419,64.92621846601581,Factory
Clayey,Residential,14.761500924505647,0,1,19956.329294361956,347.52144813504685,4843.290678501059,4,0,0,77.45833788077078,30,75.39749845915725,45,61.70979287305909,38.29020712694091,Individual House
Rocky,Commercial,18.872272382684034,1,0,19528.655810359003,21.663156352718204,1008.4877807592319,0,2,2,58.15189813835054,55,68.5462126955266,45,56.98971752230434,43.01028247769566,Shopping Complex
Red Soil,Industrial,49.5901755876727,0,1,19361.54854561146,980.0974013849838,2898.0214391494765,0,0,1,47.60245610308183,20,17.34970735387884,45,35.24828647454835,64.75171352545165,Factory
Black Cotton,Commercial,57.09438392638667,0,1,7619.37314193909,739.6632723723669,416.20373939341926,2,1,2,32.05047880627171,40,4.842693456022218,45,29.678340946200652,70.32165905379935,Shopping Complex
Rocky,Residential,12.476301105202635,0,0,19834.063476155825,1173.1472206314022,1089.465320945861,0,0,3,32.67023114261656,55,79.20616482466228,85,60.73612210608137,39.26387789391863,Individual House
Rocky,Commercial,32.370725497787,1,0,9654.084880307106,1042.023626152957,3816.581940372603,0,0,2,45.90731862555325,55,46.04879083702167,45,47.07975922819905,52.92024077180095,Hospital/Clinic
Black Cotton,Industrial,16.779693900677277,0,0,17184.88891647611,1481.9285523098472,1512.995201802636,0,2,0,64.0649805608834,40,72.0338434988712,85,67.681204071027,32.318795928973,Factory
Clayey,Residential,8.304024259524034,1,1,5110.079411360468,765.4688751180597,4928.830352813673,3,0,2,69.92399393511899,30,86.15995956745994,10,53.01338776915662,46.98661223084338,Individual House
Sandy,Industrial,22.902683596937447,0,0,10610.830413475445,640.7621845095141,2504.0852154692,3,0,0,50.27432910076564,25,61.828860671770926,85,58.05323035321071,41.94676964678929,Factory
Black Cotton,Residential,12.9028193851317,0,0,19354.229826424504,430.10953415894244,2582.696626538714,1,0,1,78.96772310418052,40,78.4953010247805,85,74.5125283426583,25.4874716573417,Individual House
Red Soil,Residential,44.046319038883546,0,0,18993.596541545125,715.2919376869116,181.5736966786763,3,1,1,12.61989417385264,20,26.589468268527426,85,35.314330027980276,64.68566997201972,Individual House
Loamy,Agricultural,34.35489775192944,1,1,13990.962678607108,1309.307217184383,4782.63374788633,4,2,1,53.411275562017636,15,42.7418370801176,10,34.12940571673557,65.87059428326444,Individual House
Loamy,Agricultural,12.910895904467099,1,0,16158.472128508138,63.6595886876119,871.1672044220898,1,2,2,62.37604479106831,15,78.4818401592215,45,54.95207571667928,45.04792428332072,Individual House
Rocky,Agricultural,5.508287362303291,1,1,4352.107235445626,1466.850070929283,2691.702994052213,0,0,0,52.62292815942418,55,90.81952106282785,10,51.872905121505426,48.127094878494574,Individual House
Loamy,Residential,49.4486376963317,1,1,14711.51244019899,1489.960791461697,1978.373049793658,4,0,2,49.20530157179024,15,17.58560383944716,10,26.36825650998837,73.63174349001163,Apartment
Sandy,Commercial,14.690692339033614,1,0,12742.965358372074,896.7320678818526,2077.9235037230287,1,1,1,52.3273269152416,25,75.51551276827732,45,52.193442612403885,47.806557387596115,Shopping Complex
Clayey,Industrial,38.34191532214213,0,1,2739.4829792736755,497.3163055431021,3216.500830180542,1,2,2,62.57554283687834,30,36.096807796429786,45,46.67564194201486,53.32435805798514,Factory
Red Soil,Industrial,23.530705219221005,0,1,3150.021125203849,334.57345248303574,3310.443385462387,4,2,0,64.04291654621261,20,60.78215796796499,45,51.86056028316566,48.13943971683434,Factory
Sandy,Industrial,37.20172660732696,1,1,3060.428737273976,414.73559352731814,771.4430742904843,1,0,3,27.24429422233886,25,37.997122321121736,10,25.284783558099036,74.71521644190096,Factory
Red Soil,Agricultural,22.36094948402782,1,1,14762.781761766877,75.15813975745777,2497.933265609461,4,1,0,79.90027424354558,20,62.731750859953635,10,49.14803370022936,50.85196629977064,Individual House
Red Soil,Residential,9.78167583807398,1,1,3692.5889567038766,712.6664377250382,3952.3872457092843,1,1,1,57.55458104048151,20,83.69720693654337,10,46.56840509830437,53.43159490169563,Individual House
Clayey,Agricultural,17.26225047067645,1,0,9886.913151174938,85.98640629660875,2216.432417761148,1,0,1,92.52525300453436,30,71.22958254887259,45,65.94123418880517,34.05876581119483,Individual House
Rocky,Commercial,15.343221156349157,0,0,7782.654311677397,1077.7113221638879,829.0223541329005,1,0,1,26.74464179357072,55,74.42796473941807,85,57.46761581260427,42.53238418739573,Shopping Complex
Loamy,Residential,28.541064384180412,1,0,11459.578674634138,557.894183299281,1566.0847157834535,4,0,2,46.18642821962397,15,52.431559359699314,45,42.77313971679322,57.22686028320678,Individual House
Clayey,Industrial,41.20560808843865,1,1,14423.053257168653,299.04709762074475,1061.8978205253509,1,0,0,54.99372853115267,30,31.323986519268914,10,34.078801615720664,65.92119838427934,Factory
Sandy,Agricultural,19.509334122049665,1,0,14009.72820720531,817.2803367540575,629.0873395741853,3,0,2,23.70441326097129,25,67.48444312991722,45,40.167655423819255,59.832344576180745,Individual House
Rocky,Agricultural,5.6638464415339875,1,1,10794.878402373155,1460.6389608645206,1887.9056371767688,3,1,1,50.34215113315188,55,90.56025593077669,10,51.00981687929733,48.99018312070267,Individual House
Sandy,Commercial,33.541555034561625,0,1,9822.362598597325,1042.6965735276274,2704.6812159903757,3,1,0,47.6146112413596,25,44.09740827573062,45,42.68946600340851,57.31053399659149,Shopping Complex
Rocky,Commercial,38.31677191474346,0,1,8558.496307322916,737.6202751562403,363.75762638315877,3,0,3,11.69595954897731,55,36.138713475427565,45,32.62826421099895,67.37173578900105,Hospital/Clinic
Sandy,Agricultural,57.957877170099536,1,1,17376.28901778321,1165.3714488817593,3019.116861140917,3,0,1,41.51053070747511,25,3.4035380498341112,10,21.629570260074814,78.37042973992519,Individual House
Clayey,Commercial,37.42089417012858,0,0,7286.184292580255,1106.214707848483,4965.122200848038,0,2,0,62.644776457467856,30,37.63184304978571,85,57.08363252256017,42.91636747743983,Shopping Complex
Rocky,Industrial,30.9144907657978,0,1,5927.950602182402,1337.6031915866904,4820.624660100419,1,1,0,46.27137730855055,55,48.47584872367033,45,47.813944238910274,52.186055761089726,Factory
Rocky,Commercial,36.53708942437371,1,0,15122.994379450154,307.00342139092123,4145.867409995794,2,1,1,56.4455223604513,55,39.104850959377146,45,49.03214556600224,50.96785443399776,Shopping Complex
Red Soil,Commercial,56.03453464241149,1,0,7835.505772237802,1288.316364388098,1331.7055640120152,0,0,3,32.62547761963744,20,6.609108929314189,45,27.32119439920165,72.67880560079834,Hospital/Clinic
Red Soil,Agricultural,50.56079800809054,0,1,17092.9733953881,451.5391305625483,112.03798239683648,4,1,0,12.508212312161199,20,15.732003319849099,45,22.560875139218695,77.4391248607813,Individual House
Black Cotton,Agricultural,22.76383033500944,0,0,7229.88565410575,1411.4983917376455,4167.708514414255,0,1,0,72.30904241624764,40,62.060282774984266,85,68.07323553943274,31.926764460567256,Individual House
Sandy,Residential,18.04899000114255,0,0,14336.951666917175,421.59772342010274,278.60115989356615,2,1,3,21.763912292379523,25,69.91834999809575,85,50.09695680185677,49.90304319814323,Individual House
Red Soil,Residential,19.44484868013405,0,0,1857.071119421386,1390.2728147440143,1028.140407353852,0,2,1,35.70159597704353,20,67.59191886644325,85,53.64353830857605,46.35646169142395,Individual House
Black Cotton,Agricultural,32.74315718433672,0,1,8325.69472209608,1445.68607169612,2722.266077233922,1,1,0,69.81421070391582,40,45.4280713594388,45,53.04199158623024,46.95800841376976,Individual House
Red Soil,Commercial,45.92271981757178,1,1,7521.373324383479,218.23703618552136,891.8901957182179,3,0,1,43.26290178884013,20,23.46213363738036,10,26.507549035439133,73.49245096456087,Hospital/Clinic
Sandy,Commercial,32.67705639506292,0,1,16516.896046242546,1461.7498248941745,4168.94165649321,1,1,2,47.83073590123427,25,45.538239341561805,45,43.125317400822446,56.874682599177554,Shopping Complex
Rocky,Residential,8.728801770546193,0,0,19374.05266133789,128.58445264392344,3885.7984812991454,0,1,2,74.10273239872805,55,85.45199704908968,85,76.79895560182723,23.20104439817277,Individual House
Loamy,Residential,44.79693852419895,0,0,9756.744257166267,327.85167991878296,3778.847528686249,2,2,3,61.12966457382329,15,25.33843579300175,85,51.22999154908859,48.77000845091141,Individual House
Sandy,Residential,49.32835707690246,0,1,16671.889265921403,666.2531713092068,4080.638079487883,4,1,1,43.66791073077438,25,17.78607153849589,45,34.73028664039501,65.26971335960499,Individual House
Clayey,Industrial,20.92238258158458,0,1,14294.199318189936,1490.3960485675652,1098.5089013230604,1,2,0,48.73958238106507,30,65.1293623640257,45,49.0911944243792,50.9088055756208,Factory
Red Soil,Industrial,41.52691566058427,0,0,19380.333765610172,732.844576748069,3644.461880748747,2,2,3,49.61827108485393,20,30.788473899026215,85,49.313513354455424,50.686486645544576,Factory
Red Soil,Residential,28.462554557991634,0,1,16411.06177251367,825.6141647677288,1776.4075129588236,4,2,2,48.41251161967856,20,52.56240907001394,45,44.33498133439098,55.66501866560902,Individual House
Rocky,Commercial,53.90156456500936,0,1,2472.08325331088,1041.637424285473,3334.2237978419976,3,1,1,40.52460885874766,55,10.164059058317733,45,36.224627865141116,63.775372134858884,Shopping Complex
Clayey,Residential,51.48740569884069,1,0,14552.352725262488,1452.440337409427,610.1086431558739,1,0,3,31.330321438407303,30,14.18765716859886,45,30.262526795592272,69.73747320440773,Individual House
Rocky,Industrial,33.898759907030325,1,0,11174.4945930251,1175.0271001863666,3527.9329003225744,1,0,3,45.52531002324242,55,43.502066821616125,45,46.30937521353888,53.69062478646112,Factory
Clayey,Commercial,43.0328050197477,0,1,1312.2851007142162,336.2310066355479,4860.538639503898,3,1,1,71.0679383469302,30,28.278658300420503,45,47.69344299653069,52.30655700346931,Shopping Complex
Loamy,Industrial,53.58423355621572,1,1,5774.94621578343,454.486395996532,218.00182659358126,3,2,0,15.694794383025776,15,10.692944072973802,10,12.916414052302471,87.08358594769753,Factory
Red Soil,Commercial,32.26443555430515,1,1,18513.349655510967,146.4423594127866,469.1445058354238,0,0,0,42.530239663364995,20,46.22594074282475,10,31.942069067883935,68.05793093211607,Hospital/Clinic
Red Soil,Industrial,22.228790726885208,1,1,18595.166082948304,966.6785462471097,618.1838366900694,4,1,0,26.806479052080086,20,62.952015455191315,10,30.62027153202586,69.37972846797413,Factory
Loamy,Commercial,46.45163758502697,1,0,16178.158743812055,271.1104598088324,2152.8195247065064,2,0,1,64.12046301521332,15,22.580604024955036,45,41.58731306156342,58.41268693843658,Hospital/Clinic
Black Cotton,Commercial,17.103644013158046,1,1,19653.8124622818,386.10733271904854,1453.9009246652683,3,1,2,69.63566752687294,40,71.49392664473659,10,50.74596529558967,49.25403470441033,Shopping Complex
Rocky,Commercial,26.369213140332313,1,1,16324.359267859892,1332.1704827705657,4034.6007677034686,0,2,3,47.40769671491692,55,56.05131143277948,10,41.35552170841579,58.64447829158421,Shopping Complex
Loamy,Commercial,52.61499804087365,0,0,1193.8795584196587,490.1335129980228,2368.9361960048077,4,0,1,49.43823970990022,15,12.308336598543917,85,43.88046804810106,56.11953195189894,Shopping Complex
Rocky,Agricultural,44.84322871481233,0,0,6468.8524657287235,849.9700775312506,2422.686713442762,4,1,0,42.78919282129692,55,25.26128547531279,85,50.791538856282116,49.208461143717884,Individual House
Sandy,Industrial,27.209605288612458,1,0,1581.8594625174944,596.3490131837656,3585.1905066267686,1,1,0,49.197598677846884,25,54.65065785231257,45,45.88182400032455,54.11817599967545,Factory
Red Soil,Industrial,16.81094763245966,0,0,2788.0514060136293,111.04693110887037,1809.8449126787286,0,0,3,75.33134547892743,20,71.98175394590056,85,68.61140940409975,31.388590595900254,Factory
Rocky,Agricultural,24.57826149577301,1,0,5157.975522064745,544.2957448450576,1766.0362371023175,0,1,3,43.1761593681031,55,59.036230840378316,45,49.37071348893066,50.62928651106934,Individual House
Clayey,Commercial,20.625728207508814,0,0,10567.612380184926,612.1023045538963,3784.6319381374024,1,0,3,66.8435679481228,30,65.62378632081865,85,65.55119536204764,34.448804637952364,Shopping Complex
Rocky,Commercial,14.684910836911966,0,0,17103.10806577834,1343.5516528672772,3900.208729183824,2,1,3,50.32877229077201,55,75.52514860514673,85,65.99635745305689,34.00364254694311,Shopping Complex
Sandy,Industrial,45.883310246111115,0,1,17377.36836698505,486.6759804695093,71.99386266409758,3,0,3,6.768490863583615,25,23.527816256481472,45,23.250925866374633,76.74907413362537,Factory
Red Soil,Agricultural,18.86384377675943,1,1,12707.835312588633,568.8616796431018,718.952379203665,1,2,1,29.663086639883446,20,68.56026037206762,10,33.02214541697611,66.97785458302388,Individual House
Loamy,Commercial,29.97921085922701,0,0,18635.342842258466,1174.3451530085017,1065.4909057423988,3,0,0,35.815015400041226,15,50.03464856795498,85,48.54391753200318,51.45608246799682,Shopping Complex
Sandy,Commercial,26.222269575985997,0,1,10501.184205213955,1138.434976817397,1758.0023437893815,0,1,0,44.60447948179113,25,56.29621737335667,45,44.685622161966066,55.314377838033934,Shopping Complex
Red Soil,Commercial,59.0142558249597,1,1,17891.68483853083,1197.4279149727363,1457.2404171597652,1,2,1,34.391244386955385,20,1.642906958400502,10,17.94766227503451,82.0523377249655,Shopping Complex
Rocky,Residential,26.51007342815213,1,0,9627.23987030823,1430.656110114006,3342.6002419413826,2,2,2,47.372481642961965,55,55.81654428641312,45,50.03450464663997,49.96549535336003,Individual House
Black Cotton,Agricultural,9.399036553821514,0,0,6267.275141015763,1193.3362475921763,4140.6761690147905,3,0,0,75.65024086154462,40,84.33493907696415,85,74.81131907078165,25.18868092921835,Individual House
Black Cotton,Commercial,9.940416391464622,1,0,18411.845443908125,611.4123048268364,960.4349117801208,3,0,2,54.72359413773626,40,83.43263934755896,45,57.26141778509743,42.73858221490257,Shopping Complex
Clayey,Residential,37.49145467441856,0,0,8370.766437898517,1232.262775347138,2814.900303009742,3,0,2,62.62713633139536,30,37.514242209302395,85,57.04805826831397,42.95194173168603,Individual House
Red Soil,Agricultural,37.964995345604606,0,0,10564.67806804477,763.0119481349075,1839.08125540518,0,2,2,47.29037627170244,20,36.725007757325656,85,49.98288363442727,50.01711636557273,Individual House
Black Cotton,Commercial,28.031744476546024,1,1,7248.352018082867,416.571048777848,2528.8893752303093,3,2,2,75.99780095419263,40,53.280425872423294,10,48.419336802073246,51.580663197926754,Shopping Complex
Loamy,Industrial,28.751403077161633,1,1,13593.914405523867,454.37560219651857,3103.7892089169695,4,0,0,57.54961309891848,15,52.08099487139728,10,37.91261330247079,62.08738669752921,Factory
Red Soil,Residential,7.966292056247917,0,0,19905.593275114676,335.7635828450975,4467.999093410055,3,1,0,67.86261201523217,20,86.72284657292013,85,69.68262584856129,30.317374151438713,Individual House
Loamy,Residential,33.41005807140942,1,0,1484.7574284306231,217.4894367296301,961.4633391364035,0,2,1,49.827386061097904,15,44.31656988098429,45,42.01872759163034,57.98127240836966,Individual House
Loamy,Commercial,32.760671145919346,0,1,18097.11211413493,276.7356177804755,435.03293528030173,1,0,0,35.90635385229767,15,45.39888142346775,45,37.41694420417112,62.58305579582888,Hospital/Clinic
Black Cotton,Commercial,13.225212520631949,1,1,1074.5950827960426,94.76707493072905,3136.059595226762,3,1,1,99.00767237399828,40,77.95797913228009,10,62.64218011396942,37.35781988603058,Shopping Complex
Red Soil,Residential,10.711166236101016,1,1,7920.32974177801,1332.6762973985794,1970.6542438631325,3,0,2,56.735293318237396,20,82.14805627316497,10,45.89436672967433,54.10563327032567,Individual House
Rocky,Industrial,11.796486982971977,1,0,4203.529319500772,1396.5117144736848,814.5134664649428,1,2,1,27.34114758355586,55,80.33918836171337,45,49.15419874467289,50.84580125532711,Factory
Sandy,Industrial,10.556553557019217,1,0,15389.493832778475,880.1555887408433,585.4358367742235,4,2,1,25.06957834622967,25,82.40574407163464,45,44.37578843908904,55.62421156091096,Factory
Black Cotton,Agricultural,38.53395075452179,1,1,1961.605974386296,1260.7343349130274,2794.5489343701493,0,0,0,68.36651231136955,40,35.77674874246368,10,41.37246649459526,58.62753350540474,Individual House
Black Cotton,Commercial,15.806545882160524,0,0,11516.21411810223,275.3566539797207,1502.352972640978,1,1,1,77.57402374349617,40,73.65575686306579,85,72.8148475259901,27.185152474009897,Shopping Complex
Rocky,Industrial,18.828658370310492,0,1,6603.59654306094,1352.5107378404778,4987.131897929889,0,2,2,49.29283540742237,55,68.61890271614918,45,53.90721807163513,46.09278192836487,Factory
Red Soil,Agricultural,14.546467928329186,0,0,3539.7347284293405,759.5423394457625,2029.5040966535698,1,0,0,56.363383017917705,20,75.75588678611803,85,62.916155752800705,37.083844247199295,Individual House
Red Soil,Industrial,57.68094174466767,1,0,15664.546029950176,100.74748890833263,1061.4330438259135,2,0,0,50.76357610585139,20,3.8650970922205516,45,32.983525910103126,67.01647408989687,Factory
Loamy,Commercial,52.00396047335094,0,1,5130.919850849878,211.9691167412403,3144.245225586389,4,1,0,66.28086287718784,15,13.326732544415094,45,40.02998514311952,59.97001485688048,Shopping Complex
Rocky,Agricultural,17.67721605433365,0,1,5249.829029043839,463.46469118022577,1221.2744484525344,2,1,3,36.19830348465373,55,70.53797324277726,45,49.80389953032312,50.19610046967688,Individual House
Rocky,Agricultural,23.01614616571693,1,0,6226.458917620537,65.33637053212715,2470.4302161558057,1,2,2,74.32578122664314,55,61.63975639047178,45,60.92396252694304,39.07603747305696,Individual House
Red Soil,Agricultural,16.544106326774845,1,1,12148.56851273252,463.9400670261654,2412.880918605037,1,1,1,58.02756939673636,20,72.42648945537526,10,43.91627165270154,56.08372834729846,Individual House
Loamy,Industrial,32.05317777034531,1,0,13533.652702124216,89.89564967833769,2267.788148578686,0,1,3,78.59296657671341,15,46.578037049424495,45,52.652047564205816,47.347952435794184,Factory
Black Cotton,Commercial,6.078579286083947,0,1,1334.4479503255543,354.0414077892378,3980.428481347875,1,2,0,85.23787071112474,40,89.86903452319342,45,69.550513379692,30.449486620307994,Shopping Complex
Clayey,Agricultural,41.92524048932376,0,1,5595.523086162016,398.50463378466236,1083.0650073309196,0,0,3,49.26971199720771,30,30.124599184460394,45,40.5255489951378,59.4744510048622,Individual House
Sandy,Residential,33.77369823997029,1,0,9188.446007600374,1491.553464550191,4521.5365253523505,0,2,3,47.55657544000743,25,43.710502933382855,45,42.57242713734831,57.42757286265169,School
Black Cotton,Commercial,54.425141056560676,0,0,7307.56209106343,353.32001064549667,3956.7025160676717,1,2,1,73.19451409713004,40,9.291431572398878,85,55.19093782709523,44.80906217290477,Shopping Complex
Red Soil,Residential,14.041597638062777,0,0,17799.242511706834,358.77967340787046,1665.6118212166189,0,1,2,58.27505661034446,20,76.59733726989538,85,63.79560413109441,36.20439586890559,Individual House
Sandy,Residential,49.22600853336224,1,1,15966.465886841957,1030.1834525375775,903.0125314006926,4,1,3,21.75374849467329,25,17.95665244439627,10,18.352975084234718,81.64702491576529,Apartment
Clayey,Agricultural,48.55785579566937,0,1,12891.914095237722,1289.0362177746779,1397.6751225337064,2,0,2,47.814038501756784,30,19.070240340551052,45,37.252473560752634,62.747526439247366,Individual House
Clayey,Agricultural,11.994965406928781,1,0,7422.805903943756,580.5831189031298,1663.1812345453916,1,1,2,62.26488333917564,30,80.00839098845204,45,57.54480691582448,42.45519308417552,Individual House
Loamy,Industrial,26.920757327927017,0,1,14312.774552077037,1313.4270299110387,2784.6658440352335,0,0,0,55.269810668018245,15,55.13207112012164,45,46.62745151383679,53.37254848616321,Factory
Sandy,Industrial,14.358395262948429,1,0,17029.122244070095,510.2130311216357,231.84084406825068,0,0,0,17.04721806562791,25,76.06934122841929,45,39.98386163007459,60.01613836992541,Factory
Loamy,Industrial,19.00962752516519,0,0,12301.777169820747,295.52381942252896,4571.795649260266,0,0,1,69.51616395335698,15,68.31728745805802,85,64.90997924818944,35.090020751810556,Factory
Black Cotton,Commercial,19.47853961567994,0,0,15904.767870974203,494.45823649158524,493.3742833055549,0,2,1,43.33035657269599,40,67.5357673072001,85,59.29956662724362,40.70043337275638,Shopping Complex
Rocky,Industrial,35.5930016714175,1,0,15232.994266595208,914.0345608919886,1396.3669705001741,4,1,3,33.02908899214911,55,40.67833054763751,45,41.22976378416156,58.77023621583844,Factory
Rocky,Residential,27.627601246825602,1,0,11863.008912046122,550.7147389681106,546.437189764833,1,1,0,18.02184348359026,55,53.95399792195733,45,39.29614469974592,60.70385530025408,Individual House
Rocky,Industrial,57.12530422034679,1,1,6931.4811196087085,1009.3407059839332,1283.3641326283007,1,0,2,25.385956597479318,55,4.7911596327553525,10,20.8328747173066,79.1671252826934,Factory
Sandy,Agricultural,11.950357807085283,1,1,15169.861002024163,355.4038191337236,4188.369093044042,4,1,2,61.688181400205266,25,80.0827369881912,10,47.86154773711964,52.13845226288036,Individual House
Rocky,Industrial,58.55306741676093,0,0,4929.130960794522,1051.4893409837232,3075.8790569162115,4,0,3,39.361733145809765,55,2.4115543053984396,85,43.87949517738303,56.12050482261697,Factory
Black Cotton,Commercial,17.685125211784516,1,1,15810.278582959141,521.1575448727,1136.6161254474034,4,1,0,56.311041206001946,40,70.52479131369248,10,45.8400622505238,54.1599377494762,Shopping Complex
Loamy,Commercial,47.50806650100192,1,0,16286.387150708128,683.8025574029017,4358.7926489966885,1,2,1,50.12298337474952,15,20.819889164996795,45,36.248016472411535,63.751983527588465,Shopping Complex
Sandy,Residential,23.643345939505178,1,1,16620.75271183709,836.6177106643439,4003.560296092424,3,1,3,50.08916351512371,25,60.59442343415803,10,38.9298130888328,61.0701869111672,Individual House
Loamy,Commercial,12.869476747952266,1,1,9985.403448590694,1029.3375047789905,3768.2464116079027,2,0,2,58.782630813011934,15,78.55087208674622,10,44.96163880624073,55.03836119375927,Shopping Complex
Sandy,Industrial,52.18390518854319,1,0,4657.134587638012,358.07053777310057,4238.163491928564,4,2,0,51.46979143647816,25,13.02682468576134,45,36.27113317420769,63.72886682579231,Factory
Loamy,Agricultural,21.987349458005475,0,1,2894.748401255306,1253.9183061162157,3098.2484075915754,4,1,1,56.50316263549863,15,63.35441756999087,45,49.11471131492224,50.88528868507776,Individual House
Clayey,Commercial,41.23704723247632,1,0,15123.86375927056,1082.7641246328596,2507.1868010561616,1,2,1,61.69073819188092,30,31.27158794587281,45,45.15965535362652,54.84034464637348,Shopping Complex
Loamy,Residential,36.15440267976446,1,1,17838.96630606645,351.1468785359992,1869.6751308569471,1,0,2,59.28608923503788,15,39.742662200392566,10,35.4357967823614,64.5642032176386,Individual House
Rocky,Industrial,30.94659701649809,1,0,13365.928817901227,1462.4618439043657,1118.820102038492,2,0,2,28.639752786645317,55,48.42233830583652,45,41.62949805178499,58.37050194821501,Factory
Clayey,Residential,32.27007099566965,0,0,3739.0411473790223,997.1954865456876,2787.0582882344743,0,1,2,63.93248225108259,30,46.21654834055059,85,59.68050587301656,40.31949412698344,Individual House
Loamy,Commercial,45.273085275075815,0,0,18763.032521833906,678.6403297000584,4447.461728570442,1,0,2,50.68172868123105,15,24.544857874873642,85,47.374819507149276,52.625180492850724,Hospital/Clinic
Sandy,Commercial,9.827510276789232,0,0,19792.93827624707,236.2909883302745,2969.908944961625,2,1,1,69.36566313098622,25,83.62081620535128,85,70.183186147183,29.816813852817006,Shopping Complex
Sandy,Residential,41.749936407684785,1,0,9234.193588763517,799.8315034621971,4598.0343086031835,1,0,0,45.5625158980788,25,30.416772653858686,45,38.55107372779225,61.44892627220775,Individual House
Sandy,Industrial,54.26966557692183,1,0,12301.680496201652,247.16383024067727,1784.5868479658177,1,0,1,53.29449075064527,25,9.550557371796955,45,36.04071110567508,63.95928889432492,Factory
Red Soil,Commercial,8.178350836092529,0,1,15767.341880031498,644.2375180467657,3475.689862637488,1,0,2,57.95541229097687,20,86.36941527317911,45,56.12674812013668,43.87325187986332,Shopping Complex
Black Cotton,Agricultural,12.735933657851671,0,0,14991.406010950848,613.0687841092783,3243.327362313206,3,1,0,74.81601658553708,40,78.77344390358056,85,73.12896678083311,26.87103321916689,Individual House
Sandy,Commercial,44.414756518611725,1,1,19387.956646735536,1079.9094665211903,3352.1692203137095,3,1,1,44.896310870347065,25,25.975405802313787,10,28.45756025519992,71.54243974480008,Shopping Complex
Clayey,Industrial,29.050490653453966,1,0,3182.7787304969893,288.5747718363747,3225.210061203963,4,1,0,77.42289102645404,30,51.58251557757672,45,55.74364075365309,44.25635924634691,Factory
Sandy,Commercial,27.19517414475286,1,1,12033.772456713308,1232.8070323062689,1108.2733746855838,3,1,1,31.36667395752346,25,54.67470975874524,10,30.89701332481952,69.10298667518049,Shopping Complex
Red Soil,Residential,12.533164899932972,0,0,14146.69697378875,489.1984905242487,717.9544914157449,2,0,0,31.87388917187673,20,79.11139183344505,85,55.18370916851812,44.81629083148188,Individual House
Rocky,Commercial,32.872352239478346,1,0,17911.870059565732,665.9829404531625,4893.141281160293,1,2,1,45.78191194013041,55,45.21274626753608,45,46.82685574592966,53.17314425407034,Shopping Complex
Clayey,Commercial,11.959992115800748,1,1,17608.082926644864,1158.5114633307637,226.47564421250598,3,1,1,33.539514855299934,30,80.06667980699875,10,38.75550015110466,61.24449984889534,Shopping Complex
Red Soil,Industrial,31.214125097079723,0,0,19581.99607766451,938.0885995702722,2338.6824351413516,1,0,3,52.19646872573007,20,47.9764581715338,85,54.512878596888974,45.487121403111026,Factory
Rocky,Residential,46.99884144289112,0,0,10729.490624815902,462.03802770290605,2125.4015857093095,0,0,2,44.52800797710286,55,21.668597595181467,85,50.50195219078137,49.49804780921863,School
Clayey,Industrial,19.204539683793993,0,0,16784.456469451303,579.3043868188215,1800.0947910753812,4,1,3,63.200760900559125,30,67.99243386034334,85,64.86837478028153,35.13162521971847,Factory
Loamy,Commercial,31.443239249885,1,0,9118.352454419226,458.68022098441526,3909.9192678835475,3,1,1,56.61837692846383,15,47.59460125019167,45,45.21508223751026,54.78491776248974,Shopping Complex
Black Cotton,Agricultural,59.56087831682596,0,1,9023.963679264612,892.1552509157357,3726.7514415625797,1,0,2,63.10978042079351,40,0.7318694719567276,45,39.52139051526691,60.47860948473309,Individual House
Black Cotton,Commercial,42.76577328447205,0,0,5813.618924984321,498.9367998102596,4526.124617649702,0,1,1,67.3723486902664,40,28.723711192546588,85,58.011249839729885,41.988750160270115,Shopping Complex
Red Soil,Industrial,51.27462242178592,1,1,16546.508453365364,1088.5465421747112,1977.437630934611,4,1,3,46.73009701324574,20,14.542295963690137,10,25.491107945558543,74.50889205444146,Factory
Rocky,Agricultural,27.816618360830017,1,0,19730.487010456796,869.6807378755891,2820.8976396472985,4,2,0,47.0458454097925,55,53.63896939861664,45,49.37578824308153,50.62421175691847,Individual House
Black Cotton,Industrial,47.23235077192204,0,0,5870.4928385979,218.55991762126348,4461.535236710603,0,2,0,83.07831724974369,40,21.279415380129933,85,61.64726488244277,38.35273511755723,Factory
Rocky,Industrial,7.228004511772701,1,0,2066.500172400374,465.40292801982366,4969.240314276922,3,1,2,54.26882319086741,55,87.95332581371217,45,60.482419570231635,39.517580429768365,Factory
Rocky,Residential,11.760115039823475,0,0,16495.30631096114,332.1711628652336,4846.471811826775,3,2,3,61.12970146813012,55,80.39980826696087,85,70.99534758058576,29.004652419414242,Individual House
Red Soil,Agricultural,16.16888261060342,1,1,12784.370998160368,585.469818827228,3589.219356343671,1,2,3,55.957779347349145,20,73.05186231566097,10,43.34818835048744,56.65181164951256,Individual House
Red Soil,Commercial,27.107355853837074,1,0,19234.277210469085,773.9761293140447,716.1377890508979,2,1,1,27.54591681755869,20,54.82107357693821,45,37.59633928038009,62.40366071961991,Shopping Complex
Red Soil,Industrial,51.51596830791697,0,0,5792.545162462093,760.1442859261648,115.93005896513297,1,0,2,9.439609102323416,20,14.14005282013838,85,31.08887639084779,68.91112360915221,Factory
Black Cotton,Commercial,24.044632793336177,0,0,2349.5255020243403,1131.7855148449335,4126.091782014709,1,0,0,71.98884180166596,40,59.925612011106374,85,67.42749763335968,32.57250236664032,Shopping Complex
Red Soil,Residential,41.00416564335046,0,1,10356.40295646353,283.757795402564,4204.710122459127,1,0,3,62.72349086500854,20,31.659723927749226,45,44.118152784690295,55.881847215309705,Individual House
Black Cotton,Residential,44.01228621419159,1,1,2623.8544363378023,1419.7092439461703,3731.8045413173477,0,0,1,66.9969284464521,40,26.64618964301401,10,38.61047236701174,61.38952763298826,Individual House
Red Soil,Agricultural,37.24002947485878,0,1,5974.010020951441,514.2676603232529,1399.6174299961006,4,2,2,38.68234123120732,20,37.93328420856869,45,37.27214048306473,62.72785951693527,Individual House
Sandy,Residential,24.64830824935749,1,1,3393.5793555641976,450.3732703742078,3199.0892979926334,4,2,3,52.815526715208165,25,58.91948625107084,10,39.46530591309057,60.53469408690943,Individual House
Rocky,Residential,36.73793379424494,1,0,5258.511413541495,1027.7678672703296,1581.2422090763712,2,1,3,36.440360732966184,55,38.7701103429251,45,41.94665384226944,58.05334615773056,Individual House
Red Soil,Commercial,23.824607603436043,0,0,3016.748403606445,1208.2749430245938,2253.241230504623,3,1,0,54.04384809914099,20,60.29232066093993,85,58.238426999934326,41.761573000065674,Shopping Complex
Clayey,Residential,9.613055620360665,1,1,19124.213989118423,567.7076472204801,1912.1754249025523,1,0,3,67.84024459296087,30,83.97824063273222,10,51.738645765719355,48.261354234280645,Individual House
Rocky,Residential,59.60421880023079,1,0,6292.691555544974,1120.2704623409657,4568.200433950278,0,0,0,39.0989452999423,55,0.6596353329486817,45,33.34953968821698,66.65046031178302,School
Rocky,Industrial,11.9950349497881,0,0,9434.054133858745,1325.6039342040822,1170.786653719378,0,1,3,34.416974336940534,55,80.0082750836865,85,61.54800978885081,38.45199021114919,Factory
Red Soil,Residential,8.979161110983155,1,1,18073.624345050222,1150.205497810436,2888.054522868751,1,1,1,57.75520972225421,20,85.03473148169473,10,46.973006273212654,53.026993726787346,Individual House
Loamy,Industrial,53.319191206393576,1,0,13869.110171268012,51.294728356249486,1804.9076451692958,0,0,1,71.69067140041257,15,11.13468132267738,45,41.37540532081374,58.62459467918626,Factory
Red Soil,Residential,21.60090634910923,0,1,12742.712130673712,1241.0533670492823,3315.3555595711287,0,2,1,54.59977341272269,20,63.99848941815128,45,49.35954304899076,50.64045695100924,School
Rocky,Residential,40.76633357404292,0,1,14405.700616855906,1161.7214376815512,2822.815705887375,1,2,2,43.808416606489274,55,32.056110709928475,45,42.84697348975337,57.15302651024663,Individual House
Clayey,Agricultural,23.095315131422808,1,1,16747.622885002253,1003.935357229779,4619.888406829702,2,2,2,66.2261712171443,30,61.50780811429532,10,45.556111954574334,54.443888045425666,Individual House
Rocky,Agricultural,26.529984893695914,1,1,17675.716089183457,1140.0336286318552,508.0607585060659,0,2,1,17.52871894669734,55,55.78335851050681,10,30.83089125897077,69.16910874102923,Individual House
Clayey,Industrial,19.416213460923807,1,1,13210.153742635503,1469.1380937479082,1103.204198783817,4,2,1,49.210030610445386,30,67.63964423179365,10,41.1334217716043,58.8665782283957,Factory
Black Cotton,Residential,23.86742031861556,1,1,17910.138219187098,646.6693317275245,3831.7398191552793,4,1,1,72.0331449203461,40,60.22096613564073,10,48.76684225603132,51.23315774396868,Individual House
Sandy,Commercial,27.58852203225987,0,0,11172.55302108406,100.83485243189672,1843.934199474217,4,1,0,69.93146233550557,25,54.019129946233555,85,62.980794303985334,37.019205696014666,Shopping Complex
Rocky,Agricultural,44.62288380007886,1,0,6268.526269100045,691.334954441575,828.9189311436196,1,0,1,19.42265767285268,55,25.628526999868555,45,32.70506193546558,67.29493806453442,Individual House
Red Soil,Commercial,33.13449068291355,1,0,17721.457468793044,69.6504830865719,2516.606296226939,4,1,2,77.53734834407729,20,44.77584886181075,45,52.58203413587974,47.41796586412026,Shopping Complex
Black Cotton,Agricultural,56.89608694363373,1,1,11287.983720848655,441.37561213269174,3260.710308056931,3,1,0,67.29344153613006,40,5.173188427277111,10,33.3460016444648,66.65399835553521,Individual House
Sandy,Agricultural,7.303421661132653,1,1,18216.614163777453,880.3196876951384,224.13357076749296,0,1,1,18.656816000066698,25,87.82763056477891,10,34.73679324121807,65.26320675878193,Individual House
Red Soil,Residential,32.66875774476155,0,1,1763.1884650610432,464.4343393892344,1458.1094468372235,2,1,2,43.12893913720002,20,45.55207042539742,45,40.73314630436936,59.26685369563064,Individual House
Loamy,Agricultural,37.1323633857445,1,0,8552.799279283474,1028.092868864308,4047.1126884802143,4,0,0,52.716909153563876,15,38.11272769042584,45,41.47910012635381,58.52089987364619,Individual House
Red Soil,Commercial,55.61083423408507,0,0,19008.295348886895,1232.9794915285815,2601.222833050971,1,1,0,46.09729144147873,20,7.315276276524884,85,42.21287107364878,57.78712892635122,Shopping Complex
Clayey,Agricultural,7.703718799178517,0,1,5743.351762407752,630.6587689193053,176.89607586659994,2,1,2,33.61199181753737,30,87.1604686680358,45,49.30431430314703,50.69568569685297,Individual House
Clayey,Industrial,36.542477171436886,0,1,18889.18867473136,1350.2069269395054,1409.7550263735043,1,0,2,51.05948123461087,30,39.09587138093852,45,43.39478627734843,56.60521372265157,Factory
Loamy,Residential,51.94964606903764,0,1,19124.146761455748,119.75839702560032,3195.7032798971068,2,1,0,71.82708466120457,15,13.417256551603927,45,41.99379376932258,58.00620623067742,Individual House
Black Cotton,Residential,18.306025046558013,0,1,17760.703970291357,1260.1697463006747,996.7973478901238,2,0,2,53.35944069616297,40,69.48995825573664,45,53.29829380759119,46.70170619240881,Individual House
Sandy,Industrial,53.19607916881656,1,1,11709.692856772675,1242.8597181589485,4136.957031097071,0,2,0,42.70098020779586,25,11.339868051972402,10,24.030310085721652,75.96968991427835,Factory
Red Soil,Industrial,6.04738751008605,0,0,13291.849532532131,482.99084449014737,3382.879535418321,2,2,0,59.508702453069645,20,89.92102081652325,85,67.55830106270518,32.44169893729482,Factory
Clayey,Industrial,45.28500460235514,0,1,17522.722970547515,448.07278068692244,2356.8953047389655,3,1,0,63.79438200819586,30,24.524992329408107,45,44.209281785220576,55.790718214779424,Factory
Black Cotton,Agricultural,56.32122716427592,0,1,15742.044565394504,457.64247173026894,4578.118905333924,3,1,0,66.46114490511488,40,6.13128805954014,45,42.04422273167524,57.95577726832476,Individual House
Loamy,Residential,41.145871390203425,1,1,12971.78313965282,1217.0905685166165,1959.0038546233086,3,1,1,50.89360924491531,15,31.423547682994297,10,30.41865015646893,69.58134984353107,Individual House
Rocky,Industrial,29.146608418924636,0,1,19662.92874954335,1247.4802314152926,1175.3670528204264,1,1,2,30.220688951677367,55,51.42231930179227,45,42.932820958535146,57.067179041464854,Factory
Clayey,Agricultural,7.468455905999491,1,0,14027.856090340189,494.5836882415014,3307.014962633504,0,2,1,70.45786472901004,30,87.55257349000085,45,62.29839602765372,37.70160397234628,Individual House
Loamy,Industrial,55.60625973274458,0,1,19534.15785650746,888.8855211666927,2866.4759373507427,1,2,1,48.098435066813856,15,7.322900445425688,45,32.16517738474127,67.83482261525873,Factory
Red Soil,Commercial,30.866292248036615,0,1,2090.381017534724,208.39984416068174,1676.2395046561257,4,1,1,63.30422638147247,20,48.556179586605644,45,48.545524130166775,51.454475869833225,Shopping Complex
Sandy,Commercial,6.594820938477141,1,1,3640.247044102037,703.1681074215331,1718.3228066198858,3,0,1,48.71775089777843,25,89.00863176920477,10,45.55337075652364,54.44662924347636,Shopping Complex
Clayey,Residential,42.9401589230819,1,0,9577.71807400932,1498.1892762833074,1991.051543170509,0,0,0,61.085991132639705,30,28.43306846153017,45,44.23836401180644,55.76163598819356,School
Clayey,Agricultural,31.5010489466942,1,1,8312.709756801987,238.2587215593703,1455.6928373968465,3,2,0,68.94307121770116,30,47.49825175550967,10,43.00463786507282,56.99536213492718,Individual House
Red Soil,Commercial,11.83899245933259,0,0,15871.961985783528,1421.3439599400886,3551.2070318046126,0,0,0,57.04025188516685,20,80.26834590111235,85,64.28117463508649,35.71882536491351,Shopping Complex
Rocky,Commercial,16.784949512064276,1,1,4051.666502914871,1236.3820829475117,3256.7920252560266,1,1,3,49.80376262198393,55,72.02508414655954,10,46.18758795433426,53.81241204566574,Shopping Complex
Black Cotton,Agricultural,8.546987425071546,1,1,19545.808403118284,1458.3219764194048,2203.8882627319636,1,1,0,75.86325314373211,40,85.75502095821409,10,56.49089383985976,43.50910616014024,Individual House
Sandy,Industrial,36.58614468397155,1,1,6986.251629957366,269.36814091579953,1989.273378896186,3,1,1,60.47684295198286,25,39.02309219338076,10,37.172668081539186,62.827331918460814,Factory
Clayey,Agricultural,39.211621358860505,1,1,9149.55044706303,320.27773566504635,1825.2563467985256,2,1,3,69.48555745635261,30,34.6472977352325,10,39.98176954353154,60.01823045646846,Individual House
Sandy,Industrial,32.815826409549445,1,1,6220.1556163604355,25.300772602288024,1417.3416069612676,0,1,3,64.6248291807007,25,45.30695598408426,10,40.19542920926631,59.80457079073369,Factory
Clayey,Commercial,49.94061731514382,0,1,12007.908729204399,1087.0527193734083,428.48331578529684,4,0,3,28.084511986919985,30,16.76563780809363,45,29.7709886474454,70.22901135255461,Hospital/Clinic
Sandy,Commercial,52.35548517194075,1,1,2113.945308029095,966.1420401542784,1341.0234276125027,2,0,0,29.73159725926486,25,12.74085804676541,10,19.841273552434053,80.15872644756595,Hotel/Resort
Loamy,Commercial,38.859341817571966,0,1,3843.872605838527,267.09815748709815,1606.0067434653251,1,2,1,58.37940996568763,15,35.234430304046725,45,42.741401064002346,57.258598935997654,Shopping Complex
Clayey,Residential,5.70160638390868,1,1,15170.15636495576,1186.717448313108,2738.4200313267165,0,2,0,70.57459840402282,30,90.49732269348553,10,54.32544011477937,45.67455988522063,Individual House
Sandy,Residential,43.23763106612546,1,0,4543.511084691274,448.7932591975881,3868.9425453902486,2,0,2,48.262996681613345,25,27.937281556457577,45,38.876369227679064,61.123630772320936,Individual House
Black Cotton,Residential,27.989956930619336,0,0,5474.774579576594,202.49335399595276,1978.5107241701583,4,0,3,88.42312401099117,40,53.35007178230111,85,71.53561134942218,28.464388650577817,Individual House
Loamy,Agricultural,36.105661577451286,0,0,16066.662478771917,633.8439975290222,4723.784529260459,2,2,2,52.97358460563718,15,39.823897370914516,85,51.99672895470164,48.00327104529836,Individual House
Loamy,Commercial,40.699433111038644,0,0,2772.722388787818,136.45477264028412,4136.749817205812,4,1,3,73.63785536382329,15,32.167611481602265,85,57.315152247738716,42.684847752261284,Shopping Complex
Black Cotton,Commercial,24.263013787989223,0,1,9312.002632645977,394.86548440986996,4924.009239418726,1,2,3,78.2423174884105,40,59.561643686684626,45,59.525222042614836,40.474777957385164,Shopping Complex
Sandy,Agricultural,55.440417784448684,1,1,1438.2043529473128,557.0000376410193,4381.015205207409,0,2,2,42.139895553887825,25,7.599303692585522,10,22.89878936700712,77.10121063299289,Individual House
Red Soil,Residential,12.368617671237967,0,0,7589.340587040173,1277.7962617712249,3083.629746546896,1,0,2,56.90784558219051,20,79.38563721460339,85,64.01415525741753,35.98584474258247,Individual House
Black Cotton,Agricultural,41.93314940045706,1,0,14280.646649604336,1188.8231119398322,2992.3964390835945,0,2,0,67.51671264988573,40,30.111417665904895,45,48.40870384393623,51.59129615606377,Individual House
Sandy,Residential,5.2397768976119234,1,0,2711.962314627338,664.1314286259274,647.6306337710852,2,2,2,27.64266845101872,25,91.26703850398013,45,47.491693583851585,52.508306416148415,Individual House
Black Cotton,Commercial,55.855810797284946,1,0,17878.357908796443,1086.8625866285813,3611.9962444578387,1,0,2,64.03604730067876,40,6.906982004525091,45,41.38936205636884,58.61063794363116,Hospital/Clinic
Black Cotton,Industrial,11.187727328095033,0,1,18280.481815873605,852.9744542685075,3001.0342879633567,0,1,1,75.20306816797624,40,81.35378778650828,45,63.90952080541875,36.09047919458125,Factory
Clayey,Residential,10.218632658116604,0,0,2994.817127377567,511.2627826171021,2534.6605169799236,4,1,2,69.44534183547086,30,82.96894556980567,85,70.79810603486621,29.20189396513379,Individual House
Sandy,Commercial,23.315419817873433,0,1,19823.916291139758,1088.8115152429273,3466.434362786443,0,1,0,50.171145045531645,25,61.14096697021095,45,47.84514250848881,52.15485749151119,Shopping Complex
Red Soil,Commercial,25.546145732149434,1,1,6653.061514514289,1025.248731699567,2220.2392141899686,1,0,3,53.61346356696264,20,57.42309044641761,10,38.62048486004133,61.37951513995867,Shopping Complex
Clayey,Industrial,16.786503977758322,0,1,2597.931751500515,928.641663290403,2619.298312041431,1,2,3,67.80337400556041,30,72.0224933704028,45,57.486804244546846,42.513195755453154,Factory
Black Cotton,Commercial,37.181691350991855,0,0,1096.2751754479832,926.9332815648759,1991.7615240162818,2,1,1,68.53980764257767,40,38.03051441501357,85,60.74656127865558,39.25343872134442,Shopping Complex
Rocky,Commercial,29.360275392307997,1,0,8761.935019513388,1024.4729884904652,3586.854466853449,4,2,0,46.659931151923004,55,51.066207679486666,45,48.597527823044715,51.402472176955285,Shopping Complex
Black Cotton,Residential,6.879657397259808,0,1,12966.389728416236,576.8182689638073,4383.054852739441,0,0,3,76.28008565068505,40,88.53390433790032,45,66.08150606221486,33.91849393778514,Individual House
Black Cotton,Residential,22.580863424041535,1,0,7311.4057481629525,1303.6137226015535,4204.224695663013,1,1,1,72.35478414398962,40,62.365227626597445,45,58.16548135704573,41.83451864295427,Individual House
Sandy,Industrial,49.573810246524374,0,0,16897.629944017834,243.46176824469123,3930.126360247344,0,1,3,58.99884134368743,25,17.376982922459376,85,49.99384020090544,50.00615979909456,Factory
Sandy,Industrial,42.93358441740277,0,1,14615.519235735952,1325.8281948587312,68.93852272275458,3,2,0,6.645374350104399,25,28.444025970995384,45,24.436887515285385,75.56311248471462,Factory
Clayey,Commercial,44.867896946893424,0,1,7653.069107392621,513.4227645479916,4559.402319387297,4,1,2,60.78302576327664,30,25.220171755177617,45,43.329101955941226,56.670898044058774,Shopping Complex
Red Soil,Residential,43.39643082459379,0,0,14951.883665563488,187.5474234129338,1374.3786036169697,4,0,1,55.38561896141492,20,27.67261529234368,85,50.55312045958114,49.44687954041886,Individual House
Clayey,Industrial,22.10351617606683,0,1,18869.267002415745,900.0411040186949,4439.869714816879,3,2,2,66.4741209559833,30,63.16080637322195,45,54.80614392789964,45.19385607210036,Factory
Loamy,Industrial,10.481515714222674,1,0,2768.8239723173247,563.9800036056079,984.8405154468826,4,2,0,39.07643138038198,15,82.5308071429622,45,47.809452768874245,52.190547231125755,Factory
Black Cotton,Agricultural,19.985695121820278,0,0,6815.97524299472,1223.2495906552788,2198.2287571236866,3,1,0,73.00357621954493,40,66.69050813029953,85,69.4738787094156,30.5261212905844,Individual House
Rocky,Industrial,50.74819151018376,0,1,9803.192843217172,646.178202793151,3746.9939716345684,0,1,3,41.312952122454064,55,15.419680816360398,45,37.81445344694902,62.18554655305098,Factory
Black Cotton,Commercial,58.92589387806891,0,1,10461.812427340603,1002.8437883431648,3201.3947263858627,3,1,3,63.268526530482774,40,1.7901768698851583,45,39.84152850314026,60.15847149685974,Shopping Complex
Black Cotton,Residential,32.16158581078587,0,0,11301.717252835399,462.3869842572383,2079.6096901471496,2,1,1,72.21638449186923,40,46.39735698202354,85,64.12507381766011,35.87492618233989,Individual House
Clayey,Industrial,5.533519520767322,0,1,6711.911224234323,314.1785625380101,3393.119283701392,3,2,3,81.76590636752758,30,90.7774674653878,45,67.0624340949816,32.9375659050184,Factory
Rocky,Agricultural,12.702464667382596,0,0,13677.933273664634,582.0735464232357,2744.7475502331977,0,2,3,50.82438383315435,55,78.82922555436234,85,66.9958407301946,33.0041592698054,Individual House
Rocky,Residential,22.71443164239462,0,1,13256.605567066765,910.2117519036502,1378.6815331776613,4,1,0,35.895022752954574,55,62.142613929342296,45,47.598911445869675,52.401088554130325,Individual House
Rocky,Industrial,36.822194172612235,1,0,11978.608619160665,985.4201088170278,3231.6472274856987,2,2,0,44.79445145684694,55,38.6296763789796,45,44.83547710464133,55.16452289535867,Factory
Clayey,Agricultural,9.130150519292268,1,1,3161.4727125066556,867.3099979470275,1021.2354317226169,3,0,1,50.14217100462927,30,84.78308246784621,10,45.7455304685818,54.2544695314182,Individual House
Black Cotton,Industrial,56.88465142904349,0,0,10062.389930822945,1482.0835779361635,3469.9414212958272,0,2,2,63.77883714273913,40,5.192247618260865,85,50.87065490452391,49.12934509547609,Factory
Clayey,Residential,25.07960203064204,1,0,7768.310862298136,1036.635279742748,15.554388116214014,2,0,1,26.04118725466377,30,58.200663282263264,45,39.41458135969813,60.58541864030187,Individual House
Sandy,Residential,55.19213198586527,0,1,10329.730926924329,1397.2794413953766,2743.8625688088487,2,0,0,42.20196700353368,25,8.013113356891225,45,31.773966790459596,68.2260332095404,Individual House
Sandy,Residential,47.928699151636195,1,0,18515.462274785496,176.89979234276177,2005.338137780705,2,0,0,63.40383767152525,25,20.118834747273013,45,42.22105187185209,57.77894812814791,Individual House
Clayey,Commercial,46.54904998835696,0,0,10130.095520009758,92.0593947202183,1515.5188690097366,3,1,1,75.14955119989239,30,22.418250019405065,85,57.6569054248136,42.3430945751864,Shopping Complex
Rocky,Industrial,38.36957688802276,0,0,1265.635044950725,466.4920530179305,2578.5398361731877,0,2,1,46.41808259691848,55,36.050705186628726,85,54.759005205578646,45.240994794421354,Factory
Black Cotton,Commercial,39.473109937851454,1,0,9337.898023598487,204.88340756463592,3226.5581626794406,0,0,2,85.83871806165898,40,34.21148343691425,45,55.8464221808092,44.1535778191908,Hospital/Clinic
Clayey,Residential,40.090177936893646,0,0,16592.315420938263,788.8027923424015,4826.561331067324,0,1,0,61.97745551577659,30,33.183036771843916,85,55.73786862348278,44.26213137651722,School
Clayey,Agricultural,39.579676286407015,1,1,15821.157541145196,778.4718802849181,4165.3224494404885,1,2,3,62.105080928398245,30,34.03387285598831,10,37.245246538936456,62.754753461063544,Individual House
Clayey,Industrial,35.45505272690987,0,0,10754.41139703544,862.5707496659252,3585.749415419054,4,2,0,63.136236818272536,30,40.908245455150215,85,58.07474425018294,41.92525574981706,Factory
Loamy,Commercial,59.25277101655889,0,0,5745.61124432699,1117.841821246609,2394.834558395732,0,1,3,47.18680724586028,15,1.2453816390685262,85,40.32672794581823,59.67327205418177,Shopping Complex
Sandy,Industrial,45.275981208413285,0,0,9836.684595376357,1456.99455031848,1960.7205983217711,1,2,3,43.8954166643321,25,24.540031319311197,85,46.49840366234403,53.50159633765597,Factory
Rocky,Agricultural,47.73205136158867,0,1,11710.34216894564,1317.3880371587197,162.64827292998606,1,1,3,5.319952618202555,55,20.446581064018886,45,26.473628682375615,73.52637131762438,Individual House
Red Soil,Commercial,52.98545482960208,1,1,19997.557327208542,177.55085936337238,1795.484515295241,2,1,2,62.010275036701955,20,11.690908617329882,10,30.126323417178153,69.87367658282184,Shopping Complex
Rocky,Residential,16.860186949921705,0,0,13239.383713218169,507.77053315598585,4241.885693363083,4,1,1,49.78495326251957,55,71.89968841679716,85,64.89965574608114,35.10034425391886,Individual House
Red Soil,Commercial,9.609228750228343,1,0,14191.033671189656,383.73453757206283,1920.12290988145,2,2,3,62.97607875574814,20,83.98461874961943,45,57.28778225191671,42.71221774808329,Shopping Complex
Loamy,Industrial,31.559194012922926,1,1,10337.628727792988,265.22603666968917,2307.9249953107324,4,1,1,68.19663929658792,15,47.40134331179512,10,40.46915958175455,59.53084041824545,Factory
Clayey,Industrial,33.27443825906002,0,1,7735.301464868067,817.0873149836767,1359.1721201245239,2,1,3,50.86483283772547,30,44.54260290156663,45,44.68834221859557,55.31165778140443,Factory
Loamy,Industrial,50.604997897245475,0,0,16446.106689296914,829.8966030490958,1370.6637940668336,3,2,2,36.7620264070253,15,15.658336837924196,85,40.2812934519399,59.7187065480601,Factory
Loamy,Industrial,29.408096860528463,1,1,10403.714162445487,340.867241832092,309.358804458742,4,0,3,30.3831173641172,15,50.98650523245256,10,28.13071738555416,71.86928261444584,Factory
Black Cotton,Residential,36.3969164049372,1,0,19899.112469325977,1067.8458754600283,3069.019628099004,1,1,1,68.9007708987657,40,39.33847265843799,45,51.19988797917749,48.80011202082251,Individual House
Sandy,Commercial,33.988901618240206,0,0,9685.290911092838,1099.371448754258,2240.347015226732,1,1,2,47.502774595439945,25,43.35183063626632,85,52.46392876747056,47.53607123252944,Shopping Complex
Red Soil,Residential,7.101153106656508,1,0,2292.0053893039703,31.46999225089997,3029.8040374539733,4,0,1,86.33651218828187,20,88.16474482223916,45,66.50896547145844,33.49103452854156,Individual House
Clayey,Residential,38.83681931283027,1,1,13968.984604711572,593.6365555834749,2734.434500144264,2,2,1,62.29079517179243,30,35.27196781194955,10,37.61977026311474,62.38022973688526,Individual House
Red Soil,Residential,50.542380717583875,1,0,1886.1875675904103,1335.2109618024315,3994.222936485874,3,2,1,47.36440482060403,20,15.762698804026883,45,34.76821638821813,65.23178361178188,Individual House
Rocky,Industrial,13.66253014416921,0,0,5759.530340809362,780.4779123657573,3755.0595615573634,3,2,3,50.5843674639577,55,77.22911642638465,85,66.51180771898136,33.48819228101864,Factory
Red Soil,Industrial,37.688245365962764,1,1,7721.026802818164,521.4417021584915,3857.269265689397,0,1,2,50.57793865850931,20,37.186257723395386,10,32.4988429613271,67.5011570386729,Factory
Rocky,Industrial,37.64857994455279,1,0,15050.188126805226,380.5142273926952,2496.195034708378,4,0,2,51.75700137030009,55,37.25236675907868,45,46.9280421693747,53.0719578306253,Factory
Sandy,Commercial,14.030173023099731,1,0,10390.482601744643,365.0317798774234,1769.4067567696525,3,2,2,55.97868508697271,25,76.61637829483378,45,53.746634354148895,46.253365645851105,Shopping Complex
Rocky,Agricultural,11.790496555190481,1,0,1544.2726948948757,149.65205077620953,4667.182952664764,2,0,0,72.07325281462981,55,80.34917240801586,45,64.8129315871244,35.187068412875604,Individual House
Red Soil,Industrial,58.90285686370667,0,1,12720.147174242522,1225.8396286396382,271.34886858276974,2,2,0,10.701263155728729,20,1.8285718938222146,45,18.452585077960606,81.5474149220394,Factory
Red Soil,Commercial,26.654554330917065,0,1,8817.288511106584,129.98610809125682,763.1065392511516,1,1,2,50.79932571681836,20,55.57574278180489,45,45.92369969633765,54.07630030366235,Shopping Complex
Rocky,Industrial,17.50819507979411,1,0,18514.855689375036,438.4421487927237,2097.9954608831986,3,2,3,53.31642230248805,55,70.81967486700982,45,55.86566652262327,44.13433347737673,Factory
Loamy,Industrial,14.422849944990622,1,1,10491.683911664473,68.5136078495298,3069.7882628400557,3,0,0,84.28347104278056,15,75.96191675834896,10,53.23969405456043,46.76030594543957,Factory
Sandy,Residential,41.71809424707793,1,0,14470.527772847441,1172.0798545855507,41.00187403360822,2,0,3,6.390513918902682,25,30.46984292153678,45,24.854140602000136,75.14585939799986,Individual House
Black Cotton,Residential,38.51949135300033,0,0,5158.501354261391,58.92552334018569,3596.6140965557097,1,0,3,94.83459576133878,40,35.800847744999444,85,69.39232045271844,30.607679547281563,Individual House
Clayey,Residential,40.39536676430796,0,1,15458.497726101412,462.45165580231264,2793.632713949574,3,1,0,64.15405896078425,30,32.67438872615341,45,46.37251781781284,53.62748218218716,Individual House
Red Soil,Commercial,9.840331513129874,1,1,14698.150899189775,859.946055129996,2423.5137933846263,2,2,1,57.53991712171753,20,83.59944747811687,10,46.53883286213035,53.46116713786965,Shopping Complex
Clayey,Agricultural,54.14440209241403,1,0,18177.552462284857,614.3420404401658,2117.475194139341,1,1,1,58.46389947689649,30,9.759329845976623,45,38.652197278407925,61.347802721592075,Individual House
Black Cotton,Agricultural,26.409651824497654,0,1,1642.611192664785,423.4066008736507,2597.4351587031224,1,1,1,75.99319099145656,40,55.983913625837246,45,57.843595253469104,42.156404746530896,Individual House
Clayey,Commercial,22.235317353669686,1,1,9502.513254731572,412.78360864131247,808.928672408738,2,0,0,47.852727591278594,30,62.94113774388386,10,39.48373909291847,60.51626090708153,Shopping Complex
Black Cotton,Industrial,30.429879598625657,1,1,13903.952652052973,1196.685459009374,543.5586963849127,1,0,3,41.263704028041836,40,49.28353400229057,10,35.26317991038729,64.7368200896127,Factory
Rocky,Commercial,26.453633616119554,0,0,2808.1141015240855,1460.9671426308676,1448.1873937591922,1,1,0,36.35033947115395,55,55.910610639800744,85,56.20027147485407,43.79972852514593,Shopping Complex
Loamy,Industrial,52.496735172653025,0,0,8801.477275829337,522.0616056731901,3547.5239599266233,0,1,2,48.875816206836745,15,12.505441378911613,85,43.732896017120765,56.267103982879235,Factory
Red Soil,Commercial,56.10935363588406,0,1,18900.785458257713,58.718270413524785,2941.439419177482,1,2,3,72.4495653662175,20,6.484410606859896,45,41.2284505298911,58.7715494701089,Shopping Complex
Black Cotton,Commercial,21.689926904728342,0,0,9282.755326931436,54.84866686366263,2400.615088095063,3,0,0,99.28659826199815,40,63.85012182545277,85,77.96283984806254,22.037160151937456,Shopping Complex
Clayey,Commercial,52.51646941029751,0,0,19722.690886131997,1138.8201228160772,2857.604829479802,1,0,3,58.870882647425624,30,12.472550982837475,85,49.47294667230834,50.52705332769166,Hospital/Clinic
Red Soil,Agricultural,47.98377212431869,1,1,2079.9421605165726,828.5547324136904,2796.290065196716,3,0,0,48.004056968920324,20,20.02704645946885,10,27.308181553989325,72.69181844601067,Individual House
Loamy,Residential,56.1944219789619,0,0,14638.765746676934,1175.3889861259956,1535.2096274496269,2,2,2,38.65558705425207,15,6.342630035063507,85,38.6151129777541,61.3848870222459,Individual House
Rocky,Commercial,18.51626717022383,0,1,12039.30848871712,1046.2455154328622,487.2797362236292,1,2,2,19.116527931916625,55,69.13955471629362,45,43.47567345524422,56.52432654475578,Shopping Complex
Red Soil,Agricultural,36.73275325665385,0,0,10510.253865510384,1361.2595238980948,4483.9118433152535,2,0,2,50.81681168583654,20,38.77874457224358,85,51.730570233103684,48.269429766896316,Individual House
Black Cotton,Residential,20.099952160724456,0,0,19446.10062821518,1328.7364365699352,2999.556313119573,4,0,1,72.97501195981889,40,66.5000797321259,85,69.41627411896809,30.58372588103191,Individual House
Loamy,Residential,50.325196976640584,0,1,3463.357609331444,1182.491093431766,3488.739998404258,1,1,2,49.41870075583985,15,16.124671705599027,45,34.827713190943705,65.17228680905629,Individual House
Clayey,Commercial,5.292830481408534,0,0,18023.980081937352,712.7837400632156,2319.9861218347755,2,1,1,70.67679237964786,30,91.17861586431911,85,73.28153129895654,26.718468701043463,Shopping Complex
Loamy,Industrial,36.06505395875179,1,1,14133.567811595596,462.1896114057787,3782.402899882813,4,2,3,55.25235982596533,15,39.89157673541368,10,34.06122012294128,65.93877987705872,Factory
Loamy,Industrial,23.65618871995549,0,0,5920.925392693021,760.5401811669599,2922.486319893336,3,0,3,56.08595282001113,15,60.57301880007418,85,58.27333818702244,41.72666181297756,Factory
Sandy,Industrial,22.747603889280114,1,0,18131.713767013574,753.1074109797354,269.0056104859512,3,1,3,15.693211237398994,25,62.08732685119981,45,36.0144556458896,63.9855443541104,Factory
Loamy,Commercial,40.469847812570436,1,0,9156.603439359253,915.4133233340065,4450.485176968456,3,1,0,51.88253804685739,15,32.55025364571594,45,39.796451727829066,60.203548272170934,Shopping Complex
Loamy,Industrial,51.831644712269664,0,1,16470.31923338835,279.14635167435614,1527.6807339394343,3,0,0,52.8469224002599,15,13.61392547955056,45,35.3999042099786,64.6000957900214,Factory
Red Soil,Agricultural,38.50574652663294,0,0,8387.893823900598,983.4298206674831,689.4538871066775,3,0,1,24.162641110475313,20,35.82375578894511,85,41.662863335902635,58.337136664097365,Individual House
Clayey,Agricultural,51.92451382556974,1,0,17167.68572123158,684.9013863087237,440.2050385215789,0,1,1,27.82297231403914,30,13.459143624050427,45,28.852826215926306,71.14717378407369,Individual House
Red Soil,Agricultural,19.552841153456647,1,1,13095.953250455925,930.3072479112888,3602.201569210554,2,0,1,55.111789711635836,20,67.4119314109056,10,41.64210925179894,58.35789074820106,Individual House
Red Soil,Agricultural,33.57260201207396,1,1,3679.886038090816,359.4072343793185,3519.841834021799,4,0,0,60.042415434222406,20,44.04566331321007,10,37.526261230280355,62.473738769719645,Individual House
Black Cotton,Residential,29.77950964868918,0,0,13343.600105921023,651.5923408160324,3500.8106240663533,4,2,0,70.55512258782771,40,50.36748391885136,85,64.53616388545254,35.46383611454746,Individual House
Red Soil,Agricultural,5.640469472670292,1,1,4635.55049133558,315.3018216787804,4578.763863407829,1,1,3,69.6717733311056,20,90.59921754554952,10,52.53492505227434,47.46507494772566,Individual House
Sandy,Industrial,35.6246678727407,0,1,8826.52992998909,1312.9577351352025,1744.7151099882574,2,1,2,41.988135231579975,25,40.62555354543217,45,39.852235717411034,60.147764282588966,Factory
Sandy,Commercial,41.38383782803962,0,1,4235.61610078864,731.9415675623064,2805.665281794616,0,2,2,45.654040542990096,25,31.02693695326731,45,38.73564842836336,61.26435157163664,Shopping Complex
Black Cotton,Industrial,37.555292243048854,1,1,1418.306197675253,337.4721233607182,3097.4779149717474,0,2,0,78.36284953759471,40,37.40784626158524,10,45.27895890355446,54.72104109644554,Factory
Rocky,Agricultural,45.49539443308818,0,0,5025.844249549193,61.81304361231943,4897.409142832313,2,1,2,68.91736877498879,55,24.174342611519705,85,59.664664724126,40.335335275874,Individual House
Clayey,Residential,36.42367406491924,0,1,11191.068450758388,1013.6079969803127,1561.7307185929592,3,1,3,54.128695855629374,30,39.293876558467936,45,44.51851268908727,55.48148731091273,Individual House
Clayey,Agricultural,8.67126401679163,1,0,10149.658387769574,321.96707098463355,4781.655999519702,3,0,2,80.51415973672408,30,85.54789330534729,45,65.31692923419024,34.68307076580976,Individual House
Red Soil,Commercial,11.404503824659129,1,0,10528.44481518521,1484.3732884781675,743.6716654119069,2,0,1,32.022307352073355,20,80.99249362556812,45,45.705930979617705,54.294069020382295,Shopping Complex
Red Soil,Industrial,37.80610176491738,0,0,5706.050690485425,800.5505601227575,3820.00728013921,4,1,3,50.54847455877066,20,36.98983039180437,85,51.18942369352082,48.81057630647918,Factory
Rocky,Commercial,20.12385555855021,1,1,14018.062811669537,433.4654943720481,3164.429500102064,3,0,0,52.96110644803956,55,66.46024073574965,10,45.901447440751255,54.098552559248745,Shopping Complex
Red Soil,Commercial,9.380482096912122,0,1,14381.00244958657,986.5161506889455,4084.4801863599373,1,0,1,57.65487947577197,20,84.36586317181313,45,55.52067360947348,44.47932639052652,Shopping Complex
Clayey,Commercial,28.62815088967007,1,0,7801.388685633646,412.82988515712833,143.4278681992357,0,0,0,32.9417265321395,30,52.286415183883214,45,40.35120808221963,59.64879191778037,Shopping Complex
Loamy,Industrial,35.48774289460104,1,0,17742.23168100931,1230.4114408646196,390.6552146952791,3,2,0,20.94116857025532,15,40.85376184233159,45,31.04284946017226,68.95715053982774,Factory
Sandy,Agricultural,23.08102935922836,1,1,13236.44111607541,462.35407639491285,348.47889784572925,4,1,1,19.458076033412723,25,61.531617734619395,10,28.4432310453493,71.55676895465069,Individual House
Loamy,Commercial,44.62385362241779,1,1,14547.746229914002,1482.3715985938638,2964.797277486439,3,1,3,50.844036594395554,15,25.62691062930368,10,28.952140465364362,71.04785953463563,Shopping Complex
Loamy,Industrial,40.407383445568456,0,0,6269.458440839849,907.7171781679403,3014.68033787769,3,1,0,51.898154138607886,15,32.65436092405257,85,49.8279441795259,50.1720558204741,Factory
Clayey,Residential,23.305009860041956,1,1,1011.6210679561539,1266.616723413995,4530.524446774881,0,0,1,66.17374753498952,30,61.15831689993007,10,45.45039086222884,54.54960913777116,Individual House
Loamy,Industrial,46.51798908997083,0,1,17442.136629940083,109.22320436763333,2338.017572592225,1,0,1,73.81711046544929,15,22.47001818338194,45,44.95349320875273,55.04650679124727,Factory
Rocky,Residential,40.67822733931695,0,0,16626.06330701636,522.4491260792823,340.2452750248197,1,2,0,10.635348665667157,55,32.20295443447175,85,41.27311064160144,58.72688935839856,Individual House
Black Cotton,Industrial,40.05949582948461,1,1,3340.645872813774,1106.2306292492244,1047.6470081125772,4,2,0,48.93806620488039,40,33.234173617525656,10,33.93686657608955,66.06313342391044,Factory
Red Soil,Agricultural,35.43852354328874,1,1,8107.997564169823,982.588526010874,40.36547408921454,2,1,3,11.947678595962106,20,40.935794094518776,10,19.915636032216433,80.08436396778356,Individual House
Black Cotton,Commercial,5.626431744870404,1,0,13565.446859383068,291.36468215063667,3883.572625642025,2,2,1,89.1115111347442,40,90.62261375854932,45,71.0946823367978,28.905317663202197,Shopping Complex
Sandy,Agricultural,43.3078950912289,1,1,13390.106287155835,534.3043957645648,4077.997184403873,2,2,2,45.17302622719278,25,27.820174847951833,10,29.01560289150543,70.98439710849456,Individual House
Red Soil,Industrial,25.682298511003605,1,0,17346.656361362573,395.16511123131136,4989.70208142068,4,0,2,59.86951869837042,20,57.19616914832733,45,49.50337383151148,50.49662616848852,Factory
Loamy,Commercial,56.84353405872606,0,1,3665.095071073142,920.0552546427645,2060.9722452654714,3,1,0,47.78911648531849,15,5.2607765687899075,45,31.54138491205895,68.45861508794106,Shopping Complex
Sandy,Residential,49.9891624092463,1,0,9168.855207917257,516.8523441881624,96.49187700796259,1,1,0,5.432546937847677,25,16.684729317922844,45,21.072573757727397,78.9274262422726,Individual House
Red Soil,Industrial,37.323195824222175,0,1,2847.2639406020708,463.58136300052473,1173.6494074518612,1,2,3,36.32730741295019,20,37.79467362629637,45,36.41322600110666,63.58677399889334,Factory
Rocky,Commercial,18.870009000059817,0,0,8402.309720333935,311.06697065451255,2938.844338316479,3,0,2,60.618479510714295,55,68.5499849999003,85,67.85396407872508,32.146035921274915,Shopping Complex
Rocky,Residential,16.20445663027166,0,1,1287.0414661663833,613.5406813719725,4809.714835263682,1,2,0,49.948885842432084,55,72.99257228288056,45,55.23025311557137,44.76974688442863,Individual House
Rocky,Residential,23.721166072265202,0,1,18067.18823709241,293.25388529483035,517.8927573539715,1,2,0,30.832330511323306,55,60.46472321289133,45,45.40749648218599,54.59250351781401,Individual House
Rocky,Agricultural,31.21123689690102,1,1,11013.83593974494,1443.8543810664485,607.865100803714,2,1,2,18.354492791849026,55,47.981271838498294,10,29.16939043677173,70.83060956322826,Individual House
Loamy,Industrial,21.28360305214209,1,0,17146.24295524472,231.7527172429551,3508.794926394715,2,0,0,72.77393620238718,15,64.52732824642985,45,55.102709732442975,44.897290267557025,Factory
Black Cotton,Residential,33.321122246586555,0,1,2138.189319063911,1369.9570724381645,3336.0352751077476,0,2,2,69.66971943835335,40,44.46479625568907,45,52.75060086734594,47.24939913265406,Individual House
Red Soil,Commercial,14.095373403225226,0,0,5321.704098985492,642.7096472348729,1252.5317765591653,0,2,2,41.526792180377,20,76.50771099462463,85,57.91130501178811,42.08869498821189,Shopping Complex
Loamy,Residential,58.7742047054025,1,1,5928.219909202431,566.7989873425831,4065.723955072595,1,0,3,47.306448823649376,15,2.0429921576625105,10,21.81800512769291,78.18199487230709,Apartment
Rocky,Residential,10.935850523074663,0,1,8347.138398136973,346.97970135727326,643.893777387316,2,2,2,33.32513083554126,55,81.77358246154223,45,51.607191407825,48.392808592175,Individual House
Black Cotton,Agricultural,56.256927680990465,1,1,16254.461075553376,953.6345015512786,4628.709223883799,0,1,0,63.935768079752386,40,6.2384538650158845,10,32.437132294167306,67.5628677058327,Individual House
Sandy,Agricultural,55.24679062714822,0,1,8344.59960089836,1028.2920225162545,1005.159651662107,0,2,1,22.29149537645508,25,7.922015621419632,45,24.782527287114185,75.21747271288581,Individual House
Sandy,Commercial,33.89482650007239,1,1,4888.4170632802125,701.3564433786262,406.761863615025,2,1,1,15.661530647282403,25,43.508622499879344,10,22.608691351518676,77.39130864848133,Shopping Complex
Sandy,Agricultural,44.87006495098464,0,1,2234.8149464366,83.56034354013619,1697.6104323692732,0,1,1,63.72107179723114,25,25.216558415025602,45,43.6065147327873,56.3934852672127,Individual House
Rocky,Residential,28.98265638849233,0,0,2510.343218701062,1377.7652260328248,939.2064426727248,3,1,3,25.538464756331415,55,51.695572685846116,85,51.36235583617752,48.63764416382248,Individual House
Sandy,Residential,39.6519017648341,0,0,15440.896913258572,1470.4936993145716,2634.7061251801647,3,1,0,46.08702455879148,25,33.913497058609835,85,49.60883286022947,50.39116713977053,Individual House
Clayey,Agricultural,23.731676558161528,1,1,9451.256829696027,646.5651228177525,3434.2326868586306,2,1,3,66.06708086045961,30,60.44720573639745,10,45.23527973526022,54.76472026473978,Individual House
Red Soil,Residential,21.563746088199494,1,1,14797.44131800029,920.4912111139907,2454.607892391456,2,1,3,54.60906347795013,20,64.06042318633418,10,40.62827801386609,59.37172198613391,Individual House
Red Soil,Residential,36.80263823932326,1,1,13963.455313510254,675.4479393656201,3303.0366590548883,0,2,3,50.79934044016919,20,38.66226960112791,10,32.94533655434119,67.0546634456588,School
Rocky,Commercial,32.39713208011892,0,1,3571.886773444898,482.8194763291809,1824.602571999922,1,0,0,43.42359984021786,55,46.00477986646846,45,46.19945491069336,53.80054508930664,Shopping Complex
Clayey,Agricultural,36.87450030324896,0,1,3714.870749653077,115.97818928671144,139.61298619319996,4,2,0,48.61494329084908,30,38.54249949458507,45,42.40085502544345,57.59914497455655,Individual House
Loamy,Residential,20.766331970786265,0,0,15351.498293248545,684.1015955959483,4870.320621125746,3,0,0,56.80841700730343,15,65.38944671535623,85,59.730307631395256,40.269692368604744,Individual House
Loamy,Agricultural,25.18268074993474,0,1,14704.097576222926,1227.5768345391773,4097.067522699977,3,2,1,55.70432981251631,15,58.02886541677543,45,47.50373178857457,52.49626821142543,Individual House
Sandy,Commercial,9.614387834590012,0,1,8182.584570611897,25.54719163200536,367.0941204231404,2,0,2,49.405453951894984,25,83.97602027568331,45,53.28591395208407,46.71408604791593,Shopping Complex
Black Cotton,Agricultural,7.875200474971314,0,0,2471.0230033239613,873.1615247703335,2245.881980781672,1,2,0,76.03119988125717,40,86.87466587504781,85,75.57958642720196,24.42041357279804,Individual House
Loamy,Residential,18.940142132015893,1,0,1229.862412270592,1321.1581630900332,3175.0953503593732,2,1,0,57.26496446699603,15,68.43309644664018,45,50.65101167510865,49.34898832489135,Individual House
Black Cotton,Agricultural,9.083577263180016,1,0,6474.982039773153,326.324145021537,952.9713528631895,0,0,3,65.20908404017656,40,84.86070456136665,45,61.28835555440345,38.71164444559655,Individual House
Red Soil,Residential,10.707608974910737,1,1,1175.2231981573118,274.8837970335933,2889.9430568138573,1,2,0,70.83006993425671,20,82.15398504181545,10,50.82902073744371,49.17097926255629,Individual House
Black Cotton,Residential,49.71106229666654,0,1,5371.379800970365,1158.4149385529147,2668.2430905884353,0,1,2,65.57223442583336,40,17.14822950555576,45,44.48733942543062,55.51266057456938,School
Red Soil,Residential,7.1380533359179115,1,1,8970.514064015431,382.62964667893993,1041.3259426735237,3,2,1,46.08422671875461,20,88.10324444013682,10,43.65529046159831,56.34470953840169,Apartment
Clayey,Commercial,41.241853666410854,0,1,3306.8995409271297,287.9764013409727,706.0515463872663,2,0,0,48.53198343068425,30,31.26357722264858,45,40.55208850640163,59.44791149359837,Shopping Complex
Clayey,Agricultural,19.99067618484703,0,1,2981.2773987993787,566.9838758538526,3794.811448093187,2,2,1,67.00233095378825,30,66.68220635858829,45,55.87136742347296,44.12863257652704,Individual House
Rocky,Commercial,52.935012438946956,1,0,18032.311278655994,588.753018405327,1612.9322307481686,4,2,0,33.024891505226634,55,11.774979268421731,45,34.00245684393475,65.99754315606525,Shopping Complex
Rocky,Agricultural,31.674575651762474,0,1,12123.930551434896,1311.1515945248489,1220.2026692112167,1,1,1,30.485409471283717,55,47.20904058039588,45,41.97215346004827,58.02784653995173,Individual House
Sandy,Commercial,21.806705263030416,0,1,18754.65804849285,927.6652079005153,3689.3917640299433,3,1,0,50.5483236842424,25,63.65549122828264,45,48.6057860965555,51.3942139034445,Shopping Complex
Loamy,Industrial,33.4701414629189,0,1,7570.697111927905,608.942184509384,3680.3434601149097,4,1,3,53.63246463427028,15,44.21643089513516,45,43.325470345778385,56.674529654221615,Factory
Sandy,Residential,26.007691047489786,0,0,13865.7538092541,801.5819464286503,1382.0082816811457,4,0,1,37.138242871750464,25,56.65384825418369,85,52.16184706865859,47.83815293134141,Individual House
Red Soil,Residential,36.03655855684066,0,1,4889.1418178140175,1430.9478499879112,4362.842306259268,2,1,3,50.99086036078984,20,39.93906907193223,45,42.0815683942595,57.9184316057405,Individual House
Sandy,Commercial,11.299307757949153,1,1,12748.466028318882,169.82201491484307,3441.250825361712,1,0,3,72.98585216562213,25,81.16782040341808,10,52.087003358822265,47.912996641177735,Shopping Complex
Black Cotton,Industrial,59.83447765469031,1,1,3462.128870189704,311.57328258703717,1728.8210891076906,2,1,0,68.92340541325899,40,0.27587057551615146,10,32.69215953851968,67.30784046148031,Factory
Red Soil,Residential,28.405573273319465,0,1,1039.5321443494295,1443.793059879833,2137.4482509232944,1,1,3,52.89860668167013,20,52.65737787780089,45,45.928856808034766,54.071143191965234,Individual House
Rocky,Agricultural,24.152685183905277,0,0,18699.104226782,1435.9872727908062,3633.548429653089,4,1,3,47.96182870402368,55,59.745524693491205,85,61.22302121978109,38.77697878021891,Individual House
Clayey,Commercial,44.06154165739457,1,0,11542.993147328976,265.74813189715894,1057.9191644774598,0,1,0,56.198109961371024,30,26.56409723767571,45,42.06036279589878,57.93963720410122,Shopping Complex
Rocky,Residential,25.014467357243287,1,0,18611.87259285875,217.66322568794732,2343.80396237612,3,0,3,64.68658961941235,55,58.309221071261184,45,56.71761163460962,43.28238836539038,Individual House
Loamy,Residential,50.83008677658167,1,1,7342.798950339368,631.6277015079297,3267.791711290498,4,0,1,49.29247830585458,15,15.283188705697214,10,25.823164583473407,74.17683541652659,Apartment
Red Soil,Commercial,29.98488983982339,0,0,7227.935314073379,74.57743873195366,2697.4927400435663,2,0,1,78.02913121612693,20,50.025183600294355,85,64.066491825718,35.933508174282,Shopping Complex
Red Soil,Commercial,44.57571272959892,1,0,8612.445033687603,982.3552984277102,3041.6417295224664,3,1,2,48.85607181760027,20,25.707145450668463,45,37.77641149882721,62.22358850117279,Shopping Complex
Black Cotton,Agricultural,10.90992690430376,1,1,14414.778695205197,116.24403249261329,2731.062497383898,4,1,2,98.29787632436727,40,81.81678849282707,10,63.35845383673531,36.64154616326469,Individual House
Loamy,Agricultural,51.53655520553115,0,1,11750.364049537311,87.04444064142109,996.1372189501005,1,1,2,53.81593913913396,15,14.105741324114746,45,35.86201402972557,64.13798597027443,Individual House
Clayey,Residential,45.464489272796044,0,0,18581.74323488324,727.7804043132738,2051.026724863107,2,0,2,60.63387768180099,30,24.22585121200659,85,53.02831999163199,46.97168000836801,Individual House
Red Soil,Residential,16.644422815408113,1,0,1483.3771215163476,1436.6799541651524,2659.9274773877287,4,2,3,55.83889429614797,20,72.25929530765315,45,51.858436830565076,48.141563169434924,Individual House
Red Soil,Commercial,12.990730536018265,0,0,14455.722821478192,640.1939040947393,3900.3137117297306,1,2,1,56.75231736599543,20,78.34878243996955,85,63.70050668809078,36.29949331190922,Shopping Complex
Black Cotton,Residential,22.396079179909343,1,0,7276.2260979645325,534.7217379908266,3269.521185847713,1,2,2,72.40098020502266,40,62.67320136681776,45,58.25864341346237,41.74135658653763,Individual House
Sandy,Residential,58.68388223175474,1,1,4424.439384550762,1496.935073253429,2132.9547259296737,1,0,3,41.32902944206131,25,2.1935296137421005,10,21.263542708156983,78.73645729184301,Apartment
Clayey,Commercial,19.125736601188223,0,1,10697.51682788188,797.9534411687752,4871.999160795727,3,2,0,67.21856584970294,30,68.12377233135297,45,56.30744113023427,43.69255886976573,Shopping Complex
Rocky,Residential,30.08699649206483,0,0,10596.211899419923,562.8621103353728,538.9776083986259,2,0,1,17.257803044956308,55,49.85500584655862,85,48.00398252737436,51.99601747262564,Individual House
Loamy,Residential,6.651112414453497,1,0,3603.20954508014,578.7912200124027,1034.024342774842,1,0,0,41.01770875188346,15,88.9148126425775,45,50.084901223803584,49.915098776196416,Individual House
Red Soil,Industrial,26.84751412614279,0,0,4836.025066524908,292.4392440502657,1706.56305015832,4,1,2,59.87302782861476,20,55.25414312309535,85,59.019095520789,40.980904479211,Factory
Red Soil,Agricultural,36.42260084882065,0,1,8755.128633129543,768.3345861713084,1142.8603849395508,1,1,2,33.75155748658585,20,39.29566525196558,45,35.88696143329644,64.11303856670355,Individual House
Rocky,Commercial,57.42185368793808,0,1,8767.41683545399,658.2825422520087,3127.2099840300566,2,0,2,39.644536578015476,55,4.2969105201031965,45,34.449815432331214,65.5501845676688,Hospital/Clinic
Clayey,Industrial,33.420482471703544,0,1,7033.604652774009,406.19294452112007,197.75364668127625,3,2,1,33.22837564443244,30,44.29919588049409,45,38.454730445674876,61.545269554325124,Factory
Sandy,Agricultural,50.050902939772826,0,0,3822.357878689638,240.81012990263966,887.1839213670796,1,0,0,36.78234489824001,25,16.581828433711948,85,42.019277822811986,57.980722177188014,Individual House
Red Soil,Agricultural,35.092020341289526,0,1,1083.099902918611,466.8583030013305,1466.7361882930218,4,0,0,42.55022050045822,20,41.51329943118412,45,39.52090203295641,60.47909796704359,Individual House
Clayey,Agricultural,7.243175738953496,0,0,19434.46618613239,763.024991531594,3416.728875396582,2,2,1,70.18920606526163,30,87.9280404350775,85,72.29823223161094,27.70176776838906,Individual House
Rocky,Industrial,22.325455135437572,1,0,18926.485364374614,87.49990842720251,4379.32441290564,1,1,2,73.16864171050847,55,62.79090810760405,45,60.806751625578976,39.193248374421024,Factory
Black Cotton,Industrial,36.65522293071068,0,1,10189.357204346568,230.61604287593397,3992.4588527652722,3,0,2,84.99923169476628,40,38.90796178214887,45,56.72672153870541,43.27327846129459,Factory
Sandy,Agricultural,57.28266812621184,1,0,19905.983312225108,1421.4859004536431,910.4046662512744,0,1,3,19.88742629347253,25,4.528886456313614,45,23.09282081679379,76.90717918320621,Individual House
Loamy,Residential,52.25216978631783,0,1,13799.432284862622,814.2830265470085,2827.0287922053453,4,1,1,48.93695755342054,15,12.913050356136964,45,33.85619773273143,66.14380226726857,Individual House
Red Soil,Residential,17.55955877983662,1,1,2308.293214543289,95.17395549005681,150.11322672343618,1,1,0,42.901937510106166,20,70.7340687002723,10,38.19919530360524,61.80080469639476,Individual House
Clayey,Industrial,17.106040651053995,0,0,3236.64578256992,1039.6316381543595,1552.6838767643058,1,0,3,58.77716737252261,30,71.48993224824335,85,64.19449164244375,35.80550835755625,Factory
Black Cotton,Industrial,16.064513191264542,1,0,18406.106033523116,92.7043051185521,4029.9189741416335,0,2,0,98.42161339507074,40,73.22581134789243,45,70.00401752524786,29.99598247475214,Factory
Loamy,Industrial,55.737439296637675,0,1,12970.99184084294,1108.3113405695594,2283.3285687166976,2,2,0,48.065640175840585,15,7.104267838937204,45,32.09904102127851,67.90095897872149,Factory
Clayey,Agricultural,51.896638420594634,1,1,17020.48890648967,1124.9440825800402,749.7066113791728,0,1,3,34.0199726224348,30,13.505602632342274,10,22.28339107593775,77.71660892406226,Individual House
Clayey,Residential,47.61858877391218,0,1,18067.12334304304,976.618463623879,2192.7669074415635,2,1,0,60.09535280652196,30,20.63568537681303,45,41.94229482648594,58.05770517351406,Individual House
Loamy,Industrial,26.600431282332515,0,1,9510.898214365336,1098.3068169290245,990.1646273111414,1,2,3,35.1531847256397,15,55.66594786277914,45,39.72010161966868,60.27989838033132,Factory
Black Cotton,Industrial,32.74093873643217,1,1,1921.9930799571678,131.9486715195866,1965.957289319814,0,1,3,91.21699081111305,40,45.43176877261305,10,51.78388897704283,48.21611102295717,Factory
Rocky,Commercial,30.538245963733406,1,1,4577.326629049119,1090.1708285329014,2439.167363739217,1,2,3,46.36543850906665,55,49.10292339377765,10,39.25363432661774,60.74636567338226,Shopping Complex
Black Cotton,Agricultural,18.936895915765497,0,1,2264.8669987462667,205.03247958582443,1747.790562555142,0,2,2,85.91963849701199,40,68.43850680705751,45,64.43150017571857,35.56849982428143,Individual House
Sandy,Commercial,32.776542538182184,1,0,4586.057068271639,509.2588609077657,4684.844752169304,1,0,2,47.805864365454454,25,45.37242910302969,45,43.07515980366648,56.92484019633352,Hospital/Clinic
Red Soil,Residential,6.677310131901495,1,1,8800.12560266166,1414.1178802509494,2812.65148778191,1,1,1,58.33067246702463,20,88.87114978016417,10,48.13352280849966,51.86647719150034,Individual House
Loamy,Commercial,12.249570542360253,0,0,3245.739399784723,754.3132164887102,4214.463369734483,1,1,1,58.937607364409935,15,79.58404909606625,85,64.02417485156005,35.97582514843995,Shopping Complex
Rocky,Commercial,53.762427789292055,1,0,4167.931708301522,1451.1396481245208,3803.642735277901,3,0,3,40.55939305267699,55,10.39595368451323,45,36.29477598956525,63.70522401043475,Hospital/Clinic
Loamy,Commercial,46.34238718672828,0,1,9470.613859361905,133.38368833010634,3305.8315463388826,0,2,1,72.41138190351155,15,22.76268802211952,45,44.53465567175893,55.46534432824107,Shopping Complex
Loamy,Agricultural,28.25776249824979,1,1,7463.248057381302,716.3348993447702,2484.443741512911,3,1,2,54.93555937543755,15,52.903729169583684,10,37.20337807379906,62.79662192620094,Individual House
Black Cotton,Residential,33.44326992561325,0,1,9885.504359572778,93.60348041530597,10.868918907937509,1,0,2,54.24035207183708,40,44.26121679064459,45,47.29942742280412,52.70057257719588,Individual House
Red Soil,Commercial,25.349938727798758,1,1,9154.268527422179,945.3153935989272,3067.338002760419,4,2,3,53.66251531805031,20,57.750102120335406,10,38.71940589140146,61.28059410859854,Shopping Complex
Sandy,Agricultural,45.742892693836986,0,1,13245.082493617785,118.06050205277458,1779.7872650124884,2,0,2,63.07639200362404,25,23.761845510271698,45,43.01719857883634,56.98280142116366,Individual House
Clayey,Residential,48.130294857764376,0,0,18806.601428641236,263.051703810566,588.810834006594,0,0,3,45.96054073705683,30,19.78284190372605,85,46.781899733901405,53.218100266098595,School
Clayey,Industrial,46.98068546117375,1,0,3049.422430440607,388.2454651039207,2223.1313180603884,0,0,1,66.96010072847133,30,21.698857564710423,45,44.610749646142565,55.389250353857435,Factory
Loamy,Commercial,44.74364486589473,1,1,2885.942836874703,1123.1157774967248,3677.7666114165236,2,0,2,50.814088783526316,15,25.42725855684212,10,28.891745713444738,71.10825428655527,Shopping Complex
Red Soil,Residential,16.247738628103768,0,1,17203.316110727137,245.94317822711216,4808.38897349352,3,2,3,71.18147464934734,20,72.92043561982705,45,57.39362503222833,42.60637496777167,Individual House
Rocky,Commercial,23.588348858226333,0,1,10621.537388396724,1269.9480799396017,1870.52445561041,2,0,3,45.51340189765162,55,60.68608523628944,45,50.60121197325043,49.39878802674957,Shopping Complex
Black Cotton,Industrial,30.841498924102122,1,1,15561.695447800403,197.8559082462013,2713.6164935248835,4,2,0,88.4182707742024,40,48.59750179316313,10,51.595770219261624,48.404229780738376,Factory
Red Soil,Residential,23.19361452852106,1,0,5093.016168538346,52.8666736052345,4256.221916817925,1,0,3,81.02959595155568,20,61.343975785798236,45,57.94635252949404,42.05364747050596,Individual House
Red Soil,Agricultural,46.521711008708095,1,0,16748.388890183483,592.5681284545018,1669.997099750074,2,0,3,41.76951424282446,20,22.463814985486508,45,34.485283731360184,65.51471626863982,Individual House
Black Cotton,Residential,23.114443833747508,1,0,18553.085859661223,1469.1624629569426,711.2862248540769,2,1,2,46.44711353864466,40,61.47592694375415,45,48.87547147446417,51.12452852553583,Individual House
Loamy,Agricultural,12.602764773193543,1,1,13074.177295383277,165.51334168316583,1409.4091561634452,1,1,0,67.10669142898057,15,78.99539204467743,10,47.98619001131256,52.01380998868744,Individual House
Red Soil,Residential,26.947224862656725,1,1,3011.7014080022427,152.57766605944357,4495.6141490419395,0,1,0,74.1085338207692,20,55.08795856223879,10,45.20997647782892,54.79002352217108,Individual House
Clayey,Agricultural,58.89529380303092,0,1,18010.60146897044,1126.7497661934358,796.9655423091887,4,1,0,33.215487395426045,30,1.8411769949484693,45,27.83571483713623,72.16428516286376,Individual House
Black Cotton,Industrial,17.423477711346674,1,0,16057.266820031355,468.24254099034795,1646.1053050339103,2,0,2,68.47168421342066,40,70.96087048108888,45,58.95530709496945,41.04469290503055,Factory
Rocky,Industrial,38.6687262418776,1,0,15266.677753775308,1075.9224258385755,2323.201552501703,2,0,1,44.3328184395306,55,35.55212293020401,45,43.90451718638671,56.09548281361329,Factory
Sandy,Industrial,28.813517741183848,1,0,1697.8355892123957,300.01588416504507,4235.5661174546,0,2,3,60.79566751480133,25,51.97747043136026,45,49.27285123802053,50.72714876197947,Factory
Loamy,Residential,8.906351220712965,1,1,16180.287979882452,690.1079912972443,4688.566418264873,4,0,0,59.77341219482176,15,85.15608129881173,10,46.95971459289055,53.04028540710945,Individual House
Black Cotton,Industrial,31.833213329893272,0,0,3621.0691988987833,397.93481662337683,2129.051548166274,1,2,0,76.16560767012407,40,46.944644450177876,85,65.6441237970879,34.3558762029121,Factory
Sandy,Commercial,43.61903807565719,0,1,5225.3373477408795,677.2923223186303,4659.770241767578,1,0,2,45.0952404810857,25,27.301603207238017,45,37.6087349701895,62.3912650298105,Hospital/Clinic
Sandy,Industrial,33.22709867053003,0,0,11965.561862515893,1153.6456388779557,807.2954742887728,3,0,2,23.839134818142945,25,44.62150221578328,85,44.49907274029585,55.50092725970415,Factory
Rocky,Agricultural,52.965833506061955,0,1,6034.634685420778,1143.0149107164925,784.261459481852,4,2,0,16.443770813121553,55,11.723610823230075,45,28.186222490400063,71.81377750959993,Individual House
Red Soil,Agricultural,20.891535916167044,1,1,13565.615919926475,773.6584315105854,4746.254098173989,4,1,1,54.77711602095824,20,65.18077347305493,10,40.96718397559911,59.03281602440089,Individual House
Rocky,Agricultural,9.743704421718071,0,1,12553.338506282551,1392.5577655815764,2548.400667641656,2,0,2,51.564073894570484,55,83.76049263046988,45,58.48754902071714,41.51245097928286,Individual House
Red Soil,Residential,56.51110864119033,1,1,3054.84236225199,395.676153672411,929.5391767697697,3,1,0,30.722437154753152,20,5.814818931349436,10,17.706557737000963,82.29344226299904,Apartment
Red Soil,Commercial,25.800799224052046,1,0,13464.277012238621,360.4670266788496,2439.951852877809,1,2,1,61.921778593256015,20,56.998667959913256,45,50.17228949761792,49.82771050238208,Shopping Complex
Black Cotton,Industrial,36.70230532994984,0,0,18555.14328667367,920.7096017631505,3916.0557768952576,4,0,2,68.82442366751255,40,38.82949111675027,85,61.04592106281696,38.95407893718304,Factory
Black Cotton,Commercial,48.56017193716078,0,0,4061.0881985308292,931.9455513251836,4134.601828617619,4,2,1,65.85995701570981,40,19.066380104732033,85,55.06757998168144,44.93242001831856,Shopping Complex
Loamy,Commercial,22.837251513156932,1,1,12344.17839791486,69.81005934746098,4319.846283246212,0,0,0,82.1020835608631,15,61.93791414473845,10,48.970207782486696,51.029792217513304,Shopping Complex
Red Soil,Agricultural,44.38904959976861,0,0,7495.442066797187,911.6665685803464,2847.8545154370927,1,2,1,48.90273760005785,20,26.018250667052314,85,47.87052082678332,52.12947917321668,Individual House
Sandy,Agricultural,12.448036739980541,0,1,9732.621763698475,561.6542360235215,4334.730071839402,0,2,0,52.88799081500487,25,79.25327210003243,45,53.324114810259815,46.675885189740185,Individual House
Clayey,Agricultural,21.02115609630279,1,0,6453.003402500428,1121.1637879808386,2550.1510440162733,3,1,2,66.7447109759243,30,64.96473983949535,45,55.35183380144734,44.64816619855266,Individual House
Loamy,Residential,12.959084987508595,1,0,7728.48209060621,1212.1584968179093,3035.2995119553866,4,1,3,58.76022875312285,15,78.40152502081901,45,53.66646131879775,46.33353868120225,Individual House
Black Cotton,Commercial,49.61768071207468,1,1,1549.3246420645883,828.2307293205548,3793.599011358226,3,1,3,65.59557982198133,40,17.30386547987554,10,35.78441930766235,64.21558069233765,Shopping Complex
Rocky,Commercial,17.245707937473195,1,1,19649.483020427193,2.5575472533976296,2127.1764635525424,0,0,0,79.53512018042784,55,71.25715343754467,10,56.401580422535915,43.598419577464085,Shopping Complex
Loamy,Residential,44.45719554728657,1,1,12871.198519382217,954.5487152499632,367.9074356938739,1,2,3,18.243849827055833,15,25.90467408785571,10,17.61151596143347,82.38848403856653,Apartment
Loamy,Residential,56.88141184851089,0,0,10513.40621938382,1123.3219194989015,1750.831784288488,4,1,0,42.79628272364204,15,5.197646919148511,85,39.77811068306184,60.22188931693816,Individual House
Loamy,Residential,34.02747149878823,1,1,8290.591640506207,373.47489934727133,3119.7210839798017,1,0,3,61.08463816446666,15,43.28754750201962,10,36.951510233068234,63.048489766931766,Individual House
Loamy,Commercial,34.70160557433782,1,0,11248.116617656526,696.9690017111832,961.6618481973843,3,1,3,32.55783557036323,15,42.16399070943697,45,35.43624012698638,64.56375987301362,Shopping Complex
Clayey,Commercial,30.35684624537966,1,0,8222.013975600275,1448.5899351176824,741.9268174982002,2,0,2,39.249324788619084,30,49.40525625770057,45,41.83857774044182,58.16142225955818,Hospital/Clinic
Rocky,Agricultural,22.923957886650353,0,0,7838.250622379793,447.17333009115515,1465.4027229571882,1,2,0,40.74666518201187,55,61.79340352224941,85,59.2096836942665,40.7903163057335,Individual House
Rocky,Agricultural,31.16102670087044,1,1,9814.984292718249,334.72987656261114,160.5573113891068,1,2,1,19.33709695880786,55,48.06495549854927,10,29.534222810220065,70.46577718977994,Individual House
Rocky,Commercial,38.154414274671765,1,0,6243.6776397526255,316.28218571701524,3717.114490434599,1,2,2,55.48446528831114,55,36.40930954221372,45,48.021890236462326,51.978109763537674,Shopping Complex
Red Soil,Agricultural,59.22953646938627,0,1,4420.948099368923,838.2012515309945,1293.578010941694,4,0,1,31.064176101487313,20,1.2841058843562223,45,25.443488106609614,74.5565118933904,Individual House
Sandy,Residential,56.57705076250233,1,1,11575.512065425577,1424.6806519620097,621.1919831829977,3,2,2,14.279576973034372,25,5.704915395829445,10,12.67408078951939,87.3259192104806,Apartment
Rocky,Industrial,52.4184127061217,1,0,17012.543286855718,913.035193800532,3495.6470798171763,3,0,0,40.895396823469575,55,12.6359788231305,45,36.97238359399697,63.02761640600303,Factory
Loamy,Agricultural,53.90217946376721,1,0,3903.7353767919535,454.98468035648995,4214.640062716439,4,0,1,51.225374312668805,15,10.163034227054652,45,33.96963956619774,66.03036043380226,Individual House
Loamy,Commercial,30.731705081062362,0,0,1621.9524714801541,957.8546671011811,99.37797930889225,1,0,2,16.304633315912255,15,48.78049153156273,85,41.40174454345997,58.59825545654003,Shopping Complex
Rocky,Agricultural,41.159437994760566,0,0,5689.423157926687,937.2634463966812,1167.9988537061242,1,2,3,27.070117575432345,55,31.400936675399066,85,46.824775320251085,53.175224679748915,Individual House
Rocky,Agricultural,54.22866976149178,1,1,19614.692225622406,895.3877035944813,4726.1616243479175,2,2,1,40.44283255962706,55,9.618883730847045,10,27.30971232858123,72.69028767141877,Individual House
Loamy,Agricultural,26.61229207452442,1,1,16746.403401123447,239.139310332453,1926.2706796638763,1,2,2,69.52398195469924,15,55.64617987579263,10,42.99493865309289,57.00506134690711,Individual House
Red Soil,Industrial,57.896936309000786,1,1,12321.455017043334,951.8501990174913,4692.960316909656,0,0,2,45.525765922749805,20,3.505106151665359,10,22.31029461087877,77.68970538912123,Factory
Black Cotton,Residential,27.868233413805065,0,1,18655.72938961958,645.2466787717494,1371.062691853387,1,2,1,58.45419548361647,40,53.55294431032489,45,51.097204496846985,48.902795503153015,Individual House
Black Cotton,Commercial,38.05954659662686,0,1,9460.303219907648,27.888087934550054,1090.33817785966,2,0,3,78.61859163196348,40,36.56742233895523,45,53.90836265592603,46.09163734407397,Hospital/Clinic
Rocky,Industrial,44.03925922998046,0,1,19682.331448928304,809.6467307212428,1070.5420586399794,0,2,1,24.401026365304475,55,26.60123461669923,45,34.69066788203138,65.30933211796862,Factory
Clayey,Commercial,57.28256071917661,0,1,6629.738857266397,1483.9001178276264,426.14330212469133,2,0,1,26.20222586269967,30,4.529065468038979,45,26.05304541895463,73.94695458104538,Hospital/Clinic
Rocky,Commercial,18.45389507287463,0,1,5565.809240802842,524.6093862659753,4482.161442545628,2,1,1,49.386526231781346,55,69.24350821187562,45,54.09616123409238,45.90383876590762,Shopping Complex
Rocky,Commercial,46.03720380312532,0,1,13122.915821793209,1448.3388274779873,4899.175113164506,3,2,2,42.49069904921867,55,23.271326994791124,45,40.189576415924314,59.810423584075686,Shopping Complex
Black Cotton,Industrial,33.64485723792452,1,0,8184.925391056847,144.30861249389181,4772.544036358189,4,2,3,90.93026894088537,40,43.92523793679247,45,60.056903613508,39.943096386492,Factory
Loamy,Residential,19.770642734135258,0,0,12900.945297548898,1098.6751738009593,4260.14069913637,2,0,1,57.057339316466184,15,67.04892877644124,85,60.23230095487347,39.76769904512653,Individual House
Rocky,Commercial,47.71337618880148,1,1,6794.91484775103,171.49499199425298,4234.439538254876,1,0,1,61.78195643314445,55,20.477706351997526,10,37.493111339599935,62.506888660400065,Hospital/Clinic
Loamy,Residential,35.372225409561565,0,1,12740.44687992183,410.35736033291124,3305.427335844938,3,0,1,58.535502027634934,15,41.04629098406406,45,44.24899845568824,55.75100154431176,Individual House
Loamy,Residential,41.35356013573217,1,0,6239.178951115691,856.2612529831865,4131.068559753067,0,1,1,51.66160996606696,15,31.077399773779717,45,39.350913431568365,60.649086568431635,School
Clayey,Agricultural,22.759558771784555,0,0,1968.469307558909,889.1695409651234,1041.7118217152388,4,2,1,47.14434674135864,30,62.067402047025745,85,57.76737187123196,42.23262812876804,Individual House
Loamy,Industrial,31.470067350518278,1,0,18330.582136540484,1162.816975851257,1939.5631519356427,3,0,1,52.92374620108329,15,47.5498877491362,45,43.9107831076632,56.0892168923368,Factory
Black Cotton,Industrial,38.95448380434369,1,1,17780.89883559578,922.967110841159,3204.1814664737394,2,1,3,68.26137904891408,40,35.07586032609386,10,41.16044774864339,58.83955225135661,Factory
Red Soil,Agricultural,27.27009478484142,1,0,19445.164836180767,890.4220565708412,4373.856662807982,3,1,3,53.18247630378964,20,54.5498420252643,45,46.50132721264245,53.49867278735755,Individual House
Red Soil,Agricultural,15.910489691623573,0,0,14614.01634820669,1368.5296304837075,3302.3473118439183,1,0,3,56.022377577094105,20,73.48251718062738,85,62.22846144713978,37.77153855286022,Individual House
Sandy,Residential,57.89022707734172,0,0,13971.702376970756,678.2411283137358,4195.10979167103,1,2,0,41.52744323066457,25,3.5162882044304666,85,40.413677181840214,59.586322818159786,Individual House
Rocky,Commercial,33.13071470234396,0,0,11621.058331421784,337.8986680425826,2369.7475792464875,1,0,0,55.44340124185906,55,44.782142162760074,85,60.10072597534069,39.89927402465931,Hospital/Clinic
Black Cotton,Industrial,45.36562036582353,1,0,3392.9059106979307,242.68287753544539,3586.5186885252215,4,0,2,82.0976222564174,40,24.390632723627448,45,52.08182597065294,47.91817402934706,Factory
Loamy,Commercial,27.607595645583196,1,1,4595.470908036131,599.9918952142497,4899.904031875433,3,0,3,55.0981010886042,15,53.98734059069467,10,37.53117052868514,62.46882947131486,Shopping Complex
Red Soil,Commercial,24.5322470214144,1,0,6499.9240847781875,1069.1291327905435,767.4427856487887,3,1,3,29.215793957622175,20,59.112921630976004,45,39.25375829291176,60.74624170708824,Shopping Complex
Black Cotton,Agricultural,27.394036415691875,0,1,17912.97088889449,63.81522739485135,4634.60346157945,2,1,3,97.32257725238595,40,54.34327264051354,45,64.89872019846347,35.101279801536535,Individual House
Red Soil,Commercial,27.50581540821074,0,0,4286.420967458427,193.58007976410917,2611.819739209514,0,2,1,71.50874136210075,20,54.15697431964877,85,62.817303056647454,37.182696943352546,Shopping Complex
Loamy,Residential,34.92990637680745,1,0,18534.59031526992,159.17019015545912,3216.09015365029,1,1,1,73.71731199647058,15,41.78348937198758,45,49.7469315417616,50.2530684582384,Individual House
Red Soil,Agricultural,34.89084284897497,0,0,10932.928927976927,877.8752295771882,4389.345034552563,0,0,2,51.27728928775626,20,41.84859525170839,85,52.65920006364179,47.34079993635821,Individual House
Rocky,Commercial,32.34345987355794,0,0,14595.823073988371,364.2969757968994,2048.270862761585,0,1,3,54.05631648379655,55,46.09423354407009,85,59.943269155346314,40.056730844653686,Shopping Complex
Rocky,Agricultural,12.413218170459094,0,0,3094.6452469307637,249.38914245209475,2093.4628744502534,1,2,1,65.93334691025954,55,79.31130304923485,85,72.40449718089955,27.595502819100446,Individual House
Sandy,Residential,32.28415131752921,0,1,6111.637426742307,889.1560796145335,2635.909181735502,1,0,3,47.928962170617694,25,46.19308113745132,45,43.323407044079026,56.676592955920974,Individual House
Sandy,Residential,14.300714523135833,1,1,19211.8535554471,1141.964873178569,95.5104224842529,2,0,3,14.3350298189011,25,76.16547579477361,10,30.308629385308787,69.69137061469121,Apartment
Red Soil,Commercial,11.937468246267084,0,1,6056.848991664896,498.23237467899656,2483.330904716754,4,1,1,57.12169045769343,20,80.10421958955486,45,54.26864655758142,45.73135344241858,Shopping Complex
Black Cotton,Agricultural,56.29551445376423,0,1,6633.912687431776,867.3069085148942,1455.4363249711516,1,1,1,53.034847885981975,40,6.1741425770596265,45,37.3557324043586,62.6442675956414,Individual House
Rocky,Commercial,38.27225072312373,1,1,4754.35031198051,147.18661979919028,4639.770911958907,0,2,0,65.60074013126766,55,36.21291546146045,10,42.76348791130879,57.23651208869121,Shopping Complex
Black Cotton,Commercial,41.27195319685214,1,1,3452.3996408297608,1402.786545686355,438.6764937651566,2,0,1,36.4555415760901,40,31.21341133857976,10,29.062792386276474,70.93720761372353,Shopping Complex
Black Cotton,Agricultural,27.098651868335008,0,1,5431.895187625962,505.34427797215926,2296.602310099009,3,2,0,71.22533703291624,40,54.83558021944165,45,55.8877630163811,44.1122369836189,Individual House
Red Soil,Commercial,54.99394905531753,0,0,13204.21094706517,1496.2585397602518,4737.340851886805,2,1,1,46.25151273617062,20,8.343418241137456,85,42.523884017944084,57.476115982055916,Shopping Complex
Black Cotton,Residential,40.0861769268816,0,1,9651.986936567708,1467.8816337746732,4505.176251592387,1,0,3,67.9784557682796,40,33.189705121863994,45,49.339885799363856,50.660114200636144,Individual House
Rocky,Agricultural,47.30434282379731,0,0,11521.360890420074,1168.2351740037172,3506.742211872751,1,1,1,42.173914294050675,55,21.159428627004473,85,49.55072715966885,50.44927284033115,Individual House
Loamy,Agricultural,25.27093579652426,1,0,3324.9317465544614,30.100643110450076,2946.8052599803736,4,0,2,83.87622746424192,15,57.881773672459566,45,57.32712303059956,42.67287696940044,Individual House
Sandy,Agricultural,57.8006534450519,1,1,16240.212496095102,815.2123805765449,1403.6546856642008,2,2,3,29.622930352021037,25,3.665577591580174,10,17.534420021102406,82.4655799788976,Individual House
Loamy,Agricultural,50.12537095870733,1,0,15897.799311017112,130.25463066001726,1834.785563762274,1,0,2,68.34909069596762,15,16.457715068821116,45,41.53661051079395,58.46338948920605,Individual House
Black Cotton,Commercial,51.9671654657999,0,0,1410.2083117108323,1342.7070389422743,450.6743237706362,0,1,3,34.02169510896275,40,13.388057557000167,85,42.50460767738701,57.49539232261299,Shopping Complex
Loamy,Commercial,14.470684708416485,0,1,8286.786795695794,1184.4543789711042,3930.5414887911884,0,0,1,58.38232882289588,15,75.88219215263919,45,52.90436312617335,47.09563687382665,Shopping Complex
Rocky,Residential,19.90297643291707,1,0,2306.6414374518085,1458.5105648935244,1619.3488395190586,2,2,1,41.411232682151905,55,66.82837261180488,45,50.70102459170438,49.29897540829562,Individual House
Rocky,Industrial,20.70946298259674,0,1,16050.009808884204,912.5744297246931,3338.909495151037,4,1,1,48.82263425435082,55,65.48422836233877,45,52.958979079607474,47.041020920392526,Factory
Black Cotton,Industrial,19.900007278577917,1,0,15008.123979388383,783.259206726507,1787.9738859930671,2,2,0,68.78447590021686,40,66.83332120237014,45,58.032896865668434,41.967103134331566,Factory
Red Soil,Residential,52.047448915735835,1,1,18137.773791569965,778.4607839165814,2321.652206981313,4,0,1,46.98813777106604,20,13.25425180710694,10,25.259411171649848,74.74058882835016,Apartment
Loamy,Industrial,6.753663736472566,1,0,5491.675220109178,579.6725616815173,2775.012361881975,0,0,2,60.31158406588186,15,88.74389377254572,45,56.79502786619508,43.20497213380492,Factory
Red Soil,Residential,9.185499393942587,1,1,9669.621779428178,703.0351008437115,4009.2620419530176,1,0,0,57.70362515151435,20,84.69083434342902,10,46.868977388887274,53.131022611112726,Individual House
Red Soil,Commercial,20.065317884644706,1,0,4505.269666123557,953.1188747030254,1055.781887703402,3,0,1,36.09930828290686,20,66.55780352559216,45,43.52420878041544,56.47579121958456,Shopping Complex
Clayey,Agricultural,15.993013605719401,1,1,8053.46375500827,1399.4214113344158,1993.8269341492821,1,1,0,67.87828528155579,30,73.344977323801,10,49.093644179494774,50.906355820505226,Individual House
Black Cotton,Agricultural,17.75227876355666,1,0,10922.621779770796,893.8265073840465,650.4078594590878,0,0,0,46.570087498292594,40,70.41286872740557,45,51.1527478062538,48.8472521937462,Individual House
Sandy,Commercial,48.8868754089315,0,0,2013.2850069331903,1285.6739134760508,378.8025246062965,0,1,3,11.354331639893054,25,18.5218743184475,85,33.604484653574445,66.39551534642555,Shopping Complex
Rocky,Agricultural,35.97196266406258,1,1,14582.53780287032,1294.169866953751,3023.371780843959,1,1,0,45.00700933398436,55,40.04672889322903,10,36.51413549020178,63.48586450979822,Individual House
Rocky,Agricultural,5.31738637111324,1,0,11322.57384705043,778.2490137723888,945.4552217945134,1,1,0,31.579757843111956,55,91.13768938147794,45,53.33733759045867,46.66266240954133,Individual House
Black Cotton,Industrial,28.61275211373074,0,1,16750.221327002793,521.2044622464324,298.9967096304941,0,0,3,36.826746164177194,40,52.31207981044877,45,43.217381110074214,56.782618889925786,Factory
Sandy,Commercial,27.43367097676974,1,0,6163.829522632747,959.3608099981216,4485.489656032028,1,0,1,49.14158225580756,25,54.2772150387171,45,45.76885754921192,54.23114245078808,Shopping Complex
Rocky,Industrial,11.266989819449893,0,0,18163.101000115836,668.8160128722641,2671.5720989269794,3,2,2,51.18325254513753,55,81.22168363425018,85,67.71955929936068,32.28044070063932,Factory
Black Cotton,Industrial,42.18779837308014,1,1,19975.190807578423,122.16130098289935,673.1410370149232,3,0,0,63.586193088054465,40,29.687002711533097,10,38.17691825870234,61.82308174129766,Factory
Rocky,Agricultural,43.61534536087201,0,0,18466.670329175813,566.7136506486505,267.13063723774854,2,0,2,8.438776404536968,55,27.307757731879974,85,39.28051117455793,60.71948882544207,Individual House
Red Soil,Agricultural,44.64912704786537,0,1,15779.957040829928,1491.1082070739874,599.3002670682806,3,0,0,20.82372357939927,20,25.584788253557704,45,27.93450031617917,72.06549968382083,Individual House
Loamy,Commercial,45.06590200572256,0,0,16435.007254601835,72.76780503943081,2356.6862016030705,0,1,2,76.3674561962035,15,24.890163323795733,85,56.451150499620155,43.548849500379845,Shopping Complex
Loamy,Agricultural,5.002905481276324,1,0,11901.140608347143,1045.00036785139,3342.326275844489,0,2,3,60.74927362968092,15,91.66182419787279,45,57.67770181985652,42.32229818014348,Individual House
Rocky,Agricultural,57.46564421156972,0,0,4612.9233953396,1261.7830576068707,3206.400374930228,2,0,0,39.63358894710757,55,4.223926314050473,85,44.427737710000265,55.572262289999735,Individual House
Clayey,Commercial,49.78148218800647,1,0,13863.773017806629,973.0888552130681,722.1154313224926,4,2,0,33.996938079448235,30,17.030863019989212,45,31.906644082804185,68.09335591719582,Shopping Complex
Sandy,Agricultural,54.71899331241069,1,1,14542.3070391387,854.6223467449349,3167.444759188544,2,1,1,42.320251671897324,25,8.801677812648862,10,23.262507538326275,76.73749246167372,Individual House
Sandy,Industrial,5.860381241908877,1,1,19722.31766509021,1061.3316254681363,2024.328121087997,4,2,1,54.53490468952278,25,90.23269793015187,10,47.89539112387094,52.10460887612906,Factory
Sandy,Commercial,56.36223376821567,1,0,11284.725008870115,644.0141059494835,2323.7189214973255,4,2,0,41.90944155794608,25,6.062943719640558,45,31.184040475191267,68.81595952480873,Shopping Complex
Red Soil,Agricultural,49.53836907784576,1,0,6156.011285476072,137.04260596331514,4007.1520312265857,1,2,3,69.39285137273966,20,17.436051536923742,45,42.896510864689816,57.103489135310184,Individual House
Sandy,Residential,51.04705286272842,1,1,13989.777913050628,1443.5576314550726,1662.4968633981919,3,2,2,36.488174052281735,25,14.921578562119294,10,22.75125555882843,77.24874444117157,Apartment
Loamy,Commercial,10.130806159708268,1,0,19608.140573662637,648.4511549762941,734.9952358167689,4,2,1,34.16720317640831,15,83.11532306715289,45,46.23735187853113,53.76264812146887,Shopping Complex
Red Soil,Commercial,45.63279159052287,0,1,4367.064257112786,998.0838557520264,4367.265667831703,1,1,1,48.591802102369286,20,23.945347349128554,45,37.24346757311139,62.75653242688861,Shopping Complex
Black Cotton,Residential,57.795417930315004,1,0,7193.96045217645,796.9656553339429,1060.65287933169,2,0,1,44.76420310405505,40,3.6743034494749907,45,33.83604694878801,66.16395305121199,Individual House
Sandy,Agricultural,42.32010377799884,1,0,11295.73812168094,82.00960796633183,1470.1493527732134,2,2,1,59.90238463298465,25,29.466493703335274,45,43.332458047378445,56.667541952621555,Individual House
Sandy,Agricultural,36.38087725435335,0,1,4234.078062758092,1429.1199014888077,3532.950294513112,4,1,3,46.90478068641166,25,39.36520457607775,45,41.25797438426352,58.74202561573648,Individual House
Black Cotton,Commercial,57.009632276194836,1,0,1422.1921508788287,1188.8058391714849,3417.7515852880365,1,1,0,63.74759193095129,40,4.98394620634194,45,40.80764372741844,59.19235627258156,Shopping Complex
Sandy,Commercial,29.36154169539398,0,1,7402.679326383762,223.64684170409237,4002.0001064191433,0,0,2,65.24080407390596,25,51.06409717434337,45,50.600305719452926,49.399694280547074,Shopping Complex
Black Cotton,Agricultural,37.96114614707633,0,1,17442.045228520103,1472.4733144324002,919.3332072397053,3,1,1,46.89637760802503,40,36.731423088206114,45,42.84658793486029,57.15341206513971,Individual House
Red Soil,Agricultural,31.19860614219014,1,1,1825.8995871505817,1105.3520582575618,1761.3994665710163,4,0,3,47.4283377958728,20,48.00232309634976,10,34.10049900264292,65.89950099735708,Individual House
Loamy,Industrial,56.30654217481646,1,1,9149.652121321433,708.4824756424633,629.4161947813054,0,2,3,20.511688351921993,15,6.155763041972577,10,13.468031683665842,86.53196831633416,Factory
Black Cotton,Commercial,9.1846599721029,0,1,15481.814685595567,917.0550848393598,2705.1957358430213,3,1,1,75.70383500697427,40,84.69223337982851,45,64.91940059739812,35.08059940260188,Shopping Complex
Clayey,Commercial,32.56158354539415,1,1,19110.46934130682,160.10502302189627,1462.852962693506,0,1,2,73.5103619862078,30,45.73069409100975,10,44.16130021792517,55.83869978207483,Shopping Complex
Black Cotton,Residential,42.78238427619911,0,0,19724.03258108421,840.6172650234164,3444.6782050428137,1,1,1,67.30440393095023,40,28.696026206334807,85,57.98054792741628,42.01945207258372,Individual House
Sandy,Industrial,48.55485961322303,0,1,9017.418231566091,110.4916080255891,1.7218399227053593,4,2,3,27.266225413613,25,19.075233977961616,45,29.311987389254952,70.68801261074505,Factory
Red Soil,Agricultural,37.0660256094275,1,1,19057.301593203232,817.2828856789529,298.4149922978963,0,0,2,16.70179344360105,20,38.22329065095417,10,20.901450367998912,79.0985496320011,Individual House
Rocky,Industrial,54.99047592667997,0,0,1672.960492336411,829.0435331441781,2162.801502596717,0,0,3,40.252381018330006,55,8.34920678886671,85,45.67563505363218,54.32436494636782,Factory
Red Soil,Agricultural,56.809529578612945,1,1,15172.42182197257,1311.6581777411159,4790.9207798778425,0,1,0,45.797617605346765,20,5.31745070231176,10,22.858528837449306,77.14147116255069,Individual House
Rocky,Agricultural,8.537557275647094,1,0,13212.174658038644,1087.586250408441,4454.256936795915,4,1,3,51.86561068108823,55,85.7707378739215,45,59.095648206861256,40.904351793138744,Individual House
Black Cotton,Industrial,27.13037967477559,0,1,5740.915294136894,374.32858832268005,4970.045140309916,1,2,1,78.7576897819453,40,54.782700542040686,45,58.51086655919103,41.48913344080897,Factory
Loamy,Commercial,6.290246194663494,0,1,10639.05151291333,1332.6392132817853,2084.1511243202244,1,2,2,60.427438451334126,15,89.5162563422275,45,57.028667543523824,42.971332456476176,Shopping Complex
Clayey,Agricultural,23.11791615559436,1,1,3461.521017449417,859.8639972720086,232.8424313687577,0,0,1,30.877369588476565,30,61.47013974067607,10,33.17461429113581,66.82538570886419,Individual House
Red Soil,Industrial,34.527751988383116,1,0,17560.345868079658,909.5692178610506,1529.780710098812,1,1,0,41.96367620488047,20,42.45374668602814,45,39.550723343215196,60.449276656784804,Factory
Sandy,Residential,55.09372117804719,1,0,7800.063625367311,253.4720538332675,3378.8542608697576,3,1,2,57.018246475492155,25,8.177131369921355,45,37.00066910890259,62.99933089109741,Individual House
Rocky,Industrial,51.56048773559716,0,1,12894.844938848615,1286.660393953671,675.8190488370764,1,1,2,14.626259042842237,55,14.06585377400475,45,28.13565410849597,71.86434589150403,Factory
Sandy,Residential,12.012484966959214,1,1,4016.749439457983,1396.447672524816,1499.8608938000052,0,1,2,42.9940966342603,25,79.97919172173465,10,41.29273175242477,58.70726824757523,Apartment
Loamy,Agricultural,10.116670610749264,0,0,4917.1320479929345,1162.4859742423623,280.8308227242934,3,2,3,25.08744880179855,15,83.1388823154179,85,53.06532765948397,46.93467234051603,Individual House
Rocky,Industrial,37.409703631616686,0,0,19847.17104525989,1411.1286789675094,2374.835191951171,4,2,1,44.64757409209583,55,37.65049394730552,85,54.53927441905992,45.46072558094008,Factory
Red Soil,Industrial,34.26648848523305,0,0,15308.641494385256,453.4498561835188,1044.6033884754397,2,0,2,35.11845427718941,20,42.88918585794492,85,47.26375546150253,52.73624453849747,Factory
Black Cotton,Residential,19.65077027865131,1,1,19277.465525707346,1291.6787525441566,456.2401344950118,1,1,2,42.212110120237405,40,67.2487162022478,10,40.08641759264504,59.91358240735496,Apartment
Sandy,Industrial,54.46991965046094,0,0,6621.1721390288385,733.3397142956138,2056.079047412395,3,2,2,42.38252008738476,25,9.2168005825651,85,42.13808217622594,57.86191782377406,Factory
Loamy,Industrial,56.005152520385444,1,0,4126.694655776588,245.8758044153774,1756.1270218707748,2,1,0,58.36870404239649,15,6.658079132690929,45,35.5935661980115,64.4064338019885,Factory
Red Soil,Agricultural,27.143629108708947,0,0,10558.300806097788,1003.2008985501018,2687.5886847274614,4,0,2,53.21409272282276,20,54.76061815215176,85,56.56508699102591,43.43491300897409,Individual House
Red Soil,Industrial,53.966640641243615,1,0,10398.697362319524,1026.1804060588183,3745.1932765681954,2,1,3,46.5083398396891,20,10.055598931260647,45,33.04181867670634,66.95818132329366,Factory
Red Soil,Commercial,26.117189184463495,1,0,4323.983761401769,430.38677063503525,562.8436821325262,4,2,3,28.904370108432534,20,56.471351359227505,45,38.48436737775826,61.51563262224174,Shopping Complex
Red Soil,Residential,45.52492575063351,0,0,14931.171822046794,41.239997441355094,3955.6279510500426,0,2,2,76.14436871586032,20,24.125123748944162,85,56.93180998778715,43.06819001221285,School
Rocky,Industrial,31.176821965124827,1,0,7873.773154335947,299.770888628345,131.44989937590057,0,0,3,20.848539178536104,55,48.038630058125285,45,38.80664622701896,61.19335377298104,Factory
Red Soil,Residential,11.742073607895065,0,1,4540.939387679828,599.6663215108301,2215.509512479239,4,0,3,57.064481598026234,20,80.4298773201749,45,54.33003788935291,45.66996211064709,Individual House
Sandy,Residential,56.036381068036185,0,0,7307.684496322479,251.3443665898028,2937.1514344294096,2,1,2,56.910242737602786,25,6.606031553273027,85,46.57009284647923,53.42990715352077,Individual House
Loamy,Residential,29.975312635764514,0,1,11709.515293065288,291.04492235940626,4784.993365698988,1,1,3,67.0434764994945,15,50.04114560705914,45,49.47550317658786,50.52449682341214,Individual House
Rocky,Industrial,45.396787217732204,0,1,14802.947711428422,587.0859965734044,2869.6151343482484,2,2,0,42.65080319556695,55,24.33868797044633,45,40.51245311106001,59.48754688893999,Factory
Red Soil,Industrial,25.19455979372107,0,0,10155.926835092207,1442.6799214628406,793.745966356943,2,2,2,29.57627937870859,20,58.00906701046488,85,49.10396453516422,50.89603546483578,Factory
Clayey,Residential,6.038448321692906,0,1,10986.304806739096,1146.3652731114726,2587.709026719546,1,2,1,70.49038791957678,30,89.93591946384515,45,62.905615637813156,37.094384362186844,Individual House
Clayey,Commercial,10.529169728050974,0,1,3639.9727829122194,479.6226018398462,1978.919735957081,2,0,3,70.1687461767381,30,82.45138378658172,45,60.92190710850376,39.07809289149624,Shopping Complex
Loamy,Residential,32.29207137194584,1,0,18379.12756945641,1427.4061033778223,2396.7778380012182,2,0,2,53.92698215701354,15,46.17988104675693,45,43.91941401664397,56.08058598335603,Individual House
Black Cotton,Commercial,42.94803964194993,0,1,18645.759761848843,968.470188388099,985.4850732954362,3,0,1,46.972691555421235,40,28.419933930083445,45,40.795425526918294,59.204574473081706,Hospital/Clinic
Black Cotton,Residential,23.410442961860348,0,0,13985.10521794207,683.1744669602102,2504.135211556359,4,1,0,72.14738925953492,40,60.98259506356609,85,67.74723500672874,32.252764993271256,Individual House
Rocky,Agricultural,43.25186525477077,1,0,1334.9967697464695,702.4502984327206,750.1988214543842,0,0,0,18.191010115394995,55,27.913557908715376,45,32.84524301756709,67.1547569824329,Individual House
Rocky,Residential,43.42495741875758,1,0,11204.410102163194,616.1167017530878,3720.2154034543496,4,1,2,43.14376064531061,55,27.62507096873736,45,41.50658396804305,58.49341603195695,Individual House
Rocky,Residential,43.716474903030694,0,0,12955.160469683657,349.4880788189095,2969.5313011279895,2,1,2,52.10159654510775,55,27.139208494948846,85,54.52036091452493,45.47963908547507,Individual House
Black Cotton,Industrial,32.08870197112796,0,0,19898.43023620409,579.9482883205585,392.6384579589165,1,1,0,37.83059366639634,40,46.518830048120066,85,52.120415295268735,47.879584704731265,Factory
Clayey,Commercial,55.31873825668272,0,0,19925.27214870114,791.8445760650889,4448.072339644899,1,0,0,58.17031543582932,30,7.802102905528798,85,48.060136128922466,51.939863871077534,Hospital/Clinic
Black Cotton,Agricultural,31.905808488933857,1,0,17294.613471185592,792.0410260953315,3081.8980230781917,0,2,0,70.02354787776653,40,46.82365251844357,45,53.46415488682918,46.53584511317082,Individual House
Sandy,Commercial,29.7645856423151,0,1,2212.788848496157,1142.605353318777,1580.5352756391571,0,0,1,40.16955910220437,25,50.39235726280816,45,41.657435001473566,58.342564998526434,Shopping Complex
Red Soil,Agricultural,15.965945045584483,1,0,19112.251424795868,538.1967857360289,228.21199763655153,0,0,1,20.57275369133491,20,73.39009159069253,45,39.797986689640354,60.202013310359646,Individual House
Rocky,Residential,21.921029804598508,0,1,12640.563695887982,1075.1970439559286,3161.1334788581653,1,0,2,48.519742548850374,55,63.46495032566916,45,52.34814747351492,47.65185252648508,Individual House
Clayey,Industrial,7.328397088506684,0,0,16216.84863910441,867.137758153027,1867.2013067416842,2,1,1,67.51192686270701,30,87.78600485248886,85,71.32567561506967,28.67432438493033,Factory
Loamy,Industrial,39.84444114888936,1,0,8736.664144031218,1442.7681067902517,4538.090524392438,0,2,3,52.03888971277766,15,33.592598085184406,45,40.111760920768276,59.888239079231724,Factory
Loamy,Commercial,18.66946591599011,0,0,7073.7199534572055,577.927389050974,174.38916357087274,0,0,0,20.820416792419927,15,68.88422347334982,85,48.00820174568443,51.99179825431557,Shopping Complex
Red Soil,Industrial,21.728538996700582,0,1,9801.638764192352,1351.8246963911854,195.51217671121668,1,0,2,18.478108785049187,20,63.78576833883237,45,36.66378015947531,63.33621984052469,Factory
Clayey,Commercial,47.394798691537666,0,1,3790.6157464077114,1230.9638209474342,4746.496434534677,2,1,1,60.151300327115585,30,21.008668847437235,45,42.05512232634976,57.94487767365024,Shopping Complex
Black Cotton,Commercial,22.997165073879962,1,1,7784.256636312815,956.4964268841853,4824.369728397532,0,0,2,72.25070873153001,40,61.671391543533396,10,49.20559594191885,50.79440405808115,Shopping Complex
Black Cotton,Agricultural,18.32077406072282,0,1,17294.732495597294,981.7717001131758,138.711133863193,2,0,1,36.194029162083154,40,69.46537656546197,45,47.28425434809459,52.71574565190541,Individual House
Sandy,Commercial,14.298176202353815,0,1,1721.0592389567482,126.97490190961602,3580.166174706638,3,1,2,74.80696183483458,25,76.1697063294103,45,60.22486322454468,39.77513677545532,Shopping Complex
Sandy,Agricultural,47.61721212000757,1,1,3866.682889667485,1425.3369083901484,1107.4742616442024,0,0,0,26.245182202882155,25,20.637979799987377,10,20.595308721005598,79.4046912789944,Individual House
Black Cotton,Industrial,12.133844189451478,1,0,3377.207033340225,160.40409524361587,3506.9638314303625,0,2,0,95.34229323802018,40,79.77692635091421,45,70.56403422103561,29.435965778964388,Factory
Loamy,Commercial,29.956456813769442,0,0,8658.435311304333,844.8499631152606,4343.663983289918,1,1,0,54.51088579655764,15,50.07257197705093,85,55.09695302305791,44.90304697694209,Shopping Complex
Rocky,Commercial,32.88115638424569,0,1,19942.751116926374,495.10620067373173,504.15739431137695,3,2,1,16.156486749742214,55,45.19807269292385,45,36.454288535640735,63.545711464359265,Shopping Complex
Loamy,Residential,42.806445197714304,1,1,4293.800674016271,644.7779674347777,1193.8320838102102,3,0,2,35.175030376775624,15,28.655924670476168,10,24.22524179949051,75.7747582005095,Apartment
Sandy,Commercial,39.83059152831475,0,1,3764.170342385943,915.2745162552255,120.38834163247414,3,1,2,8.450118950570795,25,33.61568078614209,45,26.361461829235303,73.63853817076469,Shopping Complex
Red Soil,Commercial,49.589637011984614,0,1,18386.058865746934,1363.2770668234825,219.149227222204,4,1,2,11.985575291447926,20,17.350604980025636,45,22.78260259701318,77.21739740298682,Shopping Complex
Black Cotton,Residential,7.4613288659430985,1,1,17758.959822353347,686.3506853584522,148.08929108887094,1,0,3,39.09645360529164,40,87.56445189009483,10,44.07487173437578,55.92512826562422,Apartment
Sandy,Residential,21.304239862866847,0,0,1612.5670299345343,1481.5943329596616,4003.4117821320724,1,2,1,50.67394003428329,25,64.49293356188859,85,58.8591124024713,41.1408875975287,Individual House
Sandy,Industrial,20.407376532645884,0,0,15282.413243406985,889.2180980272497,1491.4633921538834,0,0,0,40.727423709916195,25,65.98770577892353,85,55.75152474320155,44.24847525679845,Factory
Rocky,Commercial,13.030929807565952,1,0,13453.848328052161,240.83091396326174,2466.0571978599455,1,1,0,66.2924127103128,55,78.28178365405674,45,62.272790362123665,37.727209637876335,Shopping Complex
Black Cotton,Industrial,20.904803962104374,0,0,15587.07538720147,285.0139422468784,3939.2213179850814,0,1,2,85.6729624746612,40,65.15866006315937,85,73.52520188192126,26.474798118078738,Factory
Rocky,Industrial,22.03709227785969,0,0,10395.54664112252,1074.1665533838766,2474.7183135335904,0,1,2,48.490726930535075,55,63.271512870233856,85,62.28963264324574,37.71036735675426,Factory
Black Cotton,Residential,33.703645406011304,0,0,19836.205150517617,75.59669136507263,2145.9803131229805,4,0,3,95.03828716659282,40,43.827257656647824,85,71.47021492246944,28.529785077530562,Individual House
Rocky,Agricultural,41.50374634094408,1,0,1833.0933555083006,720.5123643333403,57.866032447294046,1,0,1,4.78138406370986,55,30.82708943175986,45,28.880256780238415,71.11974321976159,Individual House
Loamy,Industrial,25.960528248649773,0,0,5453.060141672309,222.3286647052749,2840.197512683781,1,0,2,72.17014805552105,15,56.73245291891705,85,62.94266504916163,37.05733495083837,Factory
Red Soil,Agricultural,44.570862722235965,1,1,8534.373752498686,649.8279527667675,623.715390685432,4,2,2,21.33159213314965,20,25.715228796273394,10,19.394864445670724,80.60513555432928,Individual House
Red Soil,Commercial,23.489093621876897,1,1,9545.780889748361,1124.8761331075793,3823.241203955131,4,2,1,54.12772659453078,20,60.85151063020517,10,39.657581965637064,60.342418034362936,Shopping Complex
Black Cotton,Residential,20.965602252311818,0,0,18505.980651290854,688.2193923621512,1288.688619075098,1,2,2,58.532371818424004,40,65.0573295794803,85,64.00066253131848,35.99933746868152,Individual House
Clayey,Commercial,34.76534307213634,1,0,11640.082917467918,245.17666347139044,3370.9370540432756,1,1,0,78.59806442368249,30,42.05776154643943,45,53.77376293489873,46.22623706510127,Shopping Complex
Sandy,Commercial,6.304399816818483,0,0,1857.1089148874837,377.88805553496366,3231.117639123397,0,2,1,61.75061671369756,25,89.4926669719692,85,68.98588259278645,31.014117407213547,Shopping Complex
Sandy,Residential,9.38840179987002,0,1,8749.396305087575,551.3093829782736,3083.3780146501003,2,1,0,53.652899550032494,25,84.3526636668833,45,54.866680759232196,45.133319240767804,Individual House
Black Cotton,Commercial,27.988324897258988,0,1,8913.317835012327,104.34177522962207,1334.760037685963,0,2,3,81.43761301562719,40,53.352791837901684,45,59.09136251494493,40.90863748505507,Shopping Complex
Rocky,Residential,56.860199126546604,1,0,19344.32783031791,876.5064541216829,1335.4488858778407,3,2,2,26.493927935920162,55,5.233001455755655,45,30.08112514151097,69.91887485848903,Individual House
Clayey,Agricultural,44.6831478913883,0,1,12384.744729401056,911.3006869170753,4315.2402172066495,3,1,2,60.829213027152925,30,25.528086847686154,45,43.42224627142506,56.57775372857494,Individual House
Loamy,Commercial,9.846961322530676,0,0,13077.370352019838,93.22789069885118,64.03666315213496,2,0,1,45.22531949047895,15,83.58839779578221,85,60.22596127061318,39.77403872938682,Shopping Complex
Rocky,Residential,51.54749070294805,0,0,14551.807593774145,603.466981761243,907.6131672697895,4,2,3,19.265390669658778,55,14.087515495086578,85,39.76476560815222,60.23523439184778,Individual House
Rocky,Industrial,45.27654238344996,1,0,15630.746997960341,621.0010243270874,3050.854588209925,3,1,1,42.68086440413751,55,24.539096027583412,45,40.57307654834398,59.42692345165602,Factory
Black Cotton,Commercial,38.60205891364593,1,0,13065.970333847294,500.7293528289018,4085.231272015849,4,0,3,68.34948527158852,40,35.66323514392346,45,50.088128631036845,49.911871368963155,Hospital/Clinic
Black Cotton,Agricultural,50.11611283350475,0,0,5506.692671544774,836.6096104966678,1791.7275433642933,4,0,1,61.30552265890968,40,16.47314527749208,85,52.825219249991406,47.174780750008594,Individual House
Sandy,Residential,27.226041625862642,0,1,17606.87237248212,518.9362350901677,3267.2172930540005,0,0,1,49.19348959353434,25,54.6232639568956,45,45.873537346960916,54.126462653039084,School
Black Cotton,Commercial,17.182557796961902,0,0,14910.276207801973,624.6139192167091,2785.7820981011814,4,1,2,73.70436055075953,40,71.36240367173016,85,70.88712711069837,29.112872889301627,Shopping Complex
Black Cotton,Commercial,33.161286400981766,0,0,15095.53921684216,1196.2853211624083,322.700522410177,2,2,2,36.1636888479581,40,44.73118933169705,85,51.090088429709596,48.909911570290404,Shopping Complex
Black Cotton,Commercial,35.18629655764106,1,0,19934.578045460235,243.16403314530217,3108.750984653391,0,2,3,84.61358387187161,40,41.356172403931566,45,57.20379745613795,42.79620254386205,Shopping Complex
Sandy,Agricultural,34.60795046054517,1,0,16248.004162403002,928.6720429551314,4069.5173613624675,2,2,0,47.34801238486371,25,42.32008256575806,45,42.15182497614181,57.84817502385819,Individual House
Loamy,Residential,36.07905853140579,1,1,16753.876659947913,758.3916025362684,4962.241601497047,4,0,0,52.98023536714855,15,39.86823578099035,10,33.26014132374958,66.73985867625042,Individual House
Loamy,Industrial,57.178770503154944,1,0,19076.70479849301,457.6074562190236,148.2003632586143,3,2,1,13.212867266242133,15,4.702049161408425,45,19.300015833536854,80.69998416646314,Factory
Black Cotton,Industrial,54.62350927029272,1,0,3871.5459971289833,1091.301984735616,3300.29086291934,4,1,2,64.34412268242681,40,8.960817882845461,45,42.01064740956075,57.98935259043925,Factory
Sandy,Industrial,53.164437010741665,1,1,10456.82015308329,826.782539311722,2072.747765739811,2,2,1,42.708890747314584,25,11.392604982097225,10,24.04626300708441,75.9537369929156,Factory
Loamy,Residential,49.077924599974494,1,0,12030.773448224965,716.042290441043,48.93944353102641,1,2,3,10.709307720626905,15,18.203459000042514,45,21.799122452230044,78.20087754776995,Individual House
Rocky,Industrial,56.888545899590696,0,0,7256.238855226695,1001.5039721568,3071.8047185425567,1,2,1,39.777863525102326,55,5.185756834015507,85,44.71869144228969,55.28130855771031,Factory
Loamy,Agricultural,10.417205292367179,0,0,16948.663533995605,1203.4354619720411,612.1364927781775,3,2,1,31.638428532471757,15,82.63799117938804,85,55.232947781212125,44.767052218787875,Individual House
Loamy,Residential,19.581779379515673,0,0,15485.972811268744,1459.0031850503642,1892.834250945683,2,1,1,54.96124017403474,15,67.36370103414055,85,59.5773593194473,40.4226406805527,Individual House
Sandy,Commercial,32.22807701100217,0,1,14696.778415654357,944.0255525645603,1306.8354624420115,3,2,3,34.07968999608969,25,46.286538314996385,45,38.49952607738049,61.50047392261951,Shopping Complex
Rocky,Agricultural,51.559397121787285,0,0,19945.83935540517,1311.6599781005743,1805.8170113554966,0,0,3,37.226490946663105,55,14.067671463687859,85,46.04618969725405,53.95381030274595,Individual House
Sandy,Commercial,32.784114133750286,0,0,5928.24609475942,1.637311534435415,2463.477907504748,4,2,1,77.7057327744963,25,45.35980977708286,85,63.536958915344414,36.463041084655586,Shopping Complex
Black Cotton,Industrial,46.14191066378738,1,1,14973.687781833005,795.3535390888368,1796.0476624475725,0,0,2,62.385475583004606,40,23.096815560354372,10,36.10912034414021,63.89087965585979,Factory
Red Soil,Agricultural,12.642794788690392,0,0,11476.685023212112,321.9713231552971,2763.659352947696,1,0,3,67.52102191350959,20,78.92867535218268,85,67.61452650777403,32.38547349222597,Individual House
Loamy,Residential,18.88275971371081,1,0,6946.7944673836455,141.28868562470575,1193.2484511642688,4,0,0,62.666957957375324,15,68.52873381048198,45,52.565618737701854,47.434381262298146,Individual House
Red Soil,Agricultural,45.24768522707198,0,1,4051.1505437393907,797.9565255965881,3176.808837141908,0,1,1,48.688078693232,20,24.58719128821336,45,37.437625364684536,62.562374635315464,Individual House
Sandy,Commercial,14.060370488824823,1,0,18021.792904283397,1120.2397592236412,4268.815020624267,1,0,2,52.484907377793796,25,76.56604918529196,45,52.51122987855082,47.48877012144918,Shopping Complex
Sandy,Residential,24.32457640602097,1,1,12313.654171449061,618.4087837115696,1120.335234576062,0,0,3,32.325560590015996,25,59.459039323298384,10,32.428706037330194,67.57129396266981,School
Sandy,Agricultural,19.56764417974643,0,0,16673.7429151751,1005.1611740166524,2539.3860792781124,4,2,1,51.108088955063394,25,67.38725970042262,85,59.73464605937784,40.26535394062216,Individual House
Red Soil,Agricultural,24.242393182236317,0,1,11361.554696029352,734.5788807614249,3243.448922749443,0,1,2,53.93940170444092,20,59.59601136293947,45,48.02779343728919,51.97220656271081,Individual House
Sandy,Agricultural,43.957822699288364,0,0,5179.564532426371,655.628798939139,2823.1306560670805,4,1,0,45.01054432517791,25,26.736962167852724,85,47.43793105577545,52.56206894422455,Individual House
Black Cotton,Agricultural,25.231594962854057,0,0,7413.42744890618,435.3849606537909,1828.2472309611298,0,1,3,72.13394823928164,40,57.947341728576575,85,66.98371731589272,33.01628268410728,Individual House
Sandy,Residential,35.53948274343671,0,1,8249.238006997384,573.8902717515068,3210.9985400287414,3,0,3,47.11512931414082,25,40.76752876093882,45,41.68217745018399,58.31782254981601,Individual House
Clayey,Commercial,10.49625323799253,1,0,19485.761437570345,524.6934461916418,141.23103105038115,0,0,0,32.20055731150949,30,82.50624460334578,45,47.64675620986476,52.35324379013524,Shopping Complex
Red Soil,Agricultural,49.27597312790453,0,1,1107.0322892462675,969.2807760223222,1849.531159982165,0,0,3,44.67162991766717,20,17.873378120159117,45,34.35341500122328,65.64658499877672,Individual House
Clayey,Residential,25.34387441064687,1,1,19727.654437465633,174.0277669187093,2663.061073205016,3,2,2,85.22236538221571,30,57.760209315588554,10,51.26788021267264,48.73211978732736,Individual House
Sandy,Commercial,40.669378746833836,1,1,19628.771067086782,138.954553031709,103.06579417932338,1,0,3,29.556698014975467,25,32.21770208861028,10,24.649269827393983,75.35073017260602,Hospital/Clinic
Black Cotton,Agricultural,44.89642809140079,1,1,19926.865020072593,990.0194913126905,2538.244148421499,4,1,1,66.7758929771498,40,25.172619847665345,10,38.164717503918766,61.835282496081234,Individual House
Loamy,Commercial,16.53135071614352,0,0,10055.175399473059,819.4471048183211,3271.2723038281415,2,2,0,57.86716232096412,15,72.44774880642747,85,61.86544401394431,38.13455598605569,Shopping Complex
Rocky,Commercial,53.657124172434244,0,1,19312.37042279899,645.3001451139863,3796.0384885652256,1,2,1,40.58571895689144,55,10.571459712609581,45,36.3478665630644,63.6521334369356,Shopping Complex
Rocky,Residential,38.89233383838241,0,0,8516.38445514672,228.66432661185533,566.870407047152,4,1,3,31.894465084636114,55,35.17944360269598,85,49.45792368029663,50.54207631970337,Individual House
Sandy,Commercial,28.579882796331482,0,0,1499.5943726993476,616.5406678039673,4952.824374458474,0,0,1,48.85502930091713,25,52.3668620061142,85,55.19097575684955,44.80902424315045,Shopping Complex
Black Cotton,Residential,15.028435096802074,0,1,5262.596541063526,1184.5976449800173,3030.8385066754777,1,2,2,74.24289122579948,40,74.95260817199654,45,61.973163972028956,38.026836027971044,Individual House
Red Soil,Agricultural,56.82655158456637,0,1,18960.62865381031,1334.4318536838855,1815.96896306165,0,1,1,42.11274136509141,20,5.2890806923893905,45,30.31172965087934,69.68827034912066,Individual House
Clayey,Commercial,46.52875122723938,1,0,1261.5291733725996,1053.8648549463303,1245.464272283569,1,0,2,45.277097638861534,30,22.452081287934362,45,37.210004495585125,62.789995504414875,Shopping Complex
Clayey,Commercial,16.44135095032869,0,1,11373.888573036525,89.86826382132124,2864.484308417073,1,2,2,92.49756643313856,30,72.59774841611885,45,66.2735853556282,33.7264146443718,Shopping Complex
Clayey,Industrial,23.57409260983235,1,0,2436.430188998902,1005.6146649016779,4408.558235832854,2,2,2,66.10647684754191,30,60.70984565027942,45,54.06472830920953,45.93527169079047,Factory
Red Soil,Agricultural,49.53208419484403,1,1,6441.5349901239915,361.47838431944183,2602.8269807068236,3,2,0,55.928275892122485,20,17.446526341926614,10,29.436528147724523,70.56347185227548,Individual House
Rocky,Agricultural,43.262271476843644,0,0,2673.7641635258465,472.8768645396076,3307.360278024801,1,2,1,44.81182025841264,55,27.89621420526059,85,52.15819064175957,47.84180935824043,Individual House
Black Cotton,Industrial,47.11813609936484,0,0,17331.043801148073,293.8098119399768,1788.482197702801,0,2,2,74.3615212128162,40,21.469773167725265,85,58.64397571641699,41.35602428358301,Factory
Red Soil,Industrial,29.266060621711283,0,1,12230.343483306411,1163.633685930307,1940.7614404448632,2,0,2,51.498713653469444,20,51.22323229714787,45,45.080357853001274,54.919642146998726,Factory
Clayey,Residential,44.40619444531918,0,0,18140.022848647946,972.9031839559185,1430.8755288594598,1,1,1,49.5159619658594,30,25.98967592446803,85,49.578005669167794,50.421994330832206,Individual House
Sandy,Residential,26.257154757515252,0,0,14078.710791264339,917.7525818987713,3528.186471841199,3,2,3,49.43571131062119,25,56.23807540414125,85,56.36201780975273,43.63798219024727,Individual House
Loamy,Commercial,16.619460431600803,0,1,19449.553493656895,1001.9589145039141,1795.9377670828253,0,1,0,53.76389023375631,15,72.30089928066533,45,50.392586401981035,49.607413598018965,Shopping Complex
Red Soil,Commercial,39.7972369162748,1,1,10687.675440447725,355.1583921058551,953.5820202061961,2,1,2,37.812827648703916,20,33.671271806208665,10,27.152307628598535,72.84769237140146,Shopping Complex
Red Soil,Commercial,58.68076590793368,1,1,13135.501053494616,666.9666214880424,1847.0028558311897,4,1,3,42.26986563964037,20,2.1987234867771974,10,20.84413384556843,79.15586615443158,Shopping Complex
Black Cotton,Commercial,22.083053426743128,1,1,11949.867577892075,949.8805823234837,4269.136039163781,3,0,3,72.47923664331422,40,63.19491095542812,10,49.66646056401701,50.33353943598299,Shopping Complex
Black Cotton,Residential,30.35332757168968,1,1,10200.948159485642,954.8910414274507,3691.2602178846173,4,1,3,70.41166810707757,40,49.41112071385053,10,45.496864015939785,54.503135984060215,Individual House
Red Soil,Agricultural,42.070075408841944,1,0,17073.22794303724,1187.7777941326958,1673.2042223178196,4,1,2,42.94656559414591,20,29.883207651930093,45,36.75209987093359,63.24790012906641,Individual House
Clayey,Commercial,34.78284551673683,1,0,13245.977577736843,430.65595003216583,4534.044824183512,2,1,2,67.46493161888584,30,42.028590805438625,45,49.8698737679697,50.1301262320303,Shopping Complex
Loamy,Agricultural,51.388528763997705,0,1,16224.933032253983,1155.5041825452336,374.1631755873348,2,2,2,16.636131320747268,15,14.352452060003827,45,22.9107589772625,77.0892410227375,Individual House
Black Cotton,Commercial,46.895848855823374,0,0,15940.914795445851,660.2767209254035,248.7689570682161,2,2,1,31.251416927408478,40,21.840251906961043,85,43.64805890133323,56.35194109866677,Shopping Complex
Clayey,Industrial,8.206346212429636,0,0,4629.858052450611,1005.2590380884022,637.3517739262063,4,1,2,42.69544892541671,30,86.32275631261727,85,62.27409620205017,37.72590379794983,Factory
Sandy,Commercial,59.91316786580757,1,0,13353.10711783523,683.5790700979302,582.2737792930155,0,0,0,12.667183619408418,25,0.14472022365404769,45,19.46969432270646,80.53030567729354,Hospital/Clinic
Black Cotton,Commercial,46.382134954570695,1,0,4793.312364445348,1422.915254686415,439.1715750617026,2,2,1,35.187897762591376,40,22.696441742382177,45,35.23987465250252,64.76012534749748,Shopping Complex
Clayey,Commercial,52.51468239617623,1,0,12083.089086631646,268.9533971124667,3306.713059989962,3,2,0,72.73412557420795,30,12.475529339706299,45,44.32582628589935,55.67417371410065,Shopping Complex
Clayey,Residential,40.815874165244054,0,1,13871.259004479709,1012.5076328735356,3004.2118982771194,2,1,3,61.79603145868899,30,31.973543057926577,45,45.37199677502279,54.62800322497721,Individual House
Loamy,Industrial,52.09568204257192,0,1,19947.46636016415,864.8025011522383,3238.0275529085734,2,1,1,48.97607948935702,15,13.173863262380124,45,33.935093636869986,66.06490636313,Factory
Loamy,Commercial,11.181063621079018,0,0,1580.2975848450287,259.0965614216169,3441.83027081015,2,0,1,73.65894040943323,15,81.3648939648683,85,69.6218526345187,30.378147365481297,Shopping Complex
Sandy,Commercial,24.125580955762356,1,0,2733.605488160698,99.00950371750189,3784.3987624033994,4,2,1,74.0280345380093,25,59.79069840706274,45,55.85748669006894,44.14251330993106,Shopping Complex
Clayey,Agricultural,53.2031518982471,1,1,2463.5072310533988,1198.7165834574955,1035.884637432052,0,1,0,39.416904774079256,30,11.328080169588162,10,23.62793671332478,76.37206328667523,Individual House
Rocky,Industrial,16.091036619679073,1,1,8568.86443906806,236.17700046939777,3111.517566173999,2,2,0,65.80662081691636,55,73.18160563386822,10,52.077718694387784,47.922281305612216,Factory
Clayey,Commercial,9.30331542190125,0,1,16610.17886823046,279.76002417866397,2900.2432966818665,4,1,3,82.88856969380485,30,84.49447429683126,45,65.8846179670395,34.1153820329605,Shopping Complex
Loamy,Agricultural,48.346541696987046,1,1,17037.070322955577,1467.651335983559,4718.300129017369,3,1,2,49.913364575753235,15,19.422430505021595,10,27.07528522776903,72.92471477223097,Individual House
Rocky,Agricultural,50.951738560381294,0,0,15002.612318701882,1075.891277214946,1161.838621198243,0,0,0,24.498837783869533,55,15.080435732697836,85,41.84470215752879,58.15529784247121,Individual House
Black Cotton,Residential,13.945872000444533,0,1,18040.686594769006,375.7302624018337,293.61467187165704,4,2,3,47.84200969321199,40,76.75687999925911,45,53.18392339243897,46.81607660756103,Individual House
Black Cotton,Agricultural,51.98902905304935,0,1,7134.338939219598,886.4234402274019,3267.475348572716,1,2,2,65.00274273673766,40,13.351618244917745,45,43.338864519087615,56.661135480912385,Individual House
Red Soil,Commercial,42.77222875784433,0,0,2674.9382407936837,801.1677576037699,3700.864201183559,3,1,1,49.306942810538914,20,28.712952070259448,85,48.685668001253475,51.314331998746525,Shopping Complex
Loamy,Residential,33.60454757691211,0,1,2104.9075318071523,1266.7099012707713,1415.9800290377534,3,0,2,41.91846368652703,15,43.992420705146486,45,39.16956746657108,60.83043253342892,Individual House
Red Soil,Residential,50.663760602976176,0,1,17190.52167276834,1093.9811217489366,2854.242154698345,1,0,0,47.33405984925596,20,15.560398995039705,45,34.70702069599951,65.29297930400048,Individual House
Rocky,Commercial,28.05870871254312,0,1,14878.289592720135,1247.5816882397787,297.68032767075294,4,0,3,12.93892937527928,55,53.235485479094805,45,37.33749665112145,62.66250334887855,Shopping Complex
Loamy,Industrial,15.669667592286846,1,1,14273.690814211297,317.2598819660437,4800.224205841445,4,2,1,69.04699018396568,15,73.8838873461886,10,47.38741840093513,52.61258159906487,Factory
Sandy,Agricultural,20.666897213583752,0,1,7453.850432367707,960.3288065505078,549.6248664958431,3,1,1,21.825773026520924,25,65.55517131069374,45,39.027813386955756,60.972186613044244,Individual House
Clayey,Residential,32.78402100613231,1,0,8218.198583746298,60.36128762757048,337.85268075997857,4,1,2,56.93937110601226,30,45.35996498977948,45,47.01877113454916,52.98122886545084,Individual House
Sandy,Industrial,34.22319359702466,0,0,19204.157049087065,103.41091841883015,220.55079747309526,1,0,2,35.650562445075934,25,42.9613440049589,85,48.218032857016304,51.781967142983696,Factory
Rocky,Commercial,49.30694545426785,0,0,2212.2901378607653,1070.290549056896,2136.3595325167635,4,0,0,41.673263636433035,55,17.82175757622025,85,48.541081666806626,51.458918333193374,Shopping Complex
Loamy,Agricultural,48.52439980087839,0,0,15700.90300181806,36.63015396589703,485.79871728595015,3,0,1,47.387065157545585,15,19.126000331869335,85,44.866972888108286,55.133027111891714,Individual House
Rocky,Agricultural,36.97516064625162,1,0,6883.03315045947,869.6475133507638,3723.241204777876,4,2,2,44.756209838437094,55,38.3747322562473,45,44.758356507514804,55.241643492485196,Individual House
Clayey,Residential,47.9432015851012,0,1,1742.0377498385656,1260.6076476667952,4494.370803132028,0,1,1,60.0141996037247,30,20.09466402483133,45,41.778635867511476,58.221364132488524,Individual House
Black Cotton,Agricultural,15.547540206151904,0,1,15108.832104106665,569.9127126270429,1301.0946616242852,1,0,3,60.13500818094773,40,74.08743298974683,45,56.81911111076841,43.18088888923159,Individual House
Black Cotton,Agricultural,7.753548990131189,1,1,7287.325827889117,67.26065525986918,3143.8655962569946,1,0,3,100.0,40,87.07741834978135,10,65.26935458744533,34.730645412554665,Individual House
Rocky,Agricultural,53.04986024490851,1,1,14720.802856113136,1070.7711744430903,211.69223505908886,2,1,0,4.97137963995465,55,11.583566258485817,10,15.385874438605581,84.61412556139442,Individual House
Red Soil,Agricultural,9.155497156952325,1,1,14445.433279244282,1394.5296786962263,1932.822358463977,4,2,1,56.36757288004146,20,84.74083807174613,10,46.41386002595104,53.58613997404896,Individual House
Loamy,Commercial,18.56786363591985,1,1,11160.950633229188,1075.7570880874018,1464.7105671386419,1,2,2,46.65224543379288,15,69.05356060680025,10,38.341676053527564,61.658323946472436,Shopping Complex
Loamy,Industrial,43.242542229341154,0,1,15770.089455000427,867.6708645041629,1143.095482201794,4,2,3,34.05127408670059,15,27.92909628443141,45,32.40022000145306,67.59977999854695,Factory
Black Cotton,Commercial,27.519636569502,0,1,12039.728159253626,345.04324481859004,3223.6174481434955,0,1,3,80.4174961685091,40,54.13393905083,45,58.929608421685685,41.070391578314315,Shopping Complex
Sandy,Commercial,53.19726834535298,1,1,6446.100204116953,23.063436066745492,651.1397317926815,3,2,0,44.339671385510655,25,11.33788609107836,10,24.60335650769832,75.39664349230168,Shopping Complex
Clayey,Residential,21.388888706424826,0,1,14948.190720223962,1042.0081627185798,4303.552616484942,3,0,3,66.65277782339379,30,64.35185215595862,45,55.166435277177484,44.833564722822516,Individual House
Sandy,Agricultural,5.652924066814761,1,1,12193.656501676747,346.53926376643943,3324.1795318436734,2,2,0,63.79441315730995,25,90.57845988864206,10,51.22265957721899,48.77734042278101,Individual House
Sandy,Commercial,21.536060230840928,1,1,1241.8183521084902,1287.2440157735361,3553.67589344029,2,1,1,50.61598494228977,25,64.10656628193179,10,39.99223630028436,60.00776369971564,Shopping Complex
Rocky,Agricultural,36.79412770516574,1,1,18131.239377635877,699.5461782489169,4676.72154328834,1,2,2,44.80146807370856,55,38.676453824723765,10,36.09962728197894,63.90037271802106,Individual House
Black Cotton,Commercial,25.676610647181132,0,0,11367.228748161955,795.9533735586843,4711.864357512573,1,1,1,71.58084733820472,40,57.205648921364784,85,66.60470879871285,33.39529120128715,Shopping Complex
Black Cotton,Commercial,34.41800156673154,1,1,17503.918044111102,1130.90481639955,2758.261619096179,1,1,1,69.39549960831711,40,42.63666405544744,10,43.44759087677285,56.55240912322715,Shopping Complex
Black Cotton,Residential,53.21289653592603,0,0,17771.99994066265,1169.1459117050147,2476.899086429902,0,2,1,64.6967758660185,40,11.31183910678996,85,52.72183132980396,47.27816867019604,School
Rocky,Industrial,55.18667798267027,0,1,9454.366477966681,963.9762496208522,1676.9080411345506,2,0,2,33.741491327023446,55,8.022203362216217,45,33.315072805012264,66.68492719498774,Factory
Red Soil,Industrial,19.628573555976168,0,1,10645.539932573389,1407.6477231191145,3577.8580510123415,2,1,1,55.092856611005956,20,67.28571074003972,45,50.353927498862014,49.646072501137986,Factory
Sandy,Commercial,30.417726029844538,1,1,8899.333365836435,1473.4476544806291,2691.0444348990645,3,2,1,48.395568492538864,25,49.3037899502591,10,35.514396459953375,64.48560354004663,Shopping Complex
Rocky,Residential,35.202920838279816,0,0,9539.298730852865,1420.3281665619254,4664.375398700623,2,1,0,45.199269790430044,55,41.328465269533645,85,55.651860744033925,44.348139255966075,Individual House
Loamy,Agricultural,57.20118512885359,1,0,18007.79602046283,1236.2687780159154,1193.1297435630268,2,2,0,31.562298589047145,15,4.664691451910684,45,25.71297736914417,74.28702263085583,Individual House
Clayey,Agricultural,59.92395255404116,0,1,15974.73626539031,1058.4378303663773,1551.2634312524538,0,0,0,48.04428048653879,30,0.12674574326473476,45,32.59718460610476,67.40281539389524,Individual House
Red Soil,Commercial,17.947398686283965,0,1,3403.987849995982,994.9887868225013,1580.4522370998436,1,1,2,47.122195070425875,20,70.08766885619339,45,48.2646854886974,51.7353145113026,Shopping Complex
Loamy,Industrial,44.98389292401985,0,1,12595.847849261821,155.62526538080084,4029.992272783535,0,0,3,71.41651084614698,15,25.02684512663359,45,44.75249007780984,55.24750992219016,Factory
Sandy,Residential,25.791708422825735,1,1,19922.2261673405,407.22652022866873,495.20165921076165,4,0,3,25.022514864788675,25,57.01381929529044,10,29.261335026498646,70.73866497350136,Apartment
Black Cotton,Industrial,5.4459508287417275,1,0,12315.463323417229,8.532335294065552,2278.2456049448983,3,0,1,100.0,40,90.92341528543045,45,74.98085382135761,25.019146178642387,Factory
Sandy,Agricultural,5.508888733974629,1,0,15931.560886269004,206.1148053509878,2137.9036848652368,3,0,3,72.25588949544708,25,90.81851877670896,45,62.99419101758372,37.00580898241628,Individual House
Rocky,Industrial,30.331130415924065,1,1,15612.167994242247,658.8442157537826,365.698105068793,3,0,1,13.731179497394843,55,49.44811597345989,10,27.91794181745317,72.08205818254683,Factory
Clayey,Agricultural,31.858420215238404,0,0,7656.032991574242,219.80482618361003,2053.9849927217356,1,2,0,80.8471053751738,30,46.90263297460267,85,65.7721451249615,34.2278548750385,Individual House
Rocky,Residential,6.241333311539346,0,0,8065.136751375218,1352.495122015137,2566.8899164199065,1,0,1,52.439666672115166,55,89.5977778141011,85,70.25332778876557,29.746672211234426,Individual House
Red Soil,Residential,42.78100792258664,1,1,14757.452014017661,1208.548778002923,325.5234625245662,1,2,2,15.815217269844666,20,28.698320129022264,10,18.2099060767012,81.7900939232988,Apartment
Red Soil,Commercial,21.170186372722423,1,1,10499.687100491867,107.41786813427734,2549.310642223337,3,0,3,78.26238131876276,20,64.71635604546263,10,49.07092247293262,50.92907752706738,Shopping Complex
Clayey,Commercial,35.79412058447721,1,1,11840.843473477371,373.37057320089906,4796.189523417005,3,0,1,70.64923546182675,30,40.343132359204645,10,41.81301550144052,58.18698449855948,Hospital/Clinic
Loamy,Industrial,21.550549024098032,1,0,14545.210016931915,1228.6078269172633,4894.571615807661,3,1,0,56.612362743975496,15,64.08241829316995,45,49.334931533683914,50.665068466316086,Factory
Loamy,Residential,14.192387317811896,0,1,15773.925513741955,1204.5691898398102,2658.398892949056,4,2,2,58.45190317054703,15,76.34602113698017,45,53.0446713939365,46.9553286060635,Individual House
Red Soil,Residential,27.394555622938142,1,0,6158.8149769283555,1418.1758251766832,2575.484663014795,4,0,1,53.15136109426547,20,54.342407295103094,45,46.43857820676869,53.56142179323131,Individual House
Red Soil,Commercial,17.775035063477542,1,1,3789.081429302296,1496.3216424260404,1427.5408320819572,3,0,1,44.10705787576976,20,70.37494156087077,10,38.53120564673711,61.46879435326289,Shopping Complex
Black Cotton,Agricultural,34.414053730554244,0,1,6544.0982877507795,1464.4050948616828,4985.5773585605075,1,0,1,69.39648656736144,40,42.64324378240959,45,52.1995812441789,47.8004187558211,Individual House
Loamy,Industrial,15.935569165756398,1,0,10643.228176749435,615.2069785821622,1371.1458551261303,1,2,2,45.439024811083506,15,73.44071805707267,45,47.7638381981474,52.2361618018526,Factory
Clayey,Industrial,32.96232871545449,0,0,7500.685028643743,375.4926657030483,2264.5065021997816,4,2,1,71.22985787895348,30,45.06278547424252,85,61.94614662619435,38.05385337380565,Factory
Loamy,Commercial,13.655818317787716,1,0,11798.892418104282,1137.6152856405938,14.670289013382632,4,2,0,18.879451200820725,15,77.24030280368714,45,39.41788362120904,60.58211637879096,Shopping Complex
Black Cotton,Residential,41.903609021718175,0,0,2015.8487583869405,448.90933911604617,1746.1614545456844,3,1,0,65.51276648852136,40,30.1606516304697,85,57.7196311785999,42.2803688214001,Individual House
Rocky,Commercial,46.46657264427832,1,0,10685.257820661576,1209.6005401969946,357.2015030441195,3,1,0,9.527386899812809,55,22.555712259536136,45,28.473513479818518,71.52648652018148,Hotel/Resort
Red Soil,Commercial,11.071682883746359,1,0,7991.71323181645,800.9320955968866,3719.1238519256613,1,0,0,57.23207927906341,20,81.54719519375607,45,54.66802654611121,45.33197345388879,Shopping Complex
Red Soil,Commercial,30.729132662053654,1,1,11158.668342964766,1190.8909128524308,2805.0722651496612,2,2,2,52.31771683448659,20,48.784778896577244,10,36.007395616214616,63.992604383785384,Shopping Complex
Black Cotton,Commercial,8.897943536018047,1,0,9028.13374281456,413.8198195755157,2860.8593864382824,1,2,0,80.94632494146455,40,85.17009410663658,45,66.87373725617174,33.12626274382826,Shopping Complex
Clayey,Agricultural,37.90003450481013,1,0,6400.291162113307,762.0409733307313,1432.556429498515,1,1,0,51.17611996376777,30,36.83327582531645,45,42.869960943647826,57.130039056352174,Individual House
Red Soil,Agricultural,19.542236386130497,0,1,18178.05020369508,846.0356904032731,4074.481451264868,3,0,3,55.114440903467376,20,67.42960602311584,45,50.39745582199254,49.60254417800746,Individual House
Sandy,Residential,34.01934512612893,1,0,4510.534780005781,1414.6621015801982,16.354626656250872,2,2,0,7.822256251592784,25,43.30109145645178,45,28.56306255217042,71.43693744782958,Individual House
Red Soil,Commercial,33.46035551613602,0,0,13945.945936030634,399.89636524562593,1668.0058958209604,2,2,2,51.001247122647655,20,44.23274080643996,85,53.15862169453667,46.84137830546333,Shopping Complex
Sandy,Agricultural,55.839489040659025,0,1,18568.24953906587,1405.0323589273419,3297.4874522943387,3,0,3,42.04012773983524,25,6.934184932234956,45,31.44759094200107,68.55240905799893,Individual House
Black Cotton,Residential,35.199577241279755,0,1,11234.729234023229,1207.2883731985737,4539.612687084605,0,1,3,69.20010568968006,40,41.334037931200406,45,51.80354647418812,48.19645352581188,School
Black Cotton,Commercial,37.06491638450736,0,1,17651.76128301016,1096.341081130043,1173.0797846261653,3,1,2,52.19536659639646,40,38.22513935915439,45,45.07466314852736,54.92533685147264,Shopping Complex
Red Soil,Industrial,27.090921917040916,1,0,3372.178090232403,1180.3054037776876,2705.50025863709,4,2,3,53.22726952073977,20,54.84846347159847,45,46.591660200158536,53.408339799841464,Factory
Loamy,Agricultural,57.199378175054925,1,1,10381.986634871753,908.1375688200854,2689.9571026666054,2,0,1,47.70015545623627,15,4.667703041575123,10,22.611980170076475,77.38801982992352,Individual House
Sandy,Residential,47.74522501917853,1,0,9683.480329137848,366.12001569372876,4370.871845218499,3,0,0,52.09649280358164,25,20.424624968035786,45,38.33992872326252,61.66007127673748,Individual House
Clayey,Industrial,20.697290966656286,1,1,1154.2573337029023,284.2424532597791,252.58444779921174,1,0,1,44.82281901873341,30,65.50451505557285,10,39.06411542044991,60.93588457955009,Factory
Red Soil,Commercial,51.43152721769276,0,0,9421.889485827354,1299.5121537755856,2122.3778053535366,1,2,2,47.14211819557681,20,14.280787970512065,85,44.3199383610799,55.6800616389201,Shopping Complex
Clayey,Commercial,28.781799810179947,0,1,8011.565371269358,1087.70910389375,912.3283739596577,1,1,1,43.05111752664817,30,52.03033364970009,45,43.82547454675188,56.17452545324812,Shopping Complex
Red Soil,Commercial,50.576692894347666,0,1,13726.175827717692,319.8064241414236,107.66300149299025,3,1,2,20.320701357787478,20,15.705511842753893,45,25.28862343591409,74.71137656408591,Shopping Complex
Loamy,Agricultural,50.25884375614261,1,1,18828.26579295385,922.6400488116024,735.1547026024141,0,1,1,24.13838311301263,15,16.235260406428992,10,17.25724919116167,82.74275080883834,Individual House
Loamy,Residential,15.387860271956992,1,0,2630.030676978694,671.3197221213358,4882.353364240996,4,1,0,58.153034932010755,15,74.35356621340502,45,52.44195377955502,47.55804622044498,Individual House
Loamy,Industrial,43.56276222609673,1,0,7222.051347577839,237.98275494464087,1074.2425476013395,1,1,2,48.315195098824155,15,27.395396289838786,45,37.25916735704815,62.74083264295185,Factory
Rocky,Residential,20.98536331185921,1,1,9437.230010490786,797.7856640357465,4675.153866679,3,2,2,48.7536591720352,55,65.02439448023465,10,44.06987933027098,55.93012066972902,Apartment
Loamy,Agricultural,21.362096849596753,0,1,9648.522182653283,422.2786386996259,1026.2717131547083,0,2,2,41.848191728717424,15,64.39650525067208,45,44.24599341771912,55.75400658228088,Individual House
Black Cotton,Residential,21.299144228431942,1,1,15721.38469600282,144.36618623635732,4656.4761369224225,2,1,3,94.01324276871058,40,64.50142628594676,10,57.52999154053539,42.47000845946461,Individual House
Black Cotton,Agricultural,44.90625361579715,1,1,9424.517650835376,700.4374478181162,3273.104676001572,2,1,0,66.77343659605071,40,25.156243973671423,10,38.159763802035606,61.840236197964394,Individual House
Rocky,Commercial,17.640432298589484,0,0,1516.064727619414,885.1628281403428,566.0928875096338,4,2,3,20.911749675545305,55,70.59927950235087,85,54.468932262028574,45.531067737971426,Shopping Complex
Sandy,Industrial,5.049820938534962,0,1,14491.977797263795,70.35961557172577,2909.575775632889,3,1,3,80.51596783106271,25,91.5836317691084,45,66.07649668314905,33.923503316850955,Factory
Clayey,Commercial,44.33802694154482,1,1,17811.764207767763,603.1391241164953,1592.570187701393,3,1,0,52.76689701864165,30,26.103288430758624,10,31.99423606421423,68.00576393578577,Shopping Complex
Red Soil,Residential,14.41516091093189,1,0,10764.189538443785,386.49287975502796,1915.765779890351,1,1,2,61.52195258477237,20,75.97473181511351,45,54.77636635844871,45.22363364155129,Individual House
Red Soil,Commercial,10.746531741930905,0,0,12041.061912271602,45.97588606084862,2200.8547891748653,0,0,3,84.55481390086635,20,82.0891137634485,85,74.36646330616534,25.633536693834657,Shopping Complex
Rocky,Industrial,18.063386632673307,1,1,4095.7923404118756,188.4938244172587,2113.5351126516725,4,1,3,68.17452387679616,55,69.89435561221116,10,52.084672259931445,47.915327740068555,Factory
Black Cotton,Commercial,25.89452872774872,0,1,5192.272948900184,208.55123822756633,3320.5444524151444,0,0,2,89.01329352440885,40,56.8424521204188,45,62.6152657636478,37.3847342363522,Shopping Complex
Red Soil,Industrial,31.17484801102604,0,0,5468.234543367624,274.31137217695675,3841.8403429538157,4,1,0,65.74760566662609,20,48.04191998162327,85,59.272141978724946,40.727858021275054,Factory
Black Cotton,Industrial,7.451352239194695,1,0,9184.09752274461,1205.0663571568818,1645.8884460056067,3,1,0,69.05493086031346,40,87.58107960134217,45,63.31449570144525,36.68550429855475,Factory
Sandy,Commercial,58.38153329450483,0,1,18634.7591970172,659.2377997172088,4621.819808428449,3,2,0,41.40461667637379,25,2.697444509158615,45,30.16597696402048,69.83402303597953,Shopping Complex
Clayey,Agricultural,44.3834679380757,1,0,10913.910567582834,220.62898840558032,4692.331570094382,4,2,3,77.66639371114626,30,26.0275534365405,45,49.440126158036314,50.559873841963686,Individual House
Sandy,Residential,22.775673592838487,1,0,4649.855258825701,150.44545039183387,203.45218575571698,0,2,0,35.34839829339468,25,62.04054401193586,45,42.882075405672104,57.117924594327896,Individual House
Rocky,Agricultural,22.528349150696855,1,1,6055.666981510043,446.91068809355863,74.54394441509248,2,0,0,13.044150315014118,55,62.45275141550524,10,30.928640464131252,69.07135953586875,Individual House
Loamy,Agricultural,29.669840215265268,1,1,8296.285564816502,1197.0232780566785,2125.331650755305,2,0,3,54.58253994618369,15,50.55026630789122,10,36.49145555813709,63.50854444186291,Individual House
Loamy,Commercial,39.44346525196681,0,0,12841.92053816319,546.6897719094652,2953.2262549382926,1,1,0,52.1391336870083,15,34.26089124672198,85,50.313919602133396,49.686080397866604,Shopping Complex
Loamy,Residential,13.050518662393227,1,1,9360.629907076102,239.84604044090713,1389.523737260308,1,0,1,62.13708265315343,15,78.24913556267795,10,46.060262819273184,53.939737180726816,Individual House
Sandy,Residential,15.391139757072377,1,1,8456.452039361575,606.1742723192399,1297.0687554288718,0,2,0,38.093590169309344,25,74.34810040487937,10,38.169781660478115,61.830218339521885,Apartment
Red Soil,Agricultural,52.2689020558453,0,1,11729.8434075809,832.9673359305863,3391.6691485459532,3,0,0,46.932774486038674,20,12.885163240257825,45,33.897761880177995,66.102238119822,Individual House
Clayey,Commercial,19.094020813898993,1,1,5594.864904134844,44.376275457020775,3008.521423277849,0,1,2,94.563918269104,30,68.17663197683501,10,57.14152938839515,42.85847061160485,Shopping Complex
Loamy,Residential,25.910724888634764,1,1,2499.1621791070615,941.4627021602597,835.7343749655482,4,0,3,32.237006277152275,15,56.81545851894206,10,30.23681682673881,69.76318317326118,Individual House
Rocky,Agricultural,52.919951802256435,1,0,1463.8719816222201,592.651129522184,4422.504816325794,2,2,2,40.77001204943589,55,11.800080329572609,45,36.71952429969571,63.28047570030429,Individual House
Rocky,Residential,41.47313061699024,1,0,5773.924105875414,14.588812696791575,3399.8803508053493,1,1,1,72.75638858394494,55,30.8781156383496,45,52.68426491396813,47.31573508603187,Individual House
Loamy,Commercial,23.79415336379286,0,1,2740.248648744905,1010.8340984195713,1812.8812458450416,0,0,0,52.30908657595262,15,60.3430777270119,45,46.89394973333639,53.10605026666361,Shopping Complex
Loamy,Commercial,42.60347501485414,0,1,7390.4721318945685,1068.5814533439723,3418.12344995575,0,1,2,51.34913124628646,15,28.994208308576432,45,38.72074801334437,61.27925198665563,Shopping Complex
Clayey,Commercial,6.082576845977754,1,1,15685.737266835356,943.2596828380242,563.2654338390797,4,1,2,41.74466446528716,30,89.8623719233704,10,44.076225543693106,55.923774456306894,Shopping Complex
Loamy,Residential,45.46034630062509,0,0,14609.592279249928,512.8953263976333,2341.2806228702802,3,0,1,50.63491342484373,15,24.23275616562485,85,47.28040874010152,52.71959125989848,Individual House
Clayey,Industrial,31.78588222839317,0,0,12607.624832972548,794.4072810989417,844.9220477977965,3,1,0,40.95197039885764,30,47.023529619344714,85,51.83907204443635,48.16092795556365,Factory
Rocky,Residential,49.72501810064537,0,0,17197.504633710094,580.736559200153,207.15623064218315,2,0,2,5.711870087682319,55,17.12496983225772,85,35.78039698875324,64.21960301124676,Individual House
Loamy,Industrial,57.50507086035576,0,0,6359.284866341257,1050.9325952395416,1691.6313514414987,1,2,0,41.45635931374103,15,4.158215232740403,85,39.04927956799446,60.95072043200554,Factory
Sandy,Commercial,55.91837022220126,1,1,17816.021307569346,875.370279350533,753.6774174039163,3,2,1,17.09395579252801,25,6.802716296331241,10,13.933563601467615,86.06643639853239,Shopping Complex
Sandy,Agricultural,55.009577390043745,0,1,8585.544223714405,122.69867074117464,3167.5897847691235,3,0,1,64.88568540801859,25,8.317371016593754,45,39.789332646954946,60.210667353045054,Individual House
Rocky,Industrial,33.16934757636379,1,0,8616.973047065905,964.6403373284961,3370.3394700885515,3,0,0,45.70766310590905,55,44.71775403939369,45,46.67712059691659,53.32287940308341,Factory
Clayey,Commercial,24.807816277641592,1,0,8701.680658884909,1030.8576215067023,743.4615311330167,0,1,1,40.667276553249934,30,58.65363953726401,45,44.64695667795348,55.35304332204652,Shopping Complex
Sandy,Commercial,30.576942860187003,0,1,2863.7929585786474,556.0532709220491,123.06502801713137,3,0,3,10.817064845295876,25,49.038428566354995,45,31.045579837442304,68.9544201625577,Shopping Complex
Clayey,Industrial,42.94428018223484,1,1,19534.319468290058,1313.6786714395566,3964.052808175802,4,1,2,61.26392995444129,30,28.426199696275262,10,35.54892540812327,64.45107459187673,Factory
Sandy,Agricultural,53.619877727915274,0,1,3631.6287786780244,1264.521532267444,10.285103642811432,2,2,3,2.80073264087741,25,10.633537120141213,45,18.638640704342397,81.3613592956576,Individual House
Sandy,Commercial,16.384246665006575,1,1,7476.828764914506,262.7497858496068,1719.5654459189436,3,0,3,60.530260101150816,25,72.69292222498905,10,45.60882159165004,54.39117840834996,Shopping Complex
Clayey,Industrial,55.500623715393665,1,1,7066.706086208385,1356.3994627288027,2472.916490228349,1,2,1,58.124844071151585,30,7.498960474343903,10,29.21843554348903,70.78156445651098,Factory
Red Soil,Agricultural,49.8349127583439,0,0,2418.909223517483,661.3085572426163,4093.2109426921643,0,0,1,47.541271810414024,20,16.941812069426845,85,45.12489815100162,54.87510184899838,Individual House
Sandy,Agricultural,58.837080834802904,1,1,3892.942472125657,1085.62447895144,4192.793213730703,4,2,0,41.29072979129927,25,1.9381986086618213,10,21.1863050791202,78.8136949208798,Individual House
Loamy,Commercial,53.413847530492795,0,0,1852.3083875223306,1221.1455104508539,3624.6972030522775,2,0,3,48.6465381173768,15,10.97692078251201,85,43.270518536709886,56.729481463290114,Shopping Complex
Rocky,Residential,20.396553133054866,1,0,6555.6853776497555,757.6686316045349,1235.9881126994892,0,0,2,33.62062397072607,55,66.00574477824189,45,47.768654584314596,52.231345415685404,School
Red Soil,Residential,10.827575123922623,1,1,17466.481556549224,598.6529090562236,3600.934671595854,4,1,0,57.29310621901934,20,81.95404146012896,10,46.04109754168901,53.95890245831099,Individual House
Clayey,Commercial,11.173258959537375,0,0,7449.401909010305,1373.1770529226476,1232.6959893847084,0,1,0,53.86060504780982,30,81.37790173410437,85,64.94568720025953,35.05431279974047,Shopping Complex
Red Soil,Agricultural,21.017282521805186,0,0,3350.144809280205,346.28032940313483,1073.0409586585083,2,0,0,45.42967877853078,20,64.97119579699137,85,56.39318652173361,43.60681347826639,Individual House
Black Cotton,Commercial,38.780104819149656,0,1,13268.18349929444,385.45511657871674,2735.639771152662,2,1,1,75.17766680048959,40,35.366491968083906,45,52.403806372192335,47.596193627807665,Shopping Complex
Black Cotton,Industrial,49.23761793534449,1,0,19935.4173290433,542.4304710201557,3394.272219170313,3,0,1,65.69059551616388,40,17.937303441092524,45,44.726034290930485,55.273965709069515,Factory
Sandy,Residential,54.45876688398606,0,1,5414.152001106624,1289.1986669558482,265.25882955840297,1,0,0,7.690484870171545,25,9.235388526689903,45,20.000516836232517,79.99948316376748,Individual House
Sandy,Industrial,39.3064361403078,0,1,6311.849102040819,1408.1823963196139,300.1130056230422,3,2,1,12.175651077383893,25,34.489273099486994,45,27.883796151956112,72.11620384804388,Factory
Loamy,Commercial,5.3097222011429555,0,0,19465.094031334982,330.1015721322928,3920.853434083949,0,1,1,70.86647512177669,15,91.15046299809508,85,71.09088204214561,28.90911795785439,Shopping Complex
Rocky,Commercial,15.247422708519343,0,1,4396.749463459255,1295.805221446868,4297.486254827399,3,1,0,50.188144322870166,55,74.58762881913442,45,55.712757717788165,44.287242282211835,Shopping Complex
Red Soil,Agricultural,10.484941211935237,1,1,10713.067281724114,387.3044392028539,3022.20458170947,2,2,2,64.14049834484496,20,82.52509798010794,10,48.58044891572272,51.41955108427728,Individual House
Black Cotton,Agricultural,24.98284615629555,1,0,5553.390527305803,1455.961870124832,2144.1400485344298,2,0,2,71.75428846092612,40,58.361923072840746,45,56.95448172953433,43.04551827046567,Individual House
Sandy,Agricultural,32.574304649856025,1,1,18714.686060123633,896.1118379723735,4226.58239799593,2,1,1,47.85642383753599,25,45.70949225023996,10,34.42712140569759,65.57287859430241,Individual House
Rocky,Industrial,7.386844821820846,1,0,19648.899276949585,10.629701171073592,3644.0851638766508,3,0,2,81.51550672428037,55,87.68859196363192,45,69.95257534440611,30.047424655593886,Factory
Red Soil,Agricultural,24.16628866876104,1,0,16479.259076280294,51.19485610676683,2897.970992156343,4,1,2,80.88673646640373,20,59.722852218731596,45,57.491070817924204,42.508929182075796,Individual House
Sandy,Commercial,14.854882104392741,1,1,6980.8925004434,221.2267962070627,1598.7856097438168,3,1,1,60.98838389635439,25,75.24186315934543,10,46.4064001535604,53.5935998464396,Shopping Complex
Sandy,Agricultural,40.588859144238064,0,0,8666.262030329595,281.3597367281351,989.9753082840812,3,0,2,38.770707175934,25,32.35190142626989,85,46.657722868144376,53.342277131855624,Individual House
Black Cotton,Residential,30.5349803128387,1,1,5603.807989662006,1151.428684239895,2093.3651963575785,3,0,1,70.36625492179033,40,49.10836614526883,10,45.40528075894382,54.59471924105618,Individual House
Black Cotton,Agricultural,32.242470581364984,0,0,17924.401373170836,334.14881462542485,1434.1128798010577,3,1,3,68.57271107315441,40,46.26254903105836,85,62.816086133368636,37.183913866631364,Individual House
Sandy,Industrial,28.523048341840358,0,1,18376.607276075003,1453.7124300747898,1696.2929386723047,2,2,0,42.795096687986,25,52.46158609693274,45,43.093680365028284,56.906319634971716,Factory
Clayey,Residential,57.58108407676119,0,1,8958.542582674898,954.1680858044074,2578.1552765601623,1,2,2,57.6047289808097,30,4.031526538731356,45,36.91953677796623,63.08046322203377,Individual House
Sandy,Residential,16.81043188168598,0,0,13474.128328157036,1038.7762638802767,845.469784758049,3,2,0,28.706787724739485,25,71.98261353052337,85,53.043029086289664,46.956970913710336,Individual House
Rocky,Residential,33.416534291413086,1,0,4145.510415719184,326.72477892781126,4030.8834003691272,3,2,0,56.042379691478054,55,44.305776180978185,45,50.19127693726186,49.80872306273814,Individual House
Sandy,Industrial,45.480955260093474,1,1,9263.782106904771,1339.059471142627,727.6473085738372,1,2,1,19.182707356453378,25,24.198407899844213,10,19.013549549719734,80.98645045028027,Factory
Loamy,Commercial,35.62644272240094,1,1,12998.483026796455,1001.7218592298971,2404.968197104762,3,0,2,53.09338931939976,15,40.6225954626651,10,33.488335127456196,66.5116648725438,Hospital/Clinic
Loamy,Agricultural,56.09614871442406,0,0,8322.659251842371,1296.6084365127958,3729.8566904021827,1,1,2,47.975962821393985,15,6.506418809293237,85,41.9181916898112,58.0818083101888,Individual House
Loamy,Residential,25.788259560270628,1,1,7794.390988042738,1434.7216458468404,2425.1035384479815,2,2,3,55.55293510993234,15,57.019567399548954,10,38.448419138363555,61.551580861636445,Individual House
Clayey,Residential,30.502169317524793,1,1,1018.9808530719107,188.46146566439464,1805.1103179431939,4,1,2,79.16897608961901,30,49.16305113745868,10,46.99990441573132,53.00009558426868,Individual House
Clayey,Residential,9.868727336810064,1,0,16281.575811765168,144.8808454034185,2374.4565291137546,3,0,2,90.83996744159238,30,83.55212110531656,45,68.43201888088647,31.567981119113526,Individual House
Sandy,Commercial,38.49495110785607,1,0,17897.414628407518,1205.1117398844535,4243.353494370703,4,1,1,46.37626222303598,25,35.84174815357322,45,40.1921288164559,59.8078711835441,Shopping Complex
Loamy,Commercial,20.851658264645835,1,1,19419.80706137081,1299.1890886412555,4952.158491419788,3,0,0,56.78708543383854,15,65.24723622559029,10,40.937288958241055,59.062711041758945,Shopping Complex
Clayey,Industrial,13.816997173356286,1,0,14666.156316315095,875.6421313169785,3155.7164464471775,0,1,3,68.54575070666093,30,76.97167137773953,45,58.9839305917662,41.0160694082338,Factory
Black Cotton,Commercial,34.949221109747945,0,0,11427.053935027807,549.0008216257809,3967.2202132435036,0,1,2,69.26269472256301,40,41.75129815042009,85,61.929767690502075,38.070232309497925,Shopping Complex
Sandy,Agricultural,34.27706448589508,0,1,6116.405876365478,978.9444541128356,72.44343079644334,2,0,2,8.879602494455096,25,42.87155919017487,45,28.825750670603,71.174249329397,Individual House
Rocky,Industrial,9.172940267322616,1,0,19986.69004330647,458.49610888868597,4401.8220476228635,4,1,3,54.19699839984819,55,84.71176622112897,45,59.64689099522911,40.35310900477089,Factory
Red Soil,Industrial,43.401849942196,0,0,12205.304236110005,357.57853823020224,4770.248799639591,4,0,1,57.69482522063886,20,27.663583429673338,85,51.359084684641935,48.640915315358065,Factory
Sandy,Agricultural,39.307470485796905,0,1,13941.927374278479,732.2178142908982,2875.8467087878525,1,1,2,46.173132378550775,25,34.4875491903385,45,39.782483630077394,60.217516369922606,Individual House
Red Soil,Agricultural,15.395950551057346,1,0,13965.717077151035,324.23074140956953,3769.024310301099,1,1,2,66.69716787766149,20,74.34008241490443,45,56.17902936090763,43.82097063909237,Individual House
Loamy,Agricultural,30.81891741847241,0,1,17059.784119386448,725.5554124727594,2563.7237148003746,3,2,3,54.2952706453819,15,48.635137635879325,45,44.662129134853494,55.337870865146506,Individual House
Red Soil,Industrial,44.6177604063208,1,0,1183.778238091465,1434.9097581953579,1431.0187022779485,1,1,0,37.465933943978776,20,25.63706598946534,45,33.77234337775891,66.22765662224108,Factory
Loamy,Industrial,34.11896572977021,0,0,5184.691868196065,1259.6760534260857,4261.239859915064,1,2,2,53.47025856755745,15,43.13505711704965,85,52.998354777907515,47.001645222092485,Factory
Black Cotton,Industrial,26.75189919009636,1,1,13645.146003230266,1412.4463792500335,2984.183559979709,4,2,2,71.31202520247591,40,55.4135013498394,10,47.312584158326416,52.687415841673584,Factory
Red Soil,Agricultural,22.7286151944519,0,0,18007.768999666787,1209.4934622710377,2896.915418957035,0,0,0,54.31784620138703,20,62.1189746759135,85,58.79098983946383,41.20901016053617,Individual House
Sandy,Agricultural,38.57166266542295,0,0,14021.436856505768,532.1264039194151,3295.661019206032,4,0,2,46.357084333644266,25,35.71389555762842,85,50.15345340618259,49.84654659381741,Individual House
Loamy,Residential,56.650978407063235,0,0,8856.334538379922,1218.0678578273387,4280.015829144242,1,1,0,47.83725539823419,15,5.581702654894599,85,41.63846505310562,58.36153494689438,Individual House
Sandy,Commercial,41.94596622626159,0,0,7869.55442153497,1384.373615329821,3659.5306288548218,3,0,1,45.5135084434346,25,30.090056289564018,85,48.452242027593115,51.547757972406885,Hospital/Clinic
Clayey,Residential,9.111024699997353,1,0,15021.012157383087,1420.5536817555817,1055.6209710787261,0,2,0,50.83466324657518,30,84.81495883333774,45,54.745871844635744,45.254128155364256,Individual House
Loamy,Agricultural,30.337673541517358,0,0,15083.516245606676,1024.7967760274955,2334.1177220365976,1,1,0,54.41558161462066,15,49.43721076413774,85,54.904756256151664,45.095243743848336,Individual House
Red Soil,Industrial,53.99532723308452,1,1,12534.101857608117,317.04996572266975,4901.491659931031,1,0,2,57.47817024836869,20,10.007787944859132,10,28.119306573143824,71.88069342685617,Factory
Loamy,Agricultural,10.195433419059778,1,0,6537.873457849404,59.593730047036274,2772.803568813873,3,0,2,85.87551784241288,15,83.0076109682337,45,64.30833398690294,35.69166601309706,Individual House
Sandy,Commercial,59.38816416756488,0,0,18577.941549420328,220.80034224023365,4691.226767353993,3,0,3,57.90493842369476,25,1.0197263873918558,85,45.52166004514113,54.47833995485887,Hospital/Clinic
Black Cotton,Residential,57.19881665049817,0,1,11485.718900254144,1448.3203768409182,4066.8474315652797,1,2,2,63.70029583737546,40,4.668638915836382,45,40.7122632720405,59.2877367279595,Individual House
Loamy,Residential,9.305096440143172,1,1,16019.354768718282,693.1452362891541,3330.117209043794,1,0,2,59.6737258899642,15,84.49150593309471,10,46.75868054476115,53.24131945523885,Individual House
Red Soil,Industrial,56.33773262472552,0,1,5071.856981074801,1282.4790222480863,1746.8260132987762,4,1,0,40.85208710979414,20,6.103778958790812,45,30.074175228125654,69.92582477187435,Factory
Clayey,Residential,24.97229246427042,1,0,7536.774983679829,697.5662303374367,1521.596737627195,2,1,1,56.18886163647629,30,58.379512559549305,45,50.01097971265403,49.98902028734597,Individual House
Rocky,Residential,51.45900418917244,0,1,17617.010811359505,991.2263751897591,3217.1053264879397,3,1,2,41.13524895270689,55,14.234993018045941,45,37.45608538795889,62.54391461204111,Individual House
Black Cotton,Agricultural,28.011083574229932,1,1,1952.0335688593996,36.21116568350047,2162.806204232054,3,2,0,98.82455916543249,40,53.31486070961678,10,56.41731088530557,43.58268911469443,Individual House
Clayey,Residential,29.24703119863837,0,0,10733.99091387658,374.79741407905016,3993.7681140836357,4,0,3,72.2003973555974,30,51.25494800226938,85,63.83387607502643,36.16612392497357,Individual House
Loamy,Residential,39.883370003764846,0,1,10152.40411703617,654.4039200638839,3802.2836977009792,0,1,3,52.02915749905879,15,33.52771666039193,45,40.09213428976856,59.90786571023144,School
Sandy,Residential,47.59625806017908,1,0,15273.37358925356,945.9465707312447,1560.6524336925715,0,0,1,35.31398415880666,25,20.672903233034873,45,32.528120263841046,67.47187973615895,School
Sandy,Industrial,6.858403302153675,1,0,6355.981641387316,257.28178207976777,3513.64391530881,0,0,1,68.84849224967552,25,88.56932782974387,45,61.23930424482239,38.76069575517761,Factory
Red Soil,Industrial,37.62357975399239,1,0,5162.26961533239,1146.827196405735,2472.7509504859204,3,1,1,50.59410506150191,20,37.29403374334602,45,41.28144520736217,58.71855479263783,Factory
Sandy,Agricultural,15.270314675355404,0,0,18596.52393669144,546.607059204356,1616.4605040699853,2,2,0,44.51163141256086,25,74.54947554107433,85,59.21643987966488,40.78356012033512,Individual House
Black Cotton,Residential,24.027223482476163,0,0,11862.48338721083,1226.1529038508268,2064.8329638232,2,1,2,71.99319412938095,40,59.95462752920639,85,67.43627482758492,32.563725172415076,Individual House
Sandy,Industrial,24.138276638536908,0,1,2989.1017973894354,146.95363559260093,4476.759336061309,4,1,0,71.14821270480971,25,59.76953893577182,45,54.84425918062635,45.15574081937365,Factory
Red Soil,Industrial,30.79831871216345,0,0,4667.687082072101,1019.6348815235579,1797.5884606127024,0,2,3,48.25218953421319,20,48.66946881306091,85,53.30563354023984,46.69436645976016,Factory
Rocky,Agricultural,23.377502653189534,1,1,19977.695130770717,439.99249980976526,1436.99636659729,0,0,3,40.4960016800625,55,61.03749557801744,10,40.182974482526234,59.817025517473766,Individual House
Loamy,Commercial,10.904861514786727,1,0,4716.570928791656,1193.074761183927,1759.0361035506892,1,0,2,54.4545066923171,15,81.82523080868879,45,53.01538504448318,46.98461495551682,Shopping Complex
Loamy,Residential,13.009580618899829,0,1,12599.034715719896,603.2556405636159,1073.0921810434586,4,2,1,40.20944846614422,15,78.31736563516695,45,47.15264837194221,52.84735162805779,Individual House
Sandy,Industrial,6.839089205860372,0,0,8982.433500916744,998.0244483953497,2723.1749369816434,4,1,3,54.290227698534906,25,88.60151799023271,85,66.1519591920454,33.848040807954604,Factory
Clayey,Agricultural,30.863699693081486,0,0,17826.382802146873,1401.45790295471,737.1821816126611,3,2,1,39.02771870898285,30,48.560500511530854,85,51.54982667602671,48.45017332397329,Individual House
Loamy,Agricultural,57.49462321691437,1,0,15348.203253611227,30.939948020646536,4087.218932184582,3,1,0,75.76994731453262,15,4.1756279718093765,45,41.06338855303876,58.93661144696124,Individual House
Rocky,Agricultural,11.36213730064641,1,1,12342.076528974501,16.675173501560447,1127.9012362281305,4,2,1,62.716979989307376,55,81.06310449892266,10,52.966719120988245,47.033280879011755,Individual House
Sandy,Industrial,57.044547115169514,0,1,1204.0406541616674,1155.4188782650701,2990.2751376982283,2,0,0,41.73886322120762,25,4.925754808050812,45,30.84004082943537,69.15995917056463,Factory
Red Soil,Residential,45.33488331026515,1,1,17716.108942375733,969.5895772621172,625.1274945994678,4,2,2,21.168829064423072,20,24.441861149558093,10,19.0195554599376,80.9804445400624,Apartment
Rocky,Commercial,40.062434161378974,0,0,9448.681945935608,439.469580756649,4892.265741071631,2,2,1,47.61621661425632,55,33.22927639770171,85,54.47299491441514,45.52700508558486,Shopping Complex
Sandy,Residential,40.49027654279596,0,0,18699.975407352955,741.5950541613936,2272.8772944682355,3,1,2,45.87743086430101,25,32.516205762006734,85,49.18615224300704,50.81384775699296,Individual House
Rocky,Agricultural,50.470020661795516,1,1,10415.241244229823,62.903498398303114,4110.856703794072,4,1,1,67.60828493065294,55,15.883298897007464,10,38.38372444998039,61.61627555001961,Individual House
Loamy,Agricultural,10.880592540890175,1,0,14190.265294471785,288.66840804186114,3843.2391782499185,2,1,3,71.95974738226579,15,81.86567909851638,45,59.15233135842212,40.84766864157788,Individual House
Red Soil,Commercial,32.761487796104795,1,1,2316.5603398662006,636.7445617907513,3568.465235728394,1,2,2,51.8096280509738,20,45.397520339825334,10,34.98274990279717,65.01725009720283,Shopping Complex
Sandy,Residential,43.340012604341716,1,0,15157.88141700893,1251.0666243322235,4136.8243560230485,1,2,1,45.16499684891457,25,27.76664565943048,45,37.74941031197772,62.25058968802228,Individual House
Black Cotton,Agricultural,37.275124479046,0,1,7421.924594926535,719.5007742901272,502.3180432985291,4,1,2,38.72757974620909,40,37.87479253492333,45,40.27335104490401,59.72664895509599,Individual House
Red Soil,Agricultural,50.802848906281206,1,1,7675.821272303836,879.543756788968,3392.4859873598107,0,0,1,47.2992877734297,20,15.328585156197988,10,25.88689700974989,74.11310299025011,Individual House
Black Cotton,Residential,8.974943995624333,1,0,3254.4610494784088,1310.6306879906706,1329.1361763689058,4,1,0,62.33898752847203,40,85.04176000729278,45,60.329085636788406,39.670914363211594,Individual House
Rocky,Agricultural,42.98855717245413,1,1,3790.2858241638432,463.22837038326793,3929.358320332949,3,2,2,45.45915848389039,55,28.352404712576458,10,33.74880664750575,66.25119335249425,Individual House
Clayey,Residential,34.371525171159476,1,0,4529.4220679179925,1051.048981653084,4784.343799239444,3,2,3,63.40711870721013,30,42.714124714734204,45,48.621022726207094,51.378977273792906,Individual House
Red Soil,Agricultural,25.853847518896888,0,0,7235.917202857025,1292.50088801738,4507.447649213479,1,1,2,53.53653812027578,20,56.91025413517185,85,57.21535187588948,42.78464812411052,Individual House
Rocky,Residential,23.7151240228717,0,0,17947.428342736504,303.9235510442651,574.7611123683305,2,1,0,31.33102817899278,55,60.474793295213836,85,55.584558186450934,44.415441813549066,Individual House
Black Cotton,Commercial,39.14579480258061,1,1,7996.944526371529,534.7172477217488,1847.762103364105,1,2,0,65.16879336663695,40,34.75700866236565,10,39.99832984391434,60.00167015608566,Shopping Complex
Loamy,Agricultural,54.004745605434564,1,1,14762.89142470115,1469.7152608340327,1821.6137859879989,2,2,3,44.931089318401334,15,9.992090657609054,10,22.973903925842727,77.02609607415727,Individual House
Loamy,Commercial,32.28967593556134,0,1,2572.2025739075566,1474.8278471943165,611.4813317976531,4,0,0,26.157207652062723,15,46.18387344073109,45,34.20099103840472,65.79900896159528,Shopping Complex
Clayey,Agricultural,50.35977402423061,0,0,12230.87718616786,334.84489544090684,490.63026673413725,0,1,3,39.13196810217068,30,16.06704329294898,85,43.46294965899698,56.53705034100302,Individual House
Red Soil,Agricultural,27.118601001418213,1,0,10155.933394138352,99.66875833894218,1924.4506748459085,3,1,1,75.72923774622708,20,54.802331664302976,45,54.455816127255225,45.544183872744775,Individual House
Red Soil,Industrial,10.63169545362471,0,1,19581.200992135586,406.3824169650793,4960.357752482557,4,0,0,62.959131118689065,20,82.28050757729216,45,56.855822785864206,43.144177214135794,Factory
Red Soil,Residential,8.382815505225121,0,0,17077.947627700298,596.5979359555309,2844.713255331376,1,2,1,57.90429612369372,20,86.0286408246248,85,66.02366384944901,33.97633615055099,Individual House
Rocky,Commercial,7.823390422802267,0,0,9641.765676334346,661.5084013967455,3108.9081430212814,4,2,1,52.04415239429943,55,86.96101596199622,85,69.45570732850385,30.54429267149615,Shopping Complex
Clayey,Commercial,25.90825780767185,0,1,15727.712516861437,928.2094609956355,2355.0945500934117,0,0,0,65.52293554808203,30,56.819570320546916,45,52.88792002196544,47.11207997803456,Shopping Complex
Red Soil,Commercial,23.548076295971313,1,1,4667.736084581773,1349.2541401973197,3311.652761520114,2,1,3,54.11298092600717,20,60.753206173381145,10,39.62784486744779,60.37215513255221,Shopping Complex
Rocky,Residential,44.48653629924132,0,0,11684.390220443784,495.5220178607437,4783.310403723848,0,2,3,43.14704485354505,55,25.8557728345978,85,51.065408907390214,48.934591092609786,School
Loamy,Industrial,45.85518258716762,0,0,2417.7620558054555,1274.9768032488128,2943.489768071959,1,0,3,50.53620435320809,15,23.574695688053964,85,47.08134544563632,52.91865455436368,Factory
Black Cotton,Commercial,7.796968285855691,1,1,7613.691612781979,140.21838138994036,325.1922986059663,0,0,0,64.14150101725899,40,87.00505285690718,10,52.70078857026744,47.29921142973256,Shopping Complex
Rocky,Residential,17.161779458895822,1,1,5291.381450821236,62.81204845982208,2464.452845840993,3,0,1,75.94083222768671,55,71.39703423517363,10,55.17854983848376,44.82145016151624,Individual House
Loamy,Agricultural,20.08440175873948,1,0,14659.286491179007,756.0677746851919,4963.756366259756,0,2,2,56.97889956031513,15,66.52599706876754,45,50.07411411330217,49.92588588669783,Individual House
Loamy,Commercial,35.118659127854514,0,0,10311.723133072868,89.49333499590733,1937.0136029713165,4,2,2,76.59100717770826,15,41.46890145357581,85,60.67407787559185,39.32592212440815,Shopping Complex
Black Cotton,Commercial,12.948337314882265,1,0,15270.3390981122,588.7347018513452,2969.406186072361,2,0,0,74.76291567127943,40,78.41943780852957,45,63.021879937080186,36.978120062919814,Shopping Complex
Loamy,Industrial,12.36676706700002,0,1,10790.613314997467,1345.1671753038515,533.183817144085,3,0,2,29.571984576131698,15,79.38872155499996,45,43.697374990396085,56.302625009603915,Factory
Clayey,Commercial,56.90838890643769,1,0,2643.2044008811317,362.22455431121006,705.9024936828346,3,2,1,40.15747938837466,30,5.152685155937178,45,31.093289074915425,68.90671092508458,Shopping Complex
Black Cotton,Commercial,49.23115990137796,0,0,14971.985344918008,1058.9636626873548,4373.4072657698125,3,2,2,65.69221002465551,40,17.94806683103674,85,54.72929021638861,45.27070978361139,Shopping Complex
Loamy,Agricultural,14.936019615014366,1,0,16831.356015768306,453.54808858510034,1501.7231412580572,1,2,3,51.08757260630153,15,75.10663397497606,45,50.15730890594955,49.84269109405045,Individual House
Sandy,Residential,27.361229434802002,1,0,18167.09329234306,67.3800828632034,1527.2563667729648,1,2,1,65.66201500496659,25,54.39795094199666,45,51.58119298723747,48.41880701276253,Individual House
Rocky,Residential,24.559209959166104,0,0,11867.846960827455,835.035872115464,1936.064980011641,4,2,0,46.58149711044129,55,59.06798340138983,85,60.57051983900191,39.42948016099809,Individual House
Loamy,Industrial,48.505224073597404,1,0,15318.121820990407,1252.2802358051276,4832.3933645226125,2,0,0,49.87369398160065,15,19.15795987733766,45,35.74528286289464,64.25471713710536,Factory
Clayey,Agricultural,33.06171040629671,1,1,15288.842400769914,614.2026725139291,421.9524801843821,0,2,3,32.17362200211346,30,44.897149322838814,10,29.485055031449413,70.5149449685506,Individual House
Red Soil,Residential,12.031735534640687,1,1,3959.2454361799423,925.9407396871305,4093.8205127566744,4,2,2,56.99206611633983,20,79.94710744226552,10,45.43400000128532,54.56599999871468,Individual House
Loamy,Agricultural,45.644563473593415,1,1,4120.193061731845,1350.0353964865888,1707.7893823299323,1,0,0,44.74464677820029,15,23.925727544010982,10,26.39205825837285,73.60794174162714,Individual House
Red Soil,Residential,26.82883880237054,1,0,2346.8246103733964,1184.5417691054815,4247.340129927375,4,0,0,53.292790299407365,20,55.285268662715765,45,46.72379377047152,53.27620622952848,Individual House
Sandy,Agricultural,19.46083361976809,0,1,7078.359067665728,290.814599089229,4958.778247522712,2,1,1,63.68591564970424,25,67.56527730038653,45,54.181389802493115,45.818610197506885,Individual House
Loamy,Industrial,25.652424211139607,0,0,9996.663167080225,1100.0759390475087,1743.3370510587392,4,2,1,50.45363496838988,15,57.24595964810065,85,55.47026215096162,44.52973784903838,Factory
Black Cotton,Commercial,32.3766109983793,1,0,19960.05920233012,752.839537740228,646.7818310617762,3,1,1,42.8414838716407,40,46.03898166936784,45,43.75426477241621,56.24573522758379,Shopping Complex
Red Soil,Industrial,23.87135340293552,1,0,9188.873499295221,1118.950211829127,721.8774899146413,0,1,1,28.46971144755895,20,60.21441099510747,45,39.2680017554225,60.7319982445775,Factory
Sandy,Residential,18.304817492546682,0,0,14798.609181640048,741.7733257833273,3793.70445474593,1,0,0,51.42379562686333,25,69.49197084575553,85,60.37132118084105,39.62867881915895,Individual House
Black Cotton,Industrial,26.917611584218918,0,0,14174.543499178159,191.93724616245427,724.6077616906827,1,0,1,64.24651756801167,40,55.1373140263018,85,63.52060965537953,36.47939034462047,Factory
Black Cotton,Commercial,6.054510091244403,1,1,4885.157054761012,854.8641700338587,1302.107842673183,2,1,3,62.52852933065257,40,89.90914984792599,10,52.86227272770989,47.13772727229011,Shopping Complex
Black Cotton,Industrial,47.48738153529727,0,1,2111.635877539292,738.2009885960099,1021.9917183103988,2,1,3,46.56798898238366,40,20.85436410783788,45,38.76238717079375,61.23761282920625,Factory
Black Cotton,Residential,14.401969146217219,1,1,11374.128279138162,776.8826004621627,1778.3928201549127,2,1,1,69.96736411654395,40,75.99671808963797,10,51.98775696319987,48.01224303680013,Individual House
Loamy,Residential,7.414753749685048,1,0,14305.806253975046,1318.3536804688054,371.8328757484374,1,1,1,27.582969077547485,15,87.64207708385825,45,45.06455844810618,54.93544155189382,Individual House
Rocky,Industrial,40.95342810977936,1,1,19966.784013538865,1342.255570059377,4283.7124120362905,3,2,2,43.76164297255516,55,31.744286483701075,10,34.002646661319574,65.99735333868043,Factory
Loamy,Commercial,47.56648708530197,1,0,7813.609993342244,680.3056601485775,4300.7315590049675,0,1,1,50.10837822867451,15,20.722521524496713,45,36.21856276116026,63.78143723883974,Shopping Complex
Loamy,Industrial,49.76060223760638,0,1,18030.926679540837,683.5980619201325,2064.664492413449,2,0,0,49.559849440598406,15,17.0656629373227,45,35.11236303854012,64.88763696145989,Factory
Sandy,Commercial,32.143005046333,0,1,8256.716661514543,772.780438308924,3060.4378451173766,1,1,3,47.96424873841675,25,46.42832492277833,45,43.394568289140445,56.605431710859555,Shopping Complex
Sandy,Agricultural,16.29525015794919,0,1,14098.822460179743,779.3839175013854,3209.7578545215233,3,1,3,51.9261874605127,25,72.84124973675135,45,51.38447804536728,48.61552195463272,Individual House
Rocky,Commercial,45.54752224874047,1,1,12366.805679823987,1425.580716268669,3746.290576729644,2,0,0,42.61311943781488,55,24.08746291876588,10,31.686457532926678,68.31354246707332,Hospital/Clinic
Sandy,Agricultural,43.484219243488546,0,1,2006.5970727493414,974.1007010662402,2603.4504377202556,2,1,1,45.12894518912786,25,27.52630126085242,45,37.676706131407855,62.323293868592145,Individual House
Clayey,Industrial,18.544890375674527,1,1,2489.380112434911,416.18549233191595,2551.68022720843,0,0,2,72.39264786616641,30,69.09184937387579,10,49.61038909662719,50.38961090337281,Factory
Rocky,Commercial,54.68742657245362,1,0,1394.5177047647585,797.3051954309849,3156.5188866410545,0,2,3,40.3281433568866,55,8.854289045910633,45,35.82842243638797,64.17157756361203,Shopping Complex
Sandy,Agricultural,10.740430194555595,0,0,8045.8476072858,940.8353743619742,3515.241978349388,4,2,2,53.314892451361104,25,82.09928300907401,85,64.18503311024489,35.81496688975511,Individual House
Rocky,Agricultural,59.04785317752291,1,0,15170.219926554204,959.6575815209468,1733.4518851462587,2,0,3,33.907074408544446,55,1.5869113707951499,45,31.76420388568934,68.23579611431066,Individual House
Loamy,Agricultural,52.31362960376055,1,0,4282.3524858237315,877.881339357274,1651.8523663440753,4,2,2,41.95863992594137,15,12.810617327065742,45,31.388178305845912,68.61182169415409,Individual House
Loamy,Residential,42.83442550134914,1,0,12511.20639929402,266.60423193230605,1348.592020479546,1,2,3,52.266980118315274,15,28.609290831084763,45,38.94576574918153,61.05423425081847,Individual House
Rocky,Industrial,56.63124385539081,0,1,6487.72782059048,50.389783619261216,2744.2327765637424,0,2,2,66.81880201899662,55,5.61459357434866,45,44.290229100235976,55.709770899764024,Factory
Clayey,Agricultural,44.727114257803926,1,0,16142.85985560237,506.7645785502816,1800.7784477788618,3,0,1,56.83379039112626,30,25.454809570326788,45,42.00552902947588,57.99447097052412,Individual House
Clayey,Commercial,15.475134836652526,0,0,16169.526831056828,641.2832318403804,2701.5663385381595,2,1,1,68.13121629083687,30,74.20810860557913,85,68.14795285318769,31.85204714681231,Shopping Complex
Rocky,Agricultural,29.318587596204644,1,0,15732.875784362048,92.70635936412991,2029.9238291346078,2,2,0,71.10797153910106,55,51.13568733965892,45,57.1717118736001,42.8282881263999,Individual House
Sandy,Residential,8.932666338239944,0,0,10971.83676222616,1222.4510070297692,4183.670912763304,4,1,0,53.76683341544001,25,85.1122227696001,85,65.09644738780403,34.903552612195966,Individual House
Red Soil,Industrial,26.431158225846346,1,0,6406.767491517182,516.1161562654106,365.65119872730367,0,1,2,20.705234418084487,20,55.948069623589426,45,35.48384945222693,64.51615054777307,Factory
Clayey,Residential,45.78816608554648,0,0,16379.436833694057,1370.449119267757,2861.052968023373,4,2,2,60.55295847861338,30,23.68638985742254,85,52.86513293187032,47.13486706812968,Individual House
Black Cotton,Residential,26.254384301194957,0,0,4535.910676845589,231.61516176339774,2878.1187529359886,2,2,3,87.5394942188974,40,56.24269283134174,85,71.94949618444953,28.05050381555047,Individual House
Loamy,Residential,23.166179650747377,1,0,6505.432438544464,85.40243540597015,1918.5865526934992,0,1,0,79.45604001682494,15,61.389700582087706,45,56.65703915141066,43.34296084858934,School
Rocky,Commercial,37.744564738067155,1,0,4495.006417051811,723.4741565794826,2105.104472815716,2,2,0,44.563858815483215,55,37.09239210322141,45,44.370448611224475,55.629551388775525,Shopping Complex
Black Cotton,Industrial,52.971249094939225,1,1,13809.993047365306,283.69400523855995,4000.656804414643,0,0,3,77.73554741195159,40,11.714584841767959,10,38.63608780462504,61.36391219537496,Factory
Rocky,Industrial,7.617075590036183,1,0,14038.484534200543,1406.0989133667917,1403.3685513016742,2,0,2,40.16310212852444,55,87.30487401660636,45,55.38330424913514,44.61669575086486,Factory
Loamy,Commercial,26.20087390848545,0,0,13397.689862948308,15.455097680608432,4357.018957130815,3,2,0,84.52247566204214,15,56.33187681919092,85,67.16583568651248,32.83416431348752,Shopping Complex
Loamy,Industrial,13.703240799839449,1,1,8896.427870428688,618.9295125885525,4481.716520673466,4,1,2,58.57418980004014,15,77.16126533360091,10,44.54128276341427,55.45871723658573,Factory
Clayey,Residential,43.24448379025283,0,1,2903.2491368272313,1390.1216570177523,3253.0965220109797,0,2,1,61.18887905243679,30,27.925860349578613,45,44.14757275574753,55.85242724425247,Individual House
Clayey,Industrial,10.814850823712419,1,0,18312.222105785404,576.6273100946526,3864.288568540492,4,0,2,69.2962872940719,30,81.97524862714597,45,60.49751270971166,39.50248729028834,Factory
Black Cotton,Commercial,41.56442672191345,0,0,10646.888316232526,139.66392090069112,3064.737641772442,0,1,1,89.22905806548017,40,30.72595546347759,85,66.16165918878745,33.83834081121255,Shopping Complex
Rocky,Residential,20.739947893884903,0,0,8732.471703310737,454.34241429268064,2626.295568732958,0,2,1,51.55446816896794,55,65.4334201768585,85,63.90241890335341,36.09758109664659,School
Loamy,Commercial,15.940424755547358,0,1,12187.672971717571,747.0155907516502,4833.388771251148,0,0,3,58.01489381111316,15,73.43262540742107,45,52.16336918574487,47.83663081425513,Shopping Complex
Black Cotton,Agricultural,56.4993906803742,1,0,4663.01828056301,277.7275310149996,1413.274821137321,2,1,3,65.4769968917529,40,5.834348866043001,45,41.62553612862426,58.37446387137574,Individual House
Red Soil,Residential,6.0188517210275725,1,1,3518.4268029926134,699.8425577148928,770.7547332155607,1,0,1,33.91038173405432,20,89.96858046495404,10,39.86077872315752,60.13922127684248,Apartment
Black Cotton,Residential,29.077749953926293,0,1,8704.979207700928,1254.5147936787562,1437.4268157125764,2,2,3,59.47909882576996,40,51.53708341012285,45,50.9519554415502,49.0480445584498,Individual House
Sandy,Industrial,6.189484585398658,0,1,5317.1931878983,1308.9269552949195,3073.1280418972256,1,2,0,54.45262885365034,25,89.6841923576689,45,56.47946818819484,43.52053181180516,Factory
Black Cotton,Residential,31.597617645738097,0,1,5641.515596206126,73.89110206609817,925.9171905057184,2,0,0,74.18547327471396,40,47.33730392376984,45,55.04924162709234,44.95075837290766,Individual House
Sandy,Commercial,32.557605778693,0,1,17957.718267792057,241.35503707886025,4544.07021613157,1,0,2,63.379296330595125,25,45.73732370217834,45,48.61708464125287,51.38291535874713,Hospital/Clinic
Sandy,Industrial,22.691435926711087,0,0,11084.424366530673,412.93520365020623,2055.1220033269633,0,0,1,55.551028799309854,25,62.180940122148186,85,59.98809511029549,40.01190488970451,Factory
Sandy,Agricultural,12.268897763876302,1,0,10185.912222143672,892.2987763314027,4249.814391459218,0,0,2,52.93277555903092,25,79.55183706020617,45,53.41443071071237,46.58556928928763,Individual House
Red Soil,Commercial,25.701314575396143,0,1,14100.11228084335,541.4921381887007,1246.1827226440837,1,0,1,38.49832580903264,20,57.1644757076731,45,42.015532960079696,57.984467039920304,Shopping Complex
Black Cotton,Agricultural,41.97446169629113,1,1,19079.414159858054,1266.0613701691132,1565.8417754137377,1,1,1,58.823220084201964,40,30.042563839514784,10,36.59876798934938,63.40123201065062,Individual House
Black Cotton,Agricultural,48.03176947544525,1,1,3131.7727249407176,1075.0078024244065,296.1169858624829,4,2,2,31.91439734838834,40,19.94705087425791,10,24.656801790500396,75.3431982094996,Individual House
Red Soil,Agricultural,34.19128313134783,1,1,16837.156775075888,150.68403467026232,1288.8384609278696,0,1,2,58.18790635550469,20,43.01452811442028,10,36.61939925303171,63.38060074696829,Individual House
Loamy,Residential,37.44089169418656,0,0,12096.364417489072,936.8362537681368,2451.569094816507,2,0,2,52.639777076453356,15,37.598513843022396,85,51.32355043751427,48.67644956248573,Individual House
Clayey,Commercial,16.033900411855896,0,1,3777.141722424908,169.51893802046763,4730.684588616211,4,1,2,87.82038861580797,30,73.27683264690684,45,64.80634417725949,35.19365582274051,Shopping Complex
Black Cotton,Commercial,20.80316832752072,0,1,6645.837055090841,382.5535044546901,1944.514869457491,1,2,0,78.73629503998824,40,65.32805278746547,45,61.139716460862246,38.860283539137754,Shopping Complex
Clayey,Residential,13.904258552879712,0,0,10164.86691283005,266.8059503013421,3198.7193974167294,2,0,1,82.51557834369956,30,76.82623574520048,85,73.83701135659496,26.162988643405043,Individual House
Rocky,Industrial,18.71124425025362,1,0,14132.365746971036,259.5929238010574,2138.5505873439397,3,0,3,63.74661350937315,55,68.81459291624397,45,59.014962957341595,40.985037042658405,Factory
Rocky,Agricultural,17.368772912404246,1,0,5609.5333221155925,924.5932871652889,233.95925383970618,3,2,1,14.336991848693062,55,71.05204514599292,45,42.2809584335408,57.7190415664592,Individual House
Red Soil,Commercial,33.56968325151807,1,0,11162.697493884207,845.4073838312422,2517.6631294835133,3,1,0,51.60757918712048,20,44.05052791413655,45,43.32528469402631,56.67471530597369,Shopping Complex
Rocky,Residential,35.94788156849012,0,1,14008.760920901374,264.0422291815903,329.5682335196043,2,2,1,25.76186052737414,55,40.08686405251647,45,38.538367197710066,61.461632802289934,Individual House
Rocky,Agricultural,56.97210814518275,0,1,9526.074266102618,1485.2592081276478,4418.49962298768,1,2,0,39.756972963704314,55,5.046486424695416,45,34.67656214347036,65.32343785652964,Individual House
Loamy,Industrial,15.756385590583768,0,1,17397.49326128334,632.7550985524407,3765.18480975457,2,1,1,58.06090360235406,15,73.73935734902705,45,52.25615559808068,47.74384440191932,Factory
Loamy,Industrial,40.29216405888228,0,1,17519.722953967685,145.60399223240495,1893.257356261831,4,1,0,71.05586657657174,15,32.8463932351962,45,46.581151610599164,53.418848389400836,Factory
Loamy,Agricultural,49.94925979431376,0,1,9943.13313516847,180.85352543267268,3201.093330956449,4,0,3,68.66147352546119,15,16.751233676143727,45,41.71932415294735,58.28067584705265,Individual House
Rocky,Industrial,35.81328050806789,0,1,19485.588497769095,875.8405705898921,560.1407765666605,3,0,3,16.249495404316235,55,40.31119915322018,45,35.26512317981573,64.73487682018427,Factory
Red Soil,Commercial,19.025200887559166,1,1,2436.1167557034987,1468.6041050752092,3512.7749348132543,1,0,3,55.24369977811021,20,68.29133185406806,10,41.90812788585559,58.09187211414441,Shopping Complex
Sandy,Commercial,19.440262651100014,1,1,1063.8851881357957,857.9266524287967,4113.6620449573475,4,2,3,51.139934337225,25,67.59956224816665,10,41.04886758007041,58.95113241992959,Shopping Complex
Sandy,Commercial,7.158917918904995,0,1,8232.69701227446,1423.5622149249557,4108.728242691172,0,1,0,54.21027052027375,25,88.06847013515834,45,55.990712215885395,44.009287784114605,Shopping Complex
Clayey,Industrial,21.799432460166493,1,0,12420.844166077677,666.1992761370402,1421.387738453279,0,1,1,54.977896654023965,30,63.66761256638918,45,50.90916697050568,49.09083302949432,Factory
Sandy,Commercial,45.95320234518591,1,1,12954.802991543556,653.761655478018,1318.730976384133,3,0,3,30.886318941386186,25,23.41132942469015,10,22.9130439856577,77.08695601434229,Hospital/Clinic
Sandy,Residential,7.613476646391071,1,0,10052.468989582743,750.0110389738234,2606.988439513392,3,2,3,54.096630838402234,25,87.31087225601487,45,55.7615388574445,44.2384611425555,Individual House
Loamy,Commercial,17.061240537765684,1,0,3372.782951572277,1046.138187233333,4838.860809649242,3,2,1,57.73468986555858,15,71.56459910372385,45,51.59829122887646,48.40170877112354,Shopping Complex
Loamy,Commercial,43.842787419248005,0,0,4239.45291396999,551.423949676999,4602.614888030426,4,1,1,51.039303145188,15,26.92868763458665,85,48.09592800946246,51.90407199053754,Shopping Complex
Rocky,Industrial,48.04583595525821,1,0,17190.811693188174,1295.8290490184356,1798.1924087799089,1,1,2,37.95238918678362,55,19.923606741236313,45,37.76423790068334,62.23576209931666,Factory
Clayey,Commercial,30.042512553406063,0,1,17490.311503045963,43.92207715221935,3899.1475309152206,3,1,1,91.85404723251531,30,49.929145744323236,45,60.381202967461164,39.618797032538836,Shopping Complex
Black Cotton,Agricultural,43.39408861632569,0,0,13804.072219353684,659.6462925426634,4606.588820457287,2,1,1,67.15147784591858,40,27.676518972790518,85,57.67214698926913,42.32785301073087,Individual House
Clayey,Residential,26.33736927601906,1,0,13620.141473298765,766.4877749698768,1304.632328588025,3,2,1,51.508304252755735,30,56.10438453996823,45,47.80400262345656,52.19599737654344,Individual House
Clayey,Industrial,13.795228476327013,0,1,12355.960432528344,910.5483573946442,4151.478248014699,4,0,2,68.55119288091825,30,77.00795253945498,45,58.994905643185135,41.005094356814865,Factory
Red Soil,Residential,26.89822214375986,1,0,4855.591828337776,414.1078685487949,1339.4781345458828,1,1,1,45.21853504205,20,55.169629760400234,45,43.868894704817556,56.131105295182444,Individual House
Rocky,Agricultural,36.89823011117286,0,1,9136.763304938162,641.219956478753,1716.4106294360531,3,1,0,39.10365506092784,55,38.502949814711904,45,42.81201672500272,57.18798327499728,Individual House
Red Soil,Industrial,57.142930501908964,0,1,14221.998377804195,726.806625321085,994.1034542537708,0,1,3,25.596336459598174,20,4.761782496818384,45,24.399163385063957,75.60083661493604,Factory
Clayey,Industrial,8.781302364877252,1,1,11207.793168063436,1030.36496802482,2535.3989953635673,3,2,0,69.80467440878068,30,85.36449605853791,10,52.772760057707714,47.227239942292286,Factory
Clayey,Commercial,32.90667516147283,1,1,1353.0263470468844,1160.316277103721,4216.554471306205,3,0,2,63.77333120963179,30,45.15554139754527,10,40.60955127275744,59.39044872724256,Shopping Complex
Clayey,Residential,23.09058780158984,0,0,19117.57932768187,1106.7409910156807,2640.2606871775615,1,2,2,66.22735304960254,30,61.515686997350265,85,64.30849531669845,35.691504683301545,Individual House
Sandy,Agricultural,32.9571431852182,1,1,17051.504998870725,512.3745784343779,617.2000484654877,2,0,2,20.104715173005204,25,45.071428024636326,10,24.554507316710904,75.4454926832891,Individual House
Red Soil,Agricultural,6.3186496057092425,0,0,5950.355268085019,1499.1757844879453,1258.87966113585,3,2,2,43.597930821289694,20,89.46891732381793,85,61.87650511840587,38.12349488159413,Individual House
Clayey,Industrial,22.216394508586973,1,0,12712.719768159626,1272.997967680769,2814.3093364066945,3,1,2,66.44590137285326,30,62.97267581902171,45,54.74923443525407,45.25076556474593,Factory
Loamy,Commercial,50.09274811398527,0,1,18541.548290835566,390.0350597174534,2915.937277852801,4,1,3,56.074709388456476,15,16.51208647669121,45,37.25416990513257,62.74583009486743,Shopping Complex
Rocky,Industrial,35.466795362005065,0,0,2824.209230159376,292.6587085092413,2884.5295177243493,1,0,1,57.573778648944256,55,40.88867439665822,85,59.87299112629504,40.12700887370496,Factory
Rocky,Industrial,29.782037104886456,0,1,10557.560135137312,471.0318758750857,385.01746253107984,4,2,0,15.99292742189484,55,50.363271491855905,45,37.68834247062717,62.31165752937283,Factory
Loamy,Industrial,20.70387894434368,0,0,9668.617491079596,678.5172794994673,3768.4794631737714,3,0,0,56.82403026391408,15,65.49353509276054,85,59.761794365560064,40.238205634439936,Factory
Rocky,Industrial,21.392338753524573,0,0,8793.895100387115,1276.1990674794208,4547.1409949450335,3,2,1,48.65191531161886,55,64.34610207745905,85,62.61469587843136,37.38530412156864,Factory
Sandy,Agricultural,26.070578847482146,1,0,16876.183568965575,1167.5433956918016,2552.5947386494995,0,1,2,49.48235528812946,25,56.549035254196426,45,46.456083164394414,53.543916835605586,Individual House
Sandy,Agricultural,50.95638904805082,0,0,8232.276787251689,1276.869185258814,3594.146433859314,4,0,1,43.260902737987294,25,15.07268491991529,85,43.909487188274376,56.090512811725624,Individual House
Black Cotton,Industrial,58.19672637445476,1,1,2209.603331579144,407.93567236549274,4570.077460182756,1,0,2,68.97467806445674,40,3.005456042575389,10,33.392501333203704,66.60749866679629,Factory
Black Cotton,Industrial,29.1260459742706,1,1,2250.9171011217477,890.1918336777543,3213.1137747400794,3,1,3,70.71848850643235,40,51.45659004288233,10,46.11561848797191,53.88438151202809,Factory
Black Cotton,Commercial,26.6344061311269,0,0,1812.1475239675706,424.8735934160617,3371.6286221552555,0,1,0,75.84898286225457,40,55.609323114788495,85,67.69947478048623,32.30052521951377,Shopping Complex
Rocky,Industrial,51.56029267009246,0,0,8773.763015606708,163.53474107923972,3607.022066919773,0,1,0,61.29784236772251,55,14.066178883179234,85,54.47078954949768,45.52921045050232,Factory
Sandy,Agricultural,28.4797926349967,1,0,14649.71927626884,1026.296615212021,1302.5122572703258,2,1,3,34.930296986657346,25,52.53367894167217,45,40.35902368074811,59.64097631925189,Individual House
Sandy,Residential,35.360999476260815,0,0,4870.726776679794,214.49632679315818,2913.389373584137,1,1,3,64.2899705233453,25,41.065000872898636,85,57.767739901395515,42.232260098604485,Individual House
Sandy,Agricultural,17.701791552930942,0,1,13282.90188819944,1001.5466425597072,4210.8755727222815,0,1,2,51.57455211176726,25,70.49701407844843,45,50.67534675873065,49.32465324126935,Individual House
Loamy,Commercial,45.892639467849136,1,0,14054.680969970379,971.9464573581137,1480.8136513037534,1,2,1,40.14311315911279,15,23.512267553584778,45,33.42815649408567,66.57184350591433,Shopping Complex
Sandy,Agricultural,34.259357504893,1,0,5848.840356296361,1215.3726666360255,4485.852497984301,3,2,2,47.43516062377675,25,42.90107082517832,45,42.327573924616445,57.672426075383555,Individual House
Loamy,Residential,49.49690026321879,1,0,12410.595465151957,209.3319068453466,3101.90974882816,2,0,2,67.06586052347451,15,17.505166227968687,45,41.34934274020825,58.65065725979175,Individual House
Black Cotton,Industrial,47.940300151576835,1,1,14012.4984605101,1175.2202227632163,2115.874257165281,1,2,0,66.0149249621058,40,20.099499747371937,10,36.63009867358001,63.36990132641999,Factory
Black Cotton,Residential,16.825262254851573,1,0,9865.658833240388,1498.9147889193555,3115.914807001465,2,0,2,73.79368443628711,40,71.95789624191404,45,61.067263613178994,38.932736386821006,Individual House
Rocky,Industrial,44.359955280676935,1,1,7397.615348321806,1276.5636728788531,2009.2995284453818,1,2,1,42.91001117983077,55,26.06674119887178,10,32.285189212658715,67.71481078734129,Factory
Black Cotton,Industrial,49.002992437325425,0,1,12763.879479912219,1127.7181144914994,4190.178009240873,1,2,2,65.74925189066865,40,18.328345937790957,45,44.84432464618176,55.15567535381824,Factory
Rocky,Agricultural,24.035898243031728,1,0,19579.09465923308,993.2480320420614,2411.5929003379856,4,1,0,47.991025439242065,55,59.940169594947115,45,51.2819013024715,48.7180986975285,Individual House
Clayey,Agricultural,14.4935012096251,1,0,9109.986778010583,632.6722270281441,4506.066798771683,2,2,1,68.37662469759373,30,75.84416465062483,45,58.642859806814016,41.357140193185984,Individual House
Clayey,Agricultural,5.14476855687735,0,0,8442.966829417299,1095.7502518374033,2549.0404042391324,1,2,1,70.71380786078066,30,91.42538573853776,85,73.35617918590768,26.643820814092322,Individual House
Red Soil,Commercial,29.79970092012315,0,1,9821.071146096154,1086.2670527106798,3301.841948186936,4,2,0,52.550074769969214,20,50.33383179979475,45,45.22598411943791,54.77401588056209,Shopping Complex
Rocky,Agricultural,24.383800234636286,0,1,2448.149475455916,947.2474240309324,4988.722105034253,4,1,0,47.90404994134093,55,59.36033294227286,45,51.10650071503754,48.89349928496246,Individual House
Red Soil,Commercial,35.520040860397486,0,0,11510.10231375641,1194.4175674467426,734.8292050427058,2,1,2,25.816573885754746,20,40.79993189933753,85,43.48578383484855,56.51421616515145,Shopping Complex
Red Soil,Agricultural,15.342260092383217,0,1,7245.250357128009,673.145832640252,3683.6457436670285,3,2,0,56.1644349769042,20,74.42956651269463,45,52.51494387009012,47.48505612990988,Individual House
Clayey,Industrial,52.281605121656135,0,0,3307.020324293987,181.87906819858597,694.3611395796678,2,0,3,51.90407741926417,30,12.863991463906444,85,47.13242496271907,52.86757503728093,Factory
Rocky,Commercial,19.176536859546033,1,0,9858.878081230094,838.6015914138561,4194.331828821981,1,2,0,49.20586578511349,55,68.03910523408994,45,53.731829333312206,46.268170666687794,Shopping Complex
Clayey,Residential,17.453628279820748,0,0,1064.2957449055712,397.56529306701395,2982.2669058100582,3,1,3,73.78267534602398,30,70.91061953363209,85,69.30159125451641,30.69840874548359,Individual House
Red Soil,Commercial,31.439273106639575,0,0,8633.91965809242,576.6496461437254,4690.7978030322965,2,1,0,52.140181723340106,20,47.601211488934034,85,54.399366475402545,45.600633524597455,Shopping Complex
Rocky,Commercial,32.436806305935086,0,0,3008.970090602559,26.122355911839033,4329.783009724341,2,0,3,74.32345706880588,55,45.93865615677486,85,66.99787401327578,33.002125986724224,Shopping Complex
Red Soil,Residential,16.829687583180107,0,0,1461.5613645958256,574.185881876825,374.36018734411715,2,1,3,23.279781851087314,20,71.95052069469982,85,50.38555382155552,49.61444617844448,Individual House
Sandy,Commercial,19.95233996992537,1,1,16665.025878645538,1213.2016592031819,686.5127083943046,2,1,0,24.742169175404747,25,66.74610005012438,10,31.59628422392276,68.40371577607723,Shopping Complex
Rocky,Industrial,14.333788153538471,0,1,18408.727262370063,814.0835504073822,3005.854643034126,3,2,1,50.41655296161538,55,76.11035307743589,45,56.17338180592435,43.82661819407565,Factory
Rocky,Agricultural,44.51530980777417,0,1,4945.818318823027,14.700790400956565,2591.573199710374,1,0,1,71.98912512399906,55,25.80781698704304,45,51.14814804016043,48.85185195983957,Individual House
Red Soil,Residential,47.3548967189745,1,0,11246.667012850965,704.7657303597709,842.8256530672229,4,1,3,25.017788881600833,20,21.075172135042493,45,28.275019142320915,71.72498085767909,Individual House
Sandy,Agricultural,30.428067360260545,1,0,6281.204985488714,437.17747146811115,646.7961413582491,2,1,1,25.098257699013175,25,49.286554399565766,45,36.10602879454605,63.89397120545395,Individual House
Loamy,Industrial,44.27478624767596,1,0,10377.97133477146,716.3259830957567,2819.953917208066,4,2,0,50.93130343808101,15,26.208689587206734,45,37.87812860013004,62.12187139986996,Factory
Clayey,Residential,45.4764465565595,0,1,9295.995096989045,607.0390821718156,244.6077398749974,4,2,3,25.523043158360075,30,24.205922405734157,45,30.734545706859564,69.26545429314044,Individual House
Red Soil,Agricultural,12.605154022279473,1,0,6111.970046529227,1397.9688293360723,4368.676514767195,4,2,2,56.848711494430134,20,78.99140996286755,45,53.89490151376744,46.10509848623256,Individual House
Rocky,Agricultural,58.13979136589952,1,1,14307.478013070657,61.76594844452371,4035.4145990131024,2,2,3,65.75909525185371,55,3.1003477235007892,10,34.540770269023994,65.459229730976,Individual House
Clayey,Industrial,50.15675709030371,1,0,3403.3282270848304,1025.3820169228984,3926.8498585554466,2,0,2,59.460810727424075,30,16.40540484949382,45,40.66263496697188,59.33736503302812,Factory
Clayey,Agricultural,16.24659036577029,0,1,2008.3828612559755,1276.5398944526123,79.98573520370533,2,2,2,29.538067112631534,30,72.92234939038285,45,44.318910837016745,55.681089162983255,Individual House
Clayey,Industrial,15.239076966033863,0,0,15585.833227708305,1438.857876975713,238.20471706368974,2,0,3,32.95432509976533,30,74.60153838994356,85,55.93439838240376,44.06560161759624,Factory
Loamy,Commercial,11.91136300687705,1,0,13652.670593192917,266.45433981644385,2749.195605753643,0,1,2,73.03489885929412,15,80.14772832187158,45,59.09914668122083,40.90085331877917,Shopping Complex
Black Cotton,Industrial,12.61082093980551,0,1,10471.996358781562,796.9572029492908,4972.128444470888,1,1,1,74.84729476504862,40,78.98196510032415,45,63.19204444284805,36.80795555715195,Factory
Red Soil,Commercial,46.14889894657829,0,1,9888.00563897829,65.38436597581787,1711.5810048567587,0,2,2,68.77133340194153,20,23.08516842236952,45,44.091258796271916,55.908741203728084,Shopping Complex
Black Cotton,Residential,30.830984132339296,0,1,10450.816210337098,748.7752866826328,1721.8740820267199,3,2,1,64.72973560744957,40,48.615026446101176,45,52.05916407413264,47.94083592586736,Individual House
Black Cotton,Agricultural,48.061379500692695,0,0,9303.457445874785,188.18713431147287,671.3898343099168,0,2,3,58.12122375233679,40,19.897700832178842,85,52.56685352136259,47.43314647863741,Individual House
Black Cotton,Industrial,46.0440191892613,0,1,8464.953620792403,1256.8450120480702,3371.679018697507,0,1,2,66.48899520268468,40,23.259968017897833,45,46.33614032541409,53.66385967458591,Factory
Clayey,Industrial,38.253699242787185,1,1,10494.121454836286,170.80500390804727,3233.3834449700284,0,1,2,82.18827495482036,30,36.2438345953547,10,44.8268548830258,55.1731451169742,Factory
Sandy,Agricultural,42.750163361827376,1,0,11041.788252035449,769.9325405797429,506.6120818957953,1,1,1,15.444700797459063,25,28.749727730287717,45,27.5930772116826,72.4069227883174,Individual House
Clayey,Agricultural,6.009564840852798,1,0,14146.143967588798,781.6441034891307,2337.061435341756,4,0,1,70.4976087897868,30,89.98405859857867,45,62.920177726070044,37.079822273929956,Individual House
Clayey,Residential,22.14777057427621,1,1,14512.936053946429,1457.475746897408,3335.3745441098713,3,1,3,66.46305735643095,30,63.087049042872984,10,46.03383233546908,53.96616766453092,Individual House
Rocky,Residential,40.08021985926756,0,0,8174.9525226627475,982.4710410583322,2467.580681609635,3,2,3,43.97994503518311,55,33.1996335678874,85,53.192889154285936,46.807110845714064,Individual House
Rocky,Industrial,5.513972441743431,1,1,8857.269932126286,431.76043961520287,3371.8179093237777,1,0,2,56.715880512651964,55,90.81004593042762,10,53.30306966203509,46.69693033796491,Factory
Black Cotton,Residential,6.813731902542637,1,1,8100.246224988237,361.1989649072077,4081.351987157449,0,0,0,84.62462912993188,40,88.64378016242894,10,60.279565236083386,39.720434763916614,Individual House
Clayey,Commercial,51.853839035871076,0,1,11194.179698888496,192.37230846759735,3429.077165608838,4,0,2,77.49420173297638,30,13.57693494021487,45,46.267204341595445,53.732795658404555,Hospital/Clinic
Black Cotton,Residential,42.62136739306395,0,0,9613.71722036971,1134.7720860735892,3080.571179152619,2,1,2,67.34465815173401,40,28.964387678226757,85,58.06172727266359,41.93827272733641,Individual House
Rocky,Residential,19.59533532161892,0,1,17902.33279958768,1036.1349842735078,4267.951284722466,1,1,3,49.101166169595274,55,67.3411077973018,45,53.52068510868379,46.47931489131621,Individual House
Sandy,Industrial,42.83795620652899,0,1,14230.86407141298,914.8156909621589,4502.942839348941,4,1,3,45.29051094836775,25,28.603406322451676,45,38.00253041254163,61.99746958745837,Factory
Red Soil,Commercial,48.58511680265948,1,0,18074.471291334467,61.260664424982515,1944.4321858790208,1,1,2,73.0667246514166,20,19.024805328900868,45,44.57955496022103,55.42044503977897,Shopping Complex
Black Cotton,Residential,21.87368557105557,0,1,14473.602839629086,1144.2432995914417,866.2494386194297,1,2,1,49.8565673796247,40,63.54385738157405,45,50.585762928262156,49.414237071737844,Individual House
Sandy,Commercial,6.98205576245531,0,1,19448.850821952467,962.8313657227188,4089.302020040253,2,0,3,54.254486059386174,25,88.36324039590781,45,56.07988021976212,43.92011978023788,Shopping Complex
Red Soil,Commercial,56.302851857825395,0,1,13078.998786850112,1445.8333021657324,1068.7655364974157,4,0,2,27.299597765491967,20,6.161913570291006,45,25.345337610494937,74.65466238950506,Hospital/Clinic
Loamy,Commercial,23.984891106259678,0,0,19307.452625098038,880.8031948152181,4644.753348745428,0,0,0,56.00377722343508,15,60.0251814895672,85,58.10761740059408,41.89238259940592,Shopping Complex
Black Cotton,Agricultural,10.85649698065885,0,1,4005.2279177790956,455.92785999256216,114.38972610951726,4,0,2,40.217998677471904,40,81.90583836556858,45,51.80275912850731,48.19724087149269,Individual House
Black Cotton,Agricultural,32.0521279266231,0,0,1997.075935758673,572.2808282839803,4606.355913096518,4,0,0,69.98696801834423,40,46.5797867889615,85,63.39038550366085,36.60961449633915,Individual House
Loamy,Agricultural,47.26572876152736,1,0,12003.378518873325,263.76105806734876,2945.9149630603138,0,2,0,64.35790432557724,15,21.223785397454392,45,41.33121286331563,58.66878713668437,Individual House
Loamy,Agricultural,17.190602303965754,1,1,19686.37091019572,1084.3712733020777,3873.710582564407,2,2,0,57.70234942400856,15,71.34899616005708,10,42.783071338417265,57.216928661582735,Individual House
Black Cotton,Industrial,19.821952757334984,1,1,8934.499698745538,1061.5824900325879,1992.4629353220225,4,0,2,72.8937705171067,40,66.96341207110837,10,50.75367269876443,49.24632730123557,Factory
Loamy,Residential,18.349324273922072,0,0,5028.823881666232,300.9750232165144,4958.581459544401,0,0,3,69.35416753852861,15,69.41779287679654,85,65.12840685768415,34.871593142315845,Individual House
Clayey,Agricultural,59.5420179057423,0,1,10909.287534676765,237.7339847734179,1137.7571378314522,1,1,1,55.60559919378839,30,0.7633034904295073,45,35.40278559043331,64.59721440956669,Individual House
Red Soil,Industrial,15.85720535517984,1,1,13327.173866998883,115.50739980329189,1321.718313190874,1,0,1,65.53962093682502,20,73.5713244080336,10,46.83169842989716,53.16830157010284,Factory
Red Soil,Residential,36.653611933136816,1,0,6988.39521480189,1367.9636155226378,257.16222018736465,0,2,2,15.979841420463089,20,38.91064677810531,45,29.57060619168841,70.42939380831159,School
Red Soil,Agricultural,55.889555291133036,1,1,14580.61781148593,349.6047505422767,4702.366815307191,1,1,2,55.05132614468014,20,6.8507411814449455,10,26.480649445999283,73.51935055400071,Individual House
Clayey,Residential,13.079311288277859,1,1,19527.17563386879,516.245290127706,2280.1465179933807,4,2,0,68.73017217793054,30,78.20114785287024,10,50.60584722549325,49.39415277450675,Individual House
Loamy,Agricultural,58.39698088272351,0,0,18042.29931250172,420.756762566236,3374.262073596746,0,1,3,52.15534902534497,15,2.6716985287941526,85,42.42229679106927,57.57770320893073,Individual House
Sandy,Industrial,57.111247891759355,1,1,6540.12209673171,620.4369039161866,3437.203637314203,4,1,2,41.72218802706016,25,4.81458684706773,10,22.056412521237988,77.94358747876201,Factory
Loamy,Commercial,53.65145928820444,0,0,7207.749979747368,1071.073199073725,4372.510461413388,3,0,1,48.58713517794889,15,10.580901186325931,85,43.15072260886359,56.84927739113641,Hospital/Clinic
Black Cotton,Commercial,16.800608673150123,0,0,8059.283264542183,1305.8934505894267,3324.6262532320466,2,2,2,73.79984783171247,40,71.99898554474979,85,71.07969312728682,28.920306872713184,Shopping Complex
Rocky,Residential,39.87302808060409,0,1,8496.502789479262,273.8981242928102,2810.105911520936,2,2,3,57.59785552228036,55,33.544953198993184,45,48.04548773254642,51.95451226745358,Individual House
Red Soil,Industrial,46.84903101286821,1,0,2906.0704846723092,1029.6185156117476,3551.592620955218,2,0,3,48.28774224678295,20,21.91828164521965,45,36.63028019767894,63.36971980232106,Factory
Loamy,Commercial,59.23153605080363,1,1,15477.293938896497,528.8432133637277,3754.8539950156323,0,1,2,47.19211598729909,15,1.2807732486606227,10,21.587433907719838,78.41256609228016,Shopping Complex
Sandy,Agricultural,14.923310214475373,1,1,7941.446008603309,1470.7907524459392,929.6397312424099,3,1,2,30.86196707122935,25,75.12781630920772,10,35.8336425522322,64.16635744776781,Individual House
Black Cotton,Commercial,47.1314244735613,0,0,17716.57955740359,448.3787389261153,548.335194883765,2,2,3,40.28112344371805,40,21.447625877397826,85,46.71029967465077,53.28970032534923,Shopping Complex
Clayey,Residential,23.634064345991213,0,0,18611.871839282067,10.789434011789945,374.2442524278156,4,0,3,62.929002921351106,30,60.60989275668131,85,62.92762421164321,37.07237578835679,Individual House
Clayey,Residential,14.659455606240128,1,0,1464.194876846074,773.4599610297678,1870.2674726126834,2,0,0,65.74048555069363,30,75.5675739895998,45,57.65106344014272,42.34893655985728,Individual House
Sandy,Industrial,28.17573176676202,0,0,19781.558328635918,226.0966264139066,2490.001199188726,3,2,2,65.3902694734751,25,53.04044705539663,85,61.14670607956544,38.85329392043456,Factory
Black Cotton,Residential,48.6609751681739,1,0,14490.431898503506,66.74164022759865,3078.249491449304,4,1,2,91.83025779430062,40,18.898374719710162,45,54.11518390793276,45.88481609206724,Individual House
Red Soil,Commercial,30.566739203722868,0,0,10887.452293866283,1047.4038479215628,4790.17259844805,4,1,2,52.35831519906928,20,49.055434660461884,85,54.83926898478972,45.16073101521028,Shopping Complex
Loamy,Commercial,34.56377051116767,0,1,8401.024559078513,1098.3889237626847,1653.9391010350312,0,0,1,46.437839392908714,15,42.39371581472056,45,40.351672741198186,59.648327258801814,Hospital/Clinic
Black Cotton,Commercial,59.733767561006665,0,1,10851.844519584545,691.0485196747538,3804.370260386372,0,1,0,63.066558109748335,40,0.44372073165556003,45,39.43422552132581,60.56577447867419,Shopping Complex
Clayey,Commercial,26.951011475658433,0,0,7167.869755590445,1015.3282751348659,2656.7880979744245,1,1,3,65.26224713108539,30,55.08164754056928,85,62.3621983810222,37.6378016189778,Shopping Complex
Sandy,Industrial,38.84704150900819,0,1,12831.068460234417,807.3591723707008,1100.4496604345843,3,1,0,28.29723283143964,25,35.25493081831968,45,33.7177641955838,66.2822358044162,Factory
Sandy,Agricultural,25.088431088845454,0,0,2766.6252524510337,944.7016615828975,3076.5271456437954,4,2,1,49.72789222778864,25,58.18594818525758,85,56.95124932604042,43.04875067395958,Individual House
Loamy,Agricultural,26.60321054807877,0,0,12801.329455324394,895.0559597819419,4835.880891448518,3,0,0,55.349197362980306,15,55.661315753202054,85,56.78754801534362,43.21245198465638,Individual House
Sandy,Industrial,43.26024143949745,1,1,6231.552152630438,998.7341460833885,621.541496256362,2,2,1,17.61576956525288,25,27.899597600837595,10,19.390418748047907,80.6095812519521,Factory
Sandy,Residential,56.58378368521859,0,1,1335.061751994581,299.44597300975687,2536.398822746145,2,2,0,53.88729569810994,25,5.6936938579690235,45,35.283976958830735,64.71602304116927,Individual House
Black Cotton,Agricultural,34.82974227707768,0,0,11501.409557094674,403.0599300550503,258.0417707526411,1,1,0,40.26980404248038,40,41.95042953820387,85,51.8320387994191,48.1679612005809,Individual House
Red Soil,Residential,47.26199609218289,1,0,11990.507361201231,659.944724261538,1606.0814944818114,4,0,0,40.3061308665905,20,21.230006513028528,45,33.66464743156381,66.33535256843619,Individual House
Loamy,Agricultural,9.90636073493301,1,0,9104.811089519186,669.1920141287796,3103.013387969956,4,1,2,59.52340981626675,15,83.48939877511165,45,55.20554312947127,44.79445687052873,Individual House
Black Cotton,Residential,16.613692058755984,1,1,2373.4384184560204,1161.6175673803564,4205.284680153773,1,0,3,73.846576985311,40,72.31051323540669,10,52.42393025371052,47.57606974628948,Individual House
Red Soil,Industrial,32.617240250574284,1,0,17973.51610327964,551.0904888442981,3651.6421086303553,2,1,0,51.845689937356426,20,45.63793291570952,45,43.805474707002126,56.194525292997874,Factory
Black Cotton,Commercial,6.100644799582613,0,0,12617.185337329889,243.75773408877356,2314.2838910773694,4,0,2,91.84937475477794,40,89.83225866736231,85,81.85534583101285,18.144654168987145,Shopping Complex
Rocky,Residential,18.907023831940734,0,1,3198.552691810422,377.1989557366138,4546.113785520733,3,0,2,56.64130669781799,55,68.4882936134321,45,56.44653074759432,43.55346925240568,Individual House
Black Cotton,Commercial,33.45707094037314,1,1,10707.680955288804,322.1002535763426,1513.5733251188533,4,1,2,70.58118355270324,40,44.238215099378095,10,44.26296801829066,55.73703198170934,Shopping Complex
Sandy,Residential,5.822865904096539,0,1,10447.832003020958,1097.4900288840329,3769.9170511258317,2,1,1,54.544283523975864,25,90.29522349317243,45,56.66430510668466,43.33569489331534,Individual House
Red Soil,Residential,19.550045742432296,1,0,2147.6355070656127,705.5094219389731,2370.045108738312,4,2,0,55.112488564391924,20,67.4165904292795,45,50.39351860485705,49.60648139514295,Individual House
Loamy,Residential,33.27169507117282,0,0,12530.334368456002,1062.9460469564751,4493.1787733638785,4,2,3,53.682076232206796,15,44.54717488137862,85,53.425520401617035,46.574479598382965,Individual House
Loamy,Residential,36.52320863896851,0,1,16358.201579509725,624.3295211364405,3987.1641082688006,0,0,0,52.86919784025787,15,39.12798560171915,45,41.78621564452004,58.21378435547996,School
Red Soil,Residential,55.9163431180418,0,0,15231.153030721085,1334.6034037558577,4507.348306535476,4,1,0,46.02091422048955,20,6.806094803263662,85,42.058843677987255,57.941156322012745,Individual House
Sandy,Commercial,40.49400927878343,0,0,4856.418869119483,1475.2804615841019,1071.2392447103668,1,1,3,27.301282574511482,25,32.50998453536094,85,42.68294503491926,57.31705496508074,Shopping Complex
Clayey,Residential,27.810469139149657,0,1,17383.558061530017,1004.7637630539175,3340.75216058104,1,2,2,65.04738271521259,30,53.64921810141724,45,51.92888847567872,48.07111152432128,Individual House
Black Cotton,Commercial,56.16931474231873,1,1,7508.301147527667,1295.7188358543283,3692.3170404082002,3,1,0,63.95767131442032,40,6.384475429468779,10,32.4813038174143,67.5186961825857,Shopping Complex
Sandy,Industrial,48.168564086328686,0,0,18983.659187546884,761.899900758094,3712.0713264129686,4,0,2,43.95785897841783,25,19.71905985611886,85,45.31501560647595,54.68498439352405,Factory
Rocky,Agricultural,16.00049066120112,0,1,2363.2113202885607,1401.931260530862,2520.002252336688,3,0,2,49.99987733469972,55,73.3325155646648,45,55.3330859583111,44.6669140416889,Individual House
Red Soil,Residential,12.196329874185087,0,1,10237.965081877011,1247.379728509242,56.252611739762706,2,0,2,18.07596976624898,20,79.67278354302485,45,40.49478530394336,59.50521469605664,Individual House
Black Cotton,Agricultural,42.169639965850315,0,0,12345.363166373434,1487.6678576490588,1307.1539193453746,2,2,3,53.60066839544491,40,29.717266723582796,85,53.439550619301414,46.560449380698586,Individual House
Loamy,Commercial,35.79357410673411,0,0,5705.351871017489,934.6406029916708,1616.5043750219054,0,0,2,45.38169397375458,15,40.344043155443146,85,49.46960367967489,50.53039632032511,Hospital/Clinic
Clayey,Industrial,48.43204875860156,1,0,15656.223585684327,1168.8101104023428,4260.183086408808,0,2,0,59.89198781034961,30,19.27991873566407,45,41.53217541753838,58.46782458246162,Factory
Rocky,Industrial,45.634277754327755,0,0,12911.017916403624,814.3022099673202,4204.429085521101,4,2,2,42.591430561418065,55,23.942870409453747,85,50.39271829885976,49.60728170114024,Factory
Loamy,Industrial,39.38663436216333,1,0,1344.0793084711554,388.6801564071343,523.4005201889164,4,0,1,29.300542428809436,15,34.35560939639444,45,32.344092199181915,67.65590780081808,Factory
Red Soil,Agricultural,59.25101943958907,0,0,12559.003223228481,532.1327566946366,4749.179408856287,3,2,1,45.18724514010273,20,1.2483009340182036,85,40.37761103254051,59.62238896745949,Individual House
Black Cotton,Commercial,34.34743515607248,0,1,10338.086453950482,1341.0081220969741,912.2874332574548,3,2,1,47.65888987613097,40,42.75427473987921,45,44.619180141615644,55.380819858384356,Shopping Complex
Red Soil,Residential,11.22081660759459,1,1,4724.554832366646,83.92191989793085,2071.7972565046057,4,0,2,82.1594806542255,20,81.29863898734234,10,54.58047797581451,45.41952202418549,Individual House
Black Cotton,Residential,50.555046064879356,0,1,19919.216314131063,887.2198291116123,1075.784830553777,4,0,0,46.8769350948557,40,15.741589891867733,45,37.59232475616643,62.40767524383357,Individual House
Sandy,Commercial,18.851934929013993,0,0,18046.081701724685,558.726048756163,4301.662344146787,0,2,0,51.2870162677465,25,68.58010845164334,85,60.09548280662211,39.90451719337789,Shopping Complex
Clayey,Agricultural,47.75161814791551,1,0,6557.646205552206,580.0388070083335,3747.0101592965593,0,2,2,60.06209546302112,30,20.41396975347415,45,41.87522585042593,58.12477414957407,Individual House
Sandy,Residential,57.64089028000283,0,0,11280.34749517371,1326.856809620651,1767.6440344390198,0,1,2,36.94265811877969,25,3.9318495333286307,85,38.91289272490505,61.08710727509495,School
Sandy,Commercial,43.32375326803877,1,0,7013.540658295524,1280.73356181934,3409.3931301302773,4,0,3,45.1690616829903,25,27.793744553268724,45,37.757607727363784,62.242392272636216,Hospital/Clinic
Red Soil,Residential,37.78165885223906,1,0,15734.419281085484,898.263563358703,921.8344208577117,3,1,2,28.991273704094468,20,37.030568579601564,45,33.65458794133345,66.34541205866654,Individual House
Clayey,Industrial,30.321239662127233,1,1,18676.297230732645,409.3782711065009,1911.4854618800082,1,2,1,68.0867030556783,30,49.46460056312127,10,43.196496210267725,56.803503789732275,Factory
Black Cotton,Residential,25.042542629747178,0,0,7817.743531373288,713.1845192430361,1885.537941690541,1,1,3,69.45012317637402,40,58.262428950421366,85,66.12315034933624,33.87684965066376,Individual House
Black Cotton,Agricultural,24.415261303450993,0,1,16306.100733728921,612.440090683824,1189.6834086069891,3,2,3,55.689852846277034,40,59.30789782758168,45,51.56842295309238,48.43157704690762,Individual House
Rocky,Commercial,40.00049881402748,1,0,10469.743311550892,530.427043803743,4381.560247914413,3,1,2,43.99987529649313,55,33.33250197662086,45,43.23308184792781,56.76691815207219,Shopping Complex
Loamy,Agricultural,46.32002143157602,0,1,8534.99266491997,154.17836783594464,3394.228677395631,3,2,2,71.16929257194931,15,22.799964280706632,45,44.10924347035892,55.89075652964108,Individual House
Rocky,Commercial,42.31843882164279,1,1,18830.015189876627,814.6708300729805,1399.6965528189965,0,2,3,31.41432135096923,55,29.46926863059535,10,29.11232963048807,70.88767036951194,Shopping Complex
Rocky,Industrial,15.91255556564595,0,1,10697.689085661597,452.74694681172537,1210.6038031451865,2,2,3,37.069120362788716,55,73.47907405725675,45,50.84396064129024,49.15603935870976,Factory
Black Cotton,Commercial,32.16929490789202,1,1,9880.799504891833,991.2119143912927,89.76735499619525,4,0,3,31.7530233729509,40,46.38450848684664,10,31.209685302244473,68.79031469775552,Hospital/Clinic
Red Soil,Residential,48.54020397006846,0,1,13776.253637284519,478.80590373829614,1732.9112689617732,0,2,3,43.79482016242058,20,19.099660049885898,45,34.35310206931867,65.64689793068132,School
Sandy,Residential,31.163724300398094,1,1,5963.449819347404,646.7452397022026,2633.856416576591,1,0,3,48.20906892490048,25,48.0604594993365,10,35.13828899854929,64.86171100145071,Apartment
Sandy,Industrial,34.51428038545216,0,1,7171.0645449779995,78.5405612916113,1388.5547095418822,4,2,0,60.430090416977926,25,42.47619935757974,45,46.769581485337206,53.230418514662794,Factory
Sandy,Commercial,47.412482649395216,1,0,18708.87088853383,1488.8071048582165,3502.29138214885,3,1,3,44.1468793376512,25,20.979195584341298,45,35.696206664263244,64.30379333573676,Shopping Complex
Clayey,Industrial,41.369591844580036,0,0,13892.067063301905,761.4155749127638,2058.7476450563313,1,2,3,61.65760203885499,30,31.05068025903327,85,55.092830778357566,44.907169221642434,Factory
Black Cotton,Residential,27.513970648531593,1,1,16706.105807649106,36.35639124625922,1581.5891850533392,3,2,0,90.57190756415832,40,54.14338225244734,10,53.73601321056725,46.26398678943275,Individual House
Red Soil,Agricultural,54.24769911568204,0,0,6151.123476773163,811.8459881417161,4695.288293951656,3,1,1,46.43807522107949,20,9.58716814052994,85,42.900118362510305,57.099881637489695,Individual House
Clayey,Industrial,13.941188776491323,0,0,11332.013608667568,1305.5309989584746,1314.0043864406953,3,2,1,54.794790534691074,30,76.76468537251446,85,64.11934803027049,35.88065196972951,Factory
Loamy,Agricultural,59.75340467246786,1,1,19456.529072800466,1158.828201399304,1991.2881004832816,4,2,1,46.887410841548665,15,0.4109922125535803,10,21.263341847680426,78.73665815231958,Individual House
Red Soil,Agricultural,11.536891816193046,0,0,7055.374081536134,1051.3600261941813,1911.4539426038596,1,2,1,55.344855898028925,20,80.77184697301159,85,63.813661307563024,36.186338692436976,Individual House
Rocky,Commercial,5.82224841073314,0,1,4049.0530500237955,209.19698189855234,1205.9917283562415,1,1,2,54.1124535505284,55,90.29625264877811,45,61.013421904879465,38.986578095120535,Shopping Complex
Red Soil,Industrial,53.95103956318206,0,0,10706.834156268616,986.6056184812086,1087.3836990520836,3,2,2,28.259914090246156,20,10.081600728029912,85,36.661370113593634,63.338629886406366,Factory
Red Soil,Agricultural,18.472442960127587,0,1,8368.600685772648,1149.4475670183904,1511.900094067018,0,0,3,45.619891141308464,20,69.21259506645401,45,47.52011066607147,52.47988933392853,Individual House
Sandy,Agricultural,45.133479509569646,1,0,4031.967422947557,858.6285959482449,4321.180849655904,2,0,3,44.71663012260759,25,24.777534150717244,45,36.84520408059197,63.15479591940803,Individual House
Red Soil,Commercial,49.60584562126381,0,1,17882.47627136399,1339.1235067805274,3835.4144361464528,0,0,1,47.598538594684044,20,17.323590631226978,45,35.24038616594616,64.75961383405384,Hospital/Clinic
Rocky,Commercial,52.244251506766425,0,0,19823.754300521778,415.48467267732815,3404.997570800261,4,0,1,46.009856762668704,55,12.926247488722638,85,48.835011739114705,51.164988260885295,Hospital/Clinic
Rocky,Residential,59.53768296152917,1,0,11803.061433109957,363.21704960887587,2285.514963212467,2,1,0,47.32255628308515,55,0.7705283974513861,45,36.255526798442645,63.744473201557355,Individual House
Black Cotton,Agricultural,21.17218405219995,0,0,15718.858599095625,1304.354617413969,2538.769923163017,0,2,0,72.70695398695001,40,64.71302657966675,85,68.87569054034918,31.124309459650817,Individual House
Red Soil,Residential,44.06338380599925,1,1,17321.72902137969,938.0973644871787,1335.6942274673017,1,0,0,35.69803859784622,20,26.561026990001253,10,24.63457025674649,75.36542974325351,Apartment
Sandy,Agricultural,11.346992205445552,0,1,14318.658114414711,2.170830781498989,371.57956917958813,0,2,1,50.46459348534044,25,81.08834632425742,45,52.9346943009335,47.0653056990665,Individual House
Red Soil,Residential,27.374511024626717,1,0,1838.964933122893,529.6971127665788,1655.2027836024113,3,2,0,46.26042791589155,20,54.37581495895547,45,44.035103510300914,55.964896489699086,Individual House
Loamy,Commercial,51.63844313219247,0,0,3995.050402619538,1286.7839787220116,2477.9187799618308,4,1,3,49.090389216951884,15,13.935928113012551,85,44.1656182541863,55.8343817458137,Shopping Complex
Loamy,Industrial,25.22119253325096,1,1,2348.794631876343,40.979267462614935,286.5652325966622,0,2,1,48.96725047086361,15,57.9646791112484,10,36.37970744261436,63.62029255738564,Factory
Sandy,Commercial,37.510245929458776,1,0,1187.7125261990745,4.871892392263321,441.16651028553224,0,0,2,45.15345517981015,25,37.48292345090204,45,40.174440175659065,59.825559824340935,Shopping Complex
Black Cotton,Residential,32.70753940485487,1,0,6813.9317663874945,421.88893578769466,1315.1261644228362,2,0,1,60.81230228998133,40,45.487434325241885,45,49.90616438280394,50.09383561719606,Individual House
Black Cotton,Residential,40.527334211162476,0,1,8454.763249149635,1371.0000555139168,1835.401867963808,3,1,2,64.57620380648554,40,32.45444298139587,45,47.96528207761891,52.03471792238109,Individual House
Rocky,Industrial,58.50919141632322,1,1,5579.5649143825885,1352.2163722050245,1966.584055593526,2,0,2,38.704383257789715,55,2.484680972794635,10,24.917704383425058,75.08229561657494,Factory
Rocky,Agricultural,8.065453957577116,0,0,2227.4883136400977,778.1429187022619,589.4303314400256,4,0,1,23.772243139406235,55,86.55757673737148,85,59.45967928313505,40.54032071686495,Individual House
Clayey,Residential,36.567883462589634,1,1,11067.398725896874,829.8553067094339,1129.106772673944,4,1,0,45.440164587831475,30,39.05352756235061,10,32.66743949632867,67.33256050367133,Apartment
Sandy,Residential,52.46658285876566,1,0,6193.067079185691,498.01201697578324,1308.2362603180436,3,1,3,29.167358473122462,25,12.555695235390559,45,28.3474992744405,71.65250072555949,Individual House
Red Soil,Residential,31.47604914616351,1,0,16124.705942407683,365.6049930417148,338.174381006231,2,0,1,26.95817575108085,20,47.539918089727486,45,35.570341035310165,64.42965896468984,Individual House
Sandy,Industrial,9.318995226786505,0,1,1152.9998108803427,1222.8327813181772,1630.4985029484865,3,1,0,46.2802212522731,25,84.46834128868916,45,52.31516276046787,47.68483723953213,Factory
Clayey,Commercial,35.8296643829224,0,0,17008.013974464593,159.44229074946213,361.1078637775361,2,1,2,50.69820373485239,30,40.28389269512933,85,53.56534448098067,46.43465551901933,Shopping Complex
Rocky,Residential,23.264063995310124,1,1,19140.319899973183,731.0315563179537,3517.2892155483505,1,0,2,48.18398400117247,55,61.22656000781646,10,42.92103440236448,57.07896559763552,Apartment
Sandy,Industrial,13.521798193586475,1,1,14606.566199917821,951.5958892456267,1930.2388327865522,3,0,2,51.224327107334425,25,77.46366967735588,10,43.54443190690601,56.45556809309399,Factory
Sandy,Residential,51.69689823059102,1,0,14939.237239988764,155.52043555654382,1633.7619468918735,4,1,2,56.41978824679709,25,13.83850294901498,45,38.20655162363273,61.79344837636727,Individual House
Rocky,Agricultural,33.687973214511686,1,1,18737.68392045193,779.4106432085192,632.6108575180344,2,2,1,18.23022384673277,55,43.853377975813856,10,28.093922840309933,71.90607715969007,Individual House
Clayey,Industrial,56.330202680848664,1,0,4972.354420706633,866.2819318686647,1132.518277224479,1,2,3,40.56781487427742,30,6.116328865252228,45,31.477817422310153,68.52218257768985,Factory
Rocky,Residential,49.3309077531688,1,1,19896.745795962957,1113.7440907610473,1163.526044695618,4,0,2,24.93779395562016,55,17.781820411385326,10,23.923682987313388,76.07631701268662,Apartment
Black Cotton,Industrial,43.11344865755171,1,0,15696.142864192296,352.2540737212993,4926.021074366515,2,0,0,76.08639341233412,40,28.144252237413824,45,50.9163007536704,49.0836992463296,Factory
Red Soil,Residential,5.276402685092156,1,1,14804.84345822808,439.99125493613747,4176.746897542466,1,2,0,62.28142403255871,20,91.2059955248464,10,50.09999729260715,49.90000270739285,Individual House
Rocky,Commercial,28.530290115103746,0,0,7860.721000910562,854.2817199495502,76.31145816715812,4,1,3,8.393656634567225,55,52.44951647482709,85,45.550158940805304,54.449841059194696,Shopping Complex
Clayey,Residential,15.861745490861777,1,0,11369.7722227066,1474.6896149724212,3084.1829538423985,4,2,3,68.03456362728456,30,73.56375751523038,45,57.953036648357184,42.046963351642816,Individual House
Loamy,Industrial,55.093885107687726,0,1,13424.437977193593,326.23977423017163,1279.5504821096188,1,2,3,44.243151911460146,15,8.1768581538538,45,31.029317707474497,68.97068229252551,Factory
Black Cotton,Agricultural,14.602119157199814,1,0,12786.514365027102,1478.855740685196,521.8846440979213,4,0,2,44.787163092658474,40,75.66313473800031,45,51.84129076693054,48.15870923306946,Individual House
Loamy,Agricultural,20.733302841260702,0,0,14394.708131074034,1071.513799581722,3527.9988155987735,2,1,1,56.816674289684826,15,65.44449526456549,85,59.746959817531064,40.253040182468936,Individual House
Rocky,Agricultural,33.42602222539745,0,0,2565.253042489802,1239.1231044450349,658.0277473417461,2,2,2,18.80404939048556,55,44.289962957670916,85,47.15390802608768,52.84609197391232,Individual House
Black Cotton,Residential,19.48499904489436,1,0,7757.320223802239,134.46190235450882,2218.7038976486783,4,1,2,95.06103609750588,40,67.52500159184274,45,67.40261303208774,32.59738696791226,Individual House
Red Soil,Commercial,16.542557250351663,0,0,9246.000315314066,450.6302811459484,3160.8258241996214,0,0,0,58.82654381865518,20,72.4290712494139,85,62.94655814888279,37.05344185111721,Shopping Complex
Rocky,Residential,37.950462880651386,0,0,5951.956659624363,86.60441947647158,2772.4737807749434,1,2,1,69.31611911124885,55,36.74922853224769,85,62.94794882199902,37.05205117800098,Individual House
Red Soil,Agricultural,9.891123751526312,1,1,4279.918135115251,557.3204925047628,4888.145491513715,0,0,1,57.52721906211842,20,83.51479374745615,10,46.51322510860548,53.48677489139452,Individual House
Sandy,Industrial,8.19922672965086,1,1,3639.622118344393,1471.9344898800778,3928.713065612613,2,2,0,53.950193317587285,25,86.33462211724857,10,46.71622319046769,53.28377680953231,Factory
Loamy,Agricultural,25.47349123523393,1,1,7961.2844528751175,157.9095933095077,3870.966880637449,4,1,0,76.15705159262104,15,57.54418127461012,10,45.79101337606989,54.20898662393011,Individual House
Black Cotton,Industrial,44.636544997932425,0,1,10375.392310688752,843.5591735567992,1777.9769704051562,3,0,0,62.40040315862002,40,25.60575833677929,45,45.491580689711824,54.508419310288176,Factory
Red Soil,Commercial,35.514371705067134,1,0,2196.552362786553,9.105934220718481,41.97746042070849,3,1,3,41.41460022890428,20,40.80938049155478,45,38.94745520300519,61.05254479699481,Shopping Complex
Clayey,Industrial,28.258205765672837,0,0,18982.70379722044,1069.0242240660941,3672.0546483534417,0,2,1,64.9354485585818,30,52.90299039054528,85,61.70315459313995,38.29684540686005,Factory
Red Soil,Residential,36.11633603235203,1,1,15539.62313435441,295.7890385580616,4998.660421478362,0,0,0,63.2235736784283,20,39.80610661274662,10,37.57977744063656,62.42022255936344,School
Clayey,Residential,25.099831655930046,1,0,14886.183690523865,194.37680568714438,2029.395538718078,0,1,0,84.06243374478882,30,58.16694724011659,45,59.71358862070523,40.28641137929477,School
Rocky,Residential,56.48804844876621,0,1,4284.349974785811,505.52671824118147,4927.592494785587,2,1,0,39.877987887808445,55,5.853252585389654,45,34.920608907080364,65.07939109291964,Individual House
Black Cotton,Industrial,8.019769000092587,0,0,12472.21459223159,1156.5664469084722,708.5405476717322,2,2,2,50.16586870341149,40,86.63371833317902,85,66.46648362948878,33.53351637051122,Factory
Red Soil,Residential,42.036531346640935,0,0,11064.773989364681,159.91962946681622,1482.561758183587,4,0,1,59.546924559002534,20,29.939114422265106,85,52.57620220121716,47.42379779878284,Individual House
Red Soil,Residential,54.02054656552628,1,1,19666.90806994718,344.7584936980431,853.6346587123534,2,1,1,32.88204691098291,20,9.965755724122857,10,19.50015534987473,80.49984465012527,Apartment
Black Cotton,Residential,49.213658980438936,1,0,15205.763631523001,12.696632425964305,2375.879864634079,4,0,3,94.9347873093324,40,17.97723503260177,45,54.97148431641678,45.02851568358322,Individual House
Red Soil,Commercial,15.12225691517957,1,1,11939.475790608392,1452.622294043427,3984.907007536102,4,0,2,56.219435771205106,20,74.79623847470071,10,43.875862138596965,56.124137861403035,Shopping Complex
Clayey,Industrial,21.27594919391586,0,1,17165.44066293232,888.2183999832957,1703.3084576897695,0,0,1,60.74718185531642,30,64.54008467680691,45,53.14653481856247,46.85346518143753,Factory
Red Soil,Industrial,44.43763662889076,0,1,3946.79114635348,1079.849454577049,4531.144685759357,3,0,3,48.890590842777314,20,25.93727228518206,45,37.84602486626757,62.15397513373243,Factory
Loamy,Agricultural,9.634880754942104,0,0,1289.1140641285667,977.0747567340218,2724.1520666489255,0,2,3,59.59127981126447,15,83.94186540842982,85,65.34241428605002,34.657585713949985,Individual House
Rocky,Industrial,49.65239349079212,0,0,14114.433334875941,216.54683830451154,2327.1220687093864,2,1,0,58.59409132903127,55,17.246010848679788,85,54.31943467733089,45.68056532266911,Factory
Sandy,Commercial,44.53988195326347,1,1,2867.917744507512,892.4099084909911,3935.1792109763815,1,0,3,44.865029511684135,25,25.76686341122756,10,28.394476181896337,71.60552381810366,Shopping Complex
Clayey,Industrial,45.12836570794384,0,0,3193.2391596866746,197.12339271189316,507.2174852089228,2,1,3,49.03485471447891,30,24.78605715342694,85,49.10871343842435,50.89128656157565,Factory
Loamy,Commercial,10.513275364717526,0,1,15148.93380206608,601.8546809446918,3868.7623560533734,3,1,2,59.37168115882062,15,82.47787439213747,45,54.89955700362158,45.10044299637842,Shopping Complex
Rocky,Commercial,44.476829964892694,1,1,6140.162038545793,853.4447038879396,1214.7600008641334,2,1,0,27.175992526059495,55,25.87195005851217,10,26.729584898748865,73.27041510125113,Hotel/Resort
Black Cotton,Industrial,42.38999688709835,1,0,12943.993095808964,838.3216711532339,1404.0627359161879,3,2,0,55.48375549654918,40,29.35000518816942,45,44.00681572083457,55.99318427916543,Factory
Clayey,Agricultural,50.70073699520178,0,1,18430.73159576222,178.61013897411144,2997.268866600399,1,0,0,78.60820741275286,30,15.4987716746637,45,47.137565513129424,52.862434486870576,Individual House
Sandy,Residential,7.2877775941058225,0,0,7013.016101119309,51.65395446978327,4509.672125231025,1,0,3,81.07881833328655,25,87.85370400982363,85,75.34101241910619,24.658987580893807,Individual House
Rocky,Residential,6.271086765728571,0,0,5125.738998958457,1197.3514708107207,2892.034748854324,4,1,0,52.43222830856786,55,89.54818872378571,85,70.23832708894517,29.76167291105483,Individual House
Sandy,Industrial,25.51539049332084,0,0,3024.6947910799827,1088.883655494008,3244.7467439724346,2,1,1,49.62115237666979,25,57.4743491777986,85,56.73599062628408,43.26400937371592,Factory
Black Cotton,Industrial,13.183355611703409,0,1,3478.7848669747964,122.7283568471071,3882.972948026371,4,2,2,97.34045968624773,40,78.02774064716098,45,70.82609605197695,29.173903948023053,Factory
Black Cotton,Commercial,35.711146266362206,0,1,2182.231212198012,191.12327820233017,1296.6237949624337,0,2,2,73.5372926405183,40,40.48142288939632,45,53.108408146530486,46.891591853469514,Shopping Complex
Clayey,Industrial,55.45418958287119,1,0,2665.2051977650626,1338.8756645844305,4136.168364020713,0,1,3,58.136452604282205,30,7.5763506952146855,45,37.99184608530244,62.00815391469756,Factory
Red Soil,Commercial,26.531385168370864,1,0,9208.087187373925,1153.6933524326698,2089.8007453357486,0,0,0,53.367153707907285,20,55.7810247193819,45,46.87375997761302,53.12624002238698,Shopping Complex
Black Cotton,Agricultural,51.47227074999323,1,1,7096.435855455425,1494.2404443250111,878.2784674558125,0,2,2,42.697501661617935,40,14.212882083344624,10,26.99734610240243,73.00265389759757,Individual House
Rocky,Industrial,5.013248098482656,1,0,14424.655472136961,380.98117380753257,1750.5903973056247,0,0,3,54.899625493039885,55,91.64458650252891,45,61.626015548196186,38.373984451803814,Factory
Red Soil,Residential,14.268305390255131,0,0,17534.591506693036,731.7044833032223,1230.6555585911267,2,2,3,41.046034824258754,20,76.21949101624145,85,57.67098494255092,42.32901505744908,Individual House
Loamy,Residential,6.673294680974709,0,1,15910.690859705303,354.6893640935335,1143.5680256782293,4,0,2,51.92167499770889,15,88.87784219837549,45,53.89204679879198,46.10795320120802,Individual House
Sandy,Industrial,23.048094928328776,0,1,11082.107876647391,934.2002077159647,1412.8159935958306,4,1,0,38.494296139834425,25,61.586508452785374,45,43.86963076213839,56.13036923786161,Factory
Red Soil,Commercial,54.95042776330766,0,1,2946.400208420415,173.12135863697696,904.6540737104475,3,2,0,43.968193015163415,20,8.415953727820565,45,31.742855987262335,68.25714401273767,Shopping Complex
Sandy,Residential,10.332366797944326,1,0,14485.578394889517,190.86475911454966,3338.5087854132144,0,1,1,71.96502275364095,25,82.77938867009279,45,60.882605131297524,39.117394868702476,Individual House
Red Soil,Commercial,38.35253772090902,0,1,7893.745769810597,107.83183710768395,2899.958785175586,1,2,1,73.9419553433117,20,36.079103798484965,45,49.14946031978033,50.85053968021967,Shopping Complex
Loamy,Industrial,29.83227665156943,0,1,2627.3574843927936,1040.3791233962504,3242.209464917142,3,1,0,54.54193083710764,15,50.27953891405095,45,45.15956052150041,54.84043947849959,Factory
Black Cotton,Industrial,56.615751680119686,0,1,17006.861737039886,741.1088661498102,1718.6236191408022,3,2,1,58.218534462786124,40,5.640413866467185,45,39.03659052859194,60.96340947140806,Factory
Loamy,Residential,11.738552839540162,0,1,7426.113826467606,926.596824531945,3848.6670128702217,2,2,1,59.06536179011496,15,80.43574526743306,45,54.281812943398506,45.718187056601494,Individual House
Black Cotton,Industrial,16.661531777622592,1,1,5146.727817719856,1318.9515698840385,648.0437047708238,3,2,2,46.79549115101082,40,72.230780370629,10,42.93611699551104,57.06388300448896,Factory
Black Cotton,Agricultural,6.62480827363213,0,1,17557.58922775802,1110.492727133038,2855.683547306801,1,0,0,76.34379793159196,40,88.95865287727977,45,66.20999249537712,33.79000750462288,Individual House
Sandy,Agricultural,28.866438729725555,1,1,18140.543500493095,692.5843772500365,1377.2648612323696,4,0,2,36.328687542216,25,51.88926878379074,10,31.937357835723283,68.06264216427672,Individual House
Rocky,Residential,20.280809476055985,0,0,7440.4459066396375,1476.5339825913397,2638.049503488057,3,2,2,48.929797630986,55,66.19865087324001,85,63.1750918891551,36.8249081108449,Individual House
Loamy,Agricultural,52.84482636396765,0,1,7741.226966346095,684.3841517129598,1618.1858762011957,2,1,3,41.152510933032005,15,11.925289393387246,45,30.88470117490801,69.115298825092,Individual House
Red Soil,Commercial,38.27174472587653,0,0,12012.942024079737,168.67600985029978,3952.5588254564764,0,1,0,70.31150322751287,20,36.21375879020579,85,57.91246582718095,42.08753417281905,Shopping Complex
Loamy,Residential,38.77499058866359,1,0,14935.388382402505,1488.982120879074,4456.359194190473,1,2,2,52.3062523528341,15,35.37501568556068,45,40.6509422448821,59.3490577551179,Individual House
Sandy,Residential,34.25508832847163,0,1,2199.834836230406,34.23109502227095,3712.906116858156,0,0,1,75.38236221654583,25,42.90818611921395,45,52.110873305594524,47.889126694405476,Individual House
Black Cotton,Commercial,10.051768547606056,0,0,12273.529486580963,824.8253392316282,877.9185642462339,3,0,3,53.04542914802316,40,83.24705242065657,85,66.62766330697225,33.37233669302775,Shopping Complex
Sandy,Agricultural,29.47602760489454,0,1,19103.58117388805,463.6432330495639,1374.3344919418116,4,0,1,38.29908895463877,25,50.87328732517577,45,41.12300296541751,58.87699703458249,Individual House
Clayey,Agricultural,59.97278543396841,1,0,5979.78404641912,755.3282265254772,4596.790327592079,2,0,3,57.0068036415079,30,0.0453576100526476,45,35.713720677040925,64.28627932295907,Individual House
Clayey,Agricultural,50.937610996530815,1,1,18267.717067841742,838.0694288917824,2186.1006382910064,1,1,1,59.265597250867295,30,15.10398167244864,10,31.51895445591571,68.48104554408428,Individual House
Red Soil,Residential,54.14024797919137,0,0,19053.19847449878,360.1438444177314,4705.902046746334,4,2,1,54.85630734013827,20,9.766253368014375,85,45.89127091105199,54.10872908894801,Individual House
Sandy,Residential,50.27744975855747,1,1,6113.919178450705,835.2881336058928,1962.258444311334,1,2,1,42.675806446587316,25,16.204250402404213,10,25.23759485690661,74.76240514309339,Apartment
Red Soil,Agricultural,10.667293138704046,0,1,15329.83545182166,1134.0916680083062,4758.873302953319,2,2,2,57.33317671532399,20,82.22117810215993,45,54.87190637590338,45.12809362409662,Individual House
Red Soil,Industrial,17.509653973563978,0,0,5536.72515807164,399.76475586599753,4628.694938666655,2,1,0,61.63670115464915,20,70.81724337739337,85,63.52715624847555,36.47284375152445,Factory
Clayey,Agricultural,5.171690824602529,1,0,15014.61207291052,575.1391999708607,3302.634449933081,3,0,3,70.70707729384937,30,91.38051529232912,45,63.34260587592956,36.65739412407044,Individual House
Red Soil,Commercial,21.693056868296132,0,1,16150.979454487693,402.36403974608686,44.1352423075142,1,0,2,21.317598244311036,20,63.84490521950645,45,37.672385690385475,62.327614309614525,Shopping Complex
Clayey,Residential,10.973407129057092,0,0,5696.9083705023395,1230.8395964823037,2001.6734098796846,3,1,3,69.25664821773573,30,81.71098811823818,85,70.41757390576706,29.582426094232943,Individual House
Black Cotton,Commercial,31.003633991587066,1,1,14601.521328081464,1087.473388814395,4556.175648477979,1,1,2,70.24909150210323,40,48.32727668068822,10,45.16900119590818,54.83099880409182,Shopping Complex
Sandy,Commercial,42.24201187156461,1,0,16429.986238417707,1306.794655827611,4425.551445540574,1,2,3,45.43949703210885,25,29.596646880725658,45,38.30298568141951,61.69701431858049,Shopping Complex
Red Soil,Residential,53.09779122709424,1,1,7812.998570031324,255.07483935248894,936.9390004805683,0,2,3,40.159841841688475,20,11.503681288176253,10,22.43186496663503,77.56813503336497,School
Clayey,Industrial,46.2069440799994,1,0,4186.352743804811,110.36945723962732,1995.912479845513,3,1,1,83.74434614253276,30,22.988426533334334,45,50.80762778322005,49.19237221677995,Factory
Loamy,Agricultural,56.622207767817784,0,1,2747.3267790327577,179.07525578801003,4177.549639397358,1,1,3,67.09993271076496,15,5.629653720303693,45,38.39238987884366,61.60761012115634,Individual House
Red Soil,Commercial,7.964405971658383,0,0,11932.252368588895,241.52749923635457,2889.3892662502717,1,1,3,73.51724855290414,20,86.72599004723602,85,71.66253450532545,28.337465494674547,Shopping Complex
Rocky,Residential,5.66989094790978,0,1,19583.864266998553,799.6239910122035,4236.496167231003,2,0,1,52.582527263022556,55,90.5501817534837,45,60.541429980428816,39.458570019571184,Individual House
Black Cotton,Commercial,41.3735962609917,0,0,16636.056080422106,1456.3681055441473,4132.8369222428155,0,2,2,67.65660093475208,40,31.044006231680513,85,58.69081188508335,41.30918811491665,Shopping Complex
Black Cotton,Agricultural,20.914382562223544,0,1,9280.953139756502,535.8531249251731,4537.410034762415,2,1,2,72.77140435944412,40,65.14269572962743,45,59.0056654582123,40.9943345417877,Individual House
Loamy,Industrial,18.942555885817523,0,0,11195.797154244212,1437.7624040403077,586.1029409729085,3,1,0,28.986419848003788,15,68.42907352363747,85,50.7525153277107,49.2474846722893,Factory
Clayey,Industrial,23.198789823158684,0,0,6311.02982282456,57.30119248376958,726.0757072675783,3,0,0,67.28374514053571,30,61.33535029473553,85,64.63314837287137,35.366851627128625,Factory
Red Soil,Industrial,19.83878318408003,0,1,4098.251479841208,1390.3083042219876,414.04514484526254,1,1,0,23.321207100885246,20,66.93536135986662,45,39.146262825276494,60.853737174723506,Factory
Clayey,Residential,33.1290023465873,1,0,10159.542006413192,271.7289109574568,4676.3442054771585,4,2,0,77.41401475590577,30,44.78499608902117,45,54.04115418682231,45.95884581317769,Individual House
Black Cotton,Residential,29.208164597327286,0,0,9806.529757176519,1368.7124785790231,2375.811921889466,2,0,3,70.69795885066817,40,51.31972567112119,85,64.82421701551417,35.175782984485835,Individual House
Clayey,Industrial,33.1835703257161,0,1,10916.669103271444,84.34114517319175,321.62641741224076,3,1,3,55.07616705642429,30,44.69404945713984,45,46.20017083403346,53.79982916596654,Factory
Black Cotton,Agricultural,41.99924863252399,0,1,19103.287125714876,1422.329171242549,1607.649512570206,1,2,0,59.65317809327313,40,30.00125227912669,45,45.628925402427264,54.371074597572736,Individual House
Clayey,Agricultural,26.29217799341316,0,1,12474.010702750673,301.19739647829124,1757.0632056498341,1,2,1,72.49637582594592,30,56.179703344311406,45,55.16865737515892,44.83134262484108,Individual House
Loamy,Residential,18.821922792818626,0,1,12509.6648958251,454.0710901097411,4047.7991173837863,2,0,0,60.050253895210886,15,68.63012867863563,45,51.675121032982716,48.324878967017284,Individual House
Sandy,Industrial,14.141029524481,1,0,3432.470494360459,736.4135161544372,3677.3844608546146,1,2,2,52.464742618879754,25,76.43161745919834,45,52.4705642814075,47.5294357185925,Factory
Loamy,Agricultural,24.221076574294404,1,0,19933.288457359587,571.0813218532128,3446.9352478128453,0,0,3,55.944730856426396,15,59.631539042842654,45,47.9885405604599,52.0114594395401,Individual House
Loamy,Agricultural,45.799356138539466,1,0,15684.053940458702,1001.2919538947249,109.31776295689366,4,2,1,12.736516224503006,15,23.66773976910089,45,23.874715620851276,76.12528437914872,Individual House
Sandy,Agricultural,46.61877005613083,0,1,17666.863537786092,1462.211650875116,4553.478982131894,2,1,2,44.3453074859673,25,22.302049906448616,45,36.09637009670071,63.90362990329929,Individual House
Sandy,Residential,41.679796267631566,0,0,8871.707824788888,909.639736207411,1077.7763345787077,2,0,1,27.13557762466626,25,30.53367288728073,85,42.130870390453374,57.869129609546626,Individual House
Red Soil,Industrial,17.871549641878104,0,0,10540.433819926873,1082.228114154824,3145.3070234633888,2,2,1,55.53211258953047,20,70.21408393020316,85,61.23976038888645,38.76023961111355,Factory
Red Soil,Commercial,37.34474352200837,0,1,10919.592374083253,132.00787545855223,309.0952150570958,1,0,0,38.92524589312669,20,37.758760796652716,45,37.31352626175752,62.68647373824248,Hospital/Clinic
Loamy,Industrial,36.387931386726635,1,0,4687.796246502498,941.718643605008,407.63045936027254,1,2,2,21.05562634052379,15,39.35344768878895,45,30.707831141380563,69.29216885861943,Factory
Loamy,Industrial,31.634640896034902,1,0,14100.293970212186,680.7746655696197,47.88648065061074,2,0,0,15.04906938900349,15,47.275598506608496,45,30.586073912803347,69.41392608719666,Factory
Black Cotton,Residential,35.24884425111253,0,1,18156.557748731677,1328.6735368794425,2829.638222726653,2,1,2,69.18778893722187,40,41.251926248145786,45,51.778707690064095,48.221292309935905,Individual House
Black Cotton,Agricultural,32.04848479430174,0,0,4110.410544629961,582.316649464653,3146.8983480845236,0,0,3,69.98787880142456,40,46.58585867616376,85,63.392222249539536,36.607777750460464,Individual House
Red Soil,Agricultural,36.10010013407595,1,1,2640.0471962371257,1019.1812160748786,252.31151616614378,3,0,2,16.021205289803888,20,39.83316644320675,10,21.06571346223305,78.93428653776695,Individual House
Rocky,Residential,44.35282750416208,1,1,15026.159205266502,342.2305923886186,1452.4244238201945,0,1,3,41.42644605704625,55,26.07862082639653,10,31.768911326565316,68.23108867343468,School
Rocky,Residential,11.029550692189186,1,0,6190.834801786659,389.05880028629394,4257.272070890083,2,2,3,57.89908430977507,55,81.61741551301802,45,60.16903338667578,39.83096661332422,Individual House
Red Soil,Residential,46.229416368196304,1,0,12853.388290729257,564.1836463834104,506.5418341145705,1,1,0,18.573482590242335,20,22.95097271967282,45,26.48846208650302,73.51153791349698,Individual House
Black Cotton,Residential,12.473738257017681,1,0,14219.408421851433,456.09530625975407,1082.7358227666562,1,0,3,59.170563515493455,40,79.21043623830387,45,57.762306289998676,42.237693710001324,Individual House
Black Cotton,Residential,8.664539912570609,1,1,7116.304508054614,380.81825908511223,2121.956042362135,2,1,0,82.98476947675061,40,85.55910014571565,10,58.934444353291624,41.065555646708376,Individual House
Rocky,Commercial,58.684382742180716,1,1,16487.747351089904,74.50305885121395,4211.37051316558,3,1,1,64.85872078338198,55,2.1926954296988157,10,33.99872613160839,66.0012738683916,Shopping Complex
Clayey,Industrial,57.634547287874284,0,0,11449.79066017012,1255.1194976286886,1274.2452723760211,4,0,1,43.07626862555185,30,3.9424211868761887,85,41.812299315662194,58.187700684337806,Factory
Clayey,Industrial,8.324009971731023,0,0,17510.988751084253,96.45229633692648,4985.6850768167105,4,0,1,94.13185972685166,30,86.12665004711496,85,80.22781341617682,19.772186583823185,Factory
Black Cotton,Industrial,29.378939281122918,1,1,15502.577498620003,1331.0482734044515,1776.3090656926418,0,1,2,66.1814464935721,40,51.035101198128466,10,44.42228157228235,55.57771842771765,Factory
Clayey,Agricultural,15.24347160648761,0,0,17502.937008711622,188.1980836020904,1932.2432924181155,3,0,3,85.54211293061498,30,74.59421398918732,85,74.33829302301207,25.66170697698793,Individual House
Sandy,Commercial,31.693969342392993,1,0,1383.0662602399877,97.89260559398855,610.5310211539717,4,2,0,44.41357175184187,25,47.176717762678344,45,42.33892955381424,57.66107044618576,Shopping Complex
Red Soil,Industrial,50.659748364977304,0,1,5626.6189540333,844.5071459710457,3400.989504282654,3,2,1,47.335062908755674,20,15.56708605837116,45,34.709043532657276,65.29095646734272,Factory
Red Soil,Agricultural,57.283647610858964,1,0,2710.150868472834,753.6626888620826,1217.325913922408,1,2,0,30.025606375733418,20,4.527253981901723,45,25.890775726982127,74.10922427301787,Individual House
Black Cotton,Commercial,39.88389593983455,0,0,9399.577326597635,736.8518532478276,3144.3379764752317,1,2,1,68.02902601504137,40,33.52684010027575,85,59.441869130333416,40.558130869666584,Shopping Complex
Loamy,Commercial,24.46481169664994,1,0,17909.242310691046,861.7564912520967,1115.7886420146328,3,1,3,38.199569916130166,15,59.22531383891677,45,41.67617793037475,58.32382206962525,Shopping Complex
Rocky,Agricultural,38.18290611045291,0,0,9883.264983070514,430.5849091787336,1939.3613361323398,2,1,1,47.40640564430956,55,36.36182314924514,85,55.18269776281963,44.81730223718037,Individual House
Black Cotton,Commercial,22.160071835964768,0,1,17144.54784702749,994.4239101444168,4283.360459772088,4,1,0,72.45998204100881,40,63.06654694005872,45,58.377630449367764,41.622369550632236,Shopping Complex
Clayey,Agricultural,55.04030024576332,1,1,7216.38652236704,753.6033295607749,3694.52955737035,4,0,1,58.23992493855917,30,8.26616625706113,10,29.45051529276099,70.549484707239,Individual House
Rocky,Industrial,52.872025470821036,1,1,7451.831383299796,502.1152004359879,772.9544997186172,1,1,0,16.241083626667084,55,11.879957548631609,10,19.404368656491382,80.59563134350861,Factory
Loamy,Agricultural,35.70274626538135,1,1,18015.672876210672,1239.751000471092,3038.540836870507,0,1,1,53.074313433654666,15,40.49542289103108,10,33.4498654245369,66.55013457546309,Individual House
Clayey,Commercial,22.86394034591983,0,0,9090.525783722329,1091.5816444900652,3143.2032583690466,4,0,0,66.28401491352004,30,61.89343275680029,85,64.42276340893208,35.577236591067916,Shopping Complex
Sandy,Industrial,21.13643215706381,0,0,16005.544268098662,590.4155129169329,452.8423675093052,1,0,1,19.77273931092015,25,64.77261307156033,85,48.11361202671213,51.88638797328787,Factory
Clayey,Industrial,6.83798970877827,0,0,5496.227409756126,1271.426677843309,2329.028271679679,1,0,3,70.29050257280544,30,88.60335048536955,85,72.50251352182428,27.497486478175716,Factory
Sandy,Residential,49.87014680639124,0,0,19027.215763875072,1380.3873751676613,1303.3419783380396,3,2,1,29.599302865162983,25,16.883088656014593,85,39.580528166810694,60.419471833189306,Individual House
Rocky,Residential,29.771076717145437,1,1,11916.986684080852,805.2994006265437,2335.6507138174147,3,1,2,46.55723082071364,55,50.381538804757604,10,39.640415488439174,60.359584511560826,Apartment
Sandy,Commercial,22.882311062014544,1,0,15427.147802989635,322.42867523538115,3885.354956614375,3,1,0,60.9337017203735,25,61.862814896642426,45,51.79249932629133,48.20750067370867,Shopping Complex
Rocky,Agricultural,30.911069524876464,0,0,2700.7982961028247,1373.6882348204804,791.2977990515984,0,1,1,22.09818859981285,55,48.481550791872564,85,49.35475370790264,50.64524629209736,Individual House
Rocky,Agricultural,50.03058947500586,1,1,10360.620290780045,284.2194301432758,616.5210279402189,4,0,2,26.769607381456368,55,16.61568420832357,10,24.273283635590623,75.72671636440938,Individual House
Rocky,Commercial,11.853781423913665,1,1,18119.73145694644,72.63483962590372,1346.5824755288647,0,1,0,63.61011377704465,55,80.24369762681056,10,53.07446422866826,46.92553577133174,Shopping Complex
Rocky,Industrial,52.1710793533005,1,1,17663.733951822785,491.2305133096963,4761.377251732916,0,2,1,41.4833993630931,55,13.048201077832502,10,28.53124004654071,71.46875995345928,Factory
Rocky,Commercial,54.36298593095947,1,0,1889.4651874503234,1090.4495166915597,3739.1210559248316,3,1,1,40.40925351726013,55,9.395023448400892,45,35.99199459314127,64.00800540685873,Shopping Complex
Clayey,Commercial,57.06893532686385,0,1,6770.270913449987,1384.9111295303242,97.27931407273293,1,1,3,19.678352449738696,30,4.885107788560248,45,23.858700304548606,76.1412996954514,Shopping Complex
Rocky,Industrial,26.861839583244528,1,0,9423.080123102522,955.9284702216598,2005.0242124168833,2,0,1,47.28454010418887,55,55.23026736125912,45,49.85715587678088,50.14284412321912,Factory
Clayey,Agricultural,16.942722222071954,1,0,4273.031472759976,1427.75782044999,1286.9898954019259,1,2,0,53.50411735252053,30,71.76212962988008,45,52.41697348085221,47.58302651914779,Individual House
Rocky,Commercial,25.550245015668416,1,1,14869.967908809436,138.55625891384494,3190.7228418608697,1,1,2,69.2990632112522,55,57.41625830721931,10,49.358736700743094,50.641263299256906,Shopping Complex
Sandy,Agricultural,23.31016529272718,0,1,4505.727916375519,91.13059438203008,2296.4622676709655,1,0,1,74.70462301389641,25,61.14972451212137,45,56.434049182894086,43.565950817105914,Individual House
Rocky,Commercial,14.688465187657304,1,1,7586.154193027837,906.2879261154961,4822.492624319704,1,2,2,50.327883703085675,55,75.51922468723782,10,47.244565467889444,52.755434532110556,Shopping Complex
Loamy,Industrial,38.399666855581835,0,0,13602.332100298547,1449.1744837391323,1094.892254921191,0,2,0,34.297928384528355,15,36.00055524069694,85,44.50441374475916,55.49558625524084,Factory
Rocky,Industrial,31.214328827974587,0,0,10159.697545965118,754.081963432086,2939.2820799947035,3,0,0,46.196417793006354,55,47.97611862004235,85,57.66277588256281,42.33722411743719,Factory
Rocky,Residential,52.6135545778202,1,0,15032.849734062982,77.2728389089577,3501.050074951113,3,0,1,66.21024102100749,55,12.310742370299664,45,45.75126994992753,54.24873005007247,Individual House
Sandy,Industrial,6.766026926513204,1,1,19262.950123234335,331.82798411618427,4127.822446726908,1,0,3,64.39881422140064,25,88.72328845581133,10,50.97040709144305,49.02959290855695,Factory
Red Soil,Residential,40.41273601553195,0,0,3214.3870665887525,367.189359623656,2034.8551521400354,2,0,1,57.86545441869765,20,32.645439974113415,85,52.664269040072526,47.335730959927474,Individual House
Sandy,Commercial,46.96218831813586,0,0,14481.786611563157,506.785693705425,3434.6095382874078,4,0,3,44.25945292046603,25,21.729686136440236,85,45.92323005627317,54.07676994372683,Hospital/Clinic
Loamy,Agricultural,46.77176130535689,0,0,5376.538957010176,65.40507537931894,1516.007356921414,1,0,1,66.70290228932991,15,22.04706449107185,85,52.35778192403343,47.64221807596657,Individual House
Red Soil,Industrial,53.73406819025388,0,0,8875.057820743816,1357.3390507468744,2177.3804618091012,1,1,2,46.56648295243653,20,10.443219682910197,85,43.159073954080334,56.840926045919666,Factory
Black Cotton,Industrial,45.096855855622174,1,1,1624.3917901076566,773.3459170822429,4478.135656016996,2,0,3,66.72578603609446,40,24.838573573963046,10,38.06366850612382,61.93633149387618,Factory
Black Cotton,Industrial,56.0295533906233,0,0,3582.24026356128,1006.3961894311636,4749.538046654771,0,0,3,63.99261165234417,40,6.617411015627837,85,51.301766832227415,48.698233167772585,Factory
Loamy,Commercial,23.29611299014903,1,1,7075.768491929094,100.75925534251346,3594.086734636324,1,2,2,80.13041643191193,15,61.17314501641828,10,48.08893200527374,51.91106799472626,Shopping Complex
Sandy,Residential,32.67651792133487,1,1,7497.730300471714,81.1732017054741,1871.759453880925,2,2,1,70.39566749495633,25,45.539136797775214,10,42.27326782267852,57.72673217732148,Individual House
Clayey,Commercial,5.774381480558987,0,0,18092.11911277982,879.7016580608208,4100.28894987332,0,2,0,70.55640462986025,30,90.37603086573502,85,73.03874933688485,26.961250663115152,Shopping Complex
Loamy,Agricultural,5.382667301681017,1,0,15094.445276063787,1330.944015756312,129.33540862710092,0,0,0,23.241041347121765,15,91.02888783053164,45,44.391586429125525,55.608413570874475,Individual House
Red Soil,Commercial,18.206964124833593,0,1,19471.476395553782,792.7230014393205,513.7295526971053,1,0,1,25.72285002273371,20,69.65505979194401,45,40.6667624559428,59.3332375440572,Shopping Complex
Red Soil,Agricultural,10.544395842649688,0,0,12382.35869636957,1316.7287588551071,3306.8686818768056,0,1,2,57.36390103933758,20,82.42600692891719,85,64.93386709599744,35.06613290400256,Individual House
Rocky,Industrial,19.311625236466448,0,1,5592.560909735042,1216.486909582859,1456.2428763502871,1,1,0,38.29695121788913,55,67.81395793922258,45,49.857422411066835,50.142577588933165,Factory
Black Cotton,Agricultural,14.737381199061858,1,0,7225.445568511214,113.78067869238112,4756.931092002389,1,1,2,97.48881397869167,40,75.43769800156358,45,70.23050939293297,29.769490607067027,Individual House
Red Soil,Agricultural,6.5686013661256535,1,0,7076.882542547374,302.9362115785348,2180.3030604615237,3,1,1,70.1816769637565,20,89.05233105645725,45,61.07666970142908,38.92333029857092,Individual House
Loamy,Residential,55.011728052332714,0,1,7203.39222560178,986.5660037330138,2146.824101945885,4,0,2,48.24706798691682,15,8.313786579445477,45,32.464920440282256,67.53507955971774,Individual House
Red Soil,Agricultural,5.4522722263890335,1,0,13786.319289124498,665.2520738250623,3390.3975509546563,4,2,2,58.63693194340274,20,90.91287962268494,45,57.50114608586219,42.49885391413781,Individual House
Loamy,Agricultural,45.484517938539696,1,1,11085.350633717908,436.0497204703808,3837.842811530948,3,0,2,54.46588728714222,15,24.192470102433845,10,29.86117807610824,70.13882192389175,Individual House
Clayey,Commercial,13.368133780573409,1,1,8323.059383646243,627.9507840719687,2377.7936906256823,1,0,0,68.65796655485664,30,77.71977703237765,10,50.46023255229424,49.53976744770576,Shopping Complex
Rocky,Industrial,55.172629209978,1,0,3832.7056058456155,667.7994694059515,1070.0045085586207,2,0,2,21.606932868677916,55,8.045617983370008,45,29.07383099987977,70.92616900012023,Factory
Black Cotton,Commercial,54.10377667744372,1,1,1420.6440959007723,1365.8283762323947,3866.543213628108,0,0,3,64.47405583063907,40,9.82703887092714,10,33.522679258455454,66.47732074154455,Shopping Complex
Red Soil,Commercial,40.96456305030915,0,0,5157.85887416616,155.18742555742955,1601.7563743681378,3,2,2,62.4827411913397,20,31.725728249484746,85,54.05039147934008,45.94960852065992,Shopping Complex
Loamy,Industrial,41.972878239033285,1,0,3041.956675404944,419.5961202114225,875.553846469288,3,2,2,33.842090156942085,15,30.045202934944527,45,32.85603228866586,67.14396771133414,Factory
Sandy,Industrial,5.29365280833287,1,0,15923.455586192547,806.3472248740709,3158.200949625066,3,1,1,54.676586797916784,25,91.17724531944522,45,56.931116709132176,43.068883290867824,Factory
Black Cotton,Agricultural,59.167936136248116,0,1,3137.4611984638223,1047.4303899458876,452.268334951752,3,0,2,32.25338266497302,40,1.3867731062531305,45,28.88537720930384,71.11462279069616,Individual House
Clayey,Agricultural,53.28079319666979,1,0,14760.336508829887,945.9559334388655,4856.763375430275,4,1,2,58.679801700832556,30,11.198678005550349,45,39.08760009667898,60.91239990332102,Individual House
Loamy,Residential,54.23084241515506,1,0,8327.51510574557,1412.4641066060917,3161.986322060685,1,2,0,48.44228939621124,15,9.615262641408222,45,32.858616949025986,67.14138305097401,Individual House
Rocky,Commercial,41.25844953779796,1,1,2394.1894051317436,1193.4133872292098,4929.477604608779,3,2,3,43.68538761555051,55,31.23591743700341,10,33.84886502469353,66.15113497530646,Shopping Complex
Rocky,Industrial,23.963281075999507,0,1,16441.87093920013,835.6152629616455,1694.4671173931802,3,1,1,41.89852207886373,55,60.061198206667484,45,49.179782279269176,50.820217720730824,Factory
Clayey,Agricultural,54.150675699976446,1,1,12012.980834495655,322.0240375102613,4856.025805951989,3,2,3,69.14088882439022,30,9.748873833372585,10,33.63652954687972,66.36347045312027,Individual House
Clayey,Industrial,21.033431048315578,1,1,5479.468744407888,676.3113471033597,727.8112386431179,2,2,2,41.29786701078346,30,64.9442815861407,10,37.69032385030938,62.30967614969062,Factory
Rocky,Agricultural,35.94913488382116,0,0,17998.94231232069,1040.073366291716,203.47386173514226,2,0,0,9.082193513747555,55,40.08477519363141,85,42.6999615282195,57.3000384717805,Individual House
Red Soil,Residential,10.485203478913531,0,0,1859.9079635404778,1256.9432622541274,164.9203022730128,0,0,3,20.677105175731874,20,82.52466086847744,85,52.118152028625516,47.881847971374484,Individual House
Red Soil,Residential,55.70755965730126,1,0,4834.572555757495,1439.6043366335812,2324.351852996135,1,2,3,46.073110085674685,20,7.154067237831228,45,32.16410533944395,67.83589466055605,Individual House
Loamy,Industrial,12.742375177416733,0,0,15288.89162831136,908.1791492068764,415.0209873929739,3,2,3,27.114825953505296,15,78.76270803763877,85,52.680866093136544,47.319133906863456,Factory
Sandy,Residential,17.3693243151724,0,1,14478.180675887894,790.3790509566487,2560.8394208380087,0,1,3,51.6576689212069,25,71.05112614137934,45,50.84296565776725,49.15703434223275,Individual House
Loamy,Industrial,35.697378697051825,0,1,6496.162180765083,26.537884681722467,1637.5025175445023,0,1,3,74.23343259572374,15,40.50436883824696,45,49.607793618065045,50.392206381934955,Factory
Sandy,Agricultural,47.025115011713986,1,0,2178.472631702879,108.14860372526991,1678.144962370578,1,2,0,61.31770427096687,25,21.624808313810036,45,41.86739857329091,58.13260142670909,Individual House
Clayey,Commercial,39.06432182649644,1,1,17303.483372273935,234.1574964561004,3178.044982725849,2,0,2,78.18446975600986,30,34.89279695583927,10,43.08776365356327,56.91223634643673,Hospital/Clinic
Black Cotton,Residential,17.76736520400859,0,1,6960.255123328149,82.13989678444212,815.4900307581009,1,0,0,74.93956550709335,40,70.38772465998568,45,61.075779092479095,38.924220907520905,Individual House
Loamy,Agricultural,5.051867339011968,0,1,4718.554883637039,601.2948582073897,3832.766851698655,0,1,0,60.737033165247006,15,91.58022110164671,45,57.65301688324813,42.34698311675187,Individual House
Loamy,Commercial,46.64328191690915,0,1,10805.174624858564,505.31781770830827,2910.154598893174,1,0,0,50.33917952077271,15,22.2611968051514,45,36.6840120335583,63.3159879664417,Hospital/Clinic
Sandy,Commercial,59.18640292511015,0,1,18294.3167863665,956.0312368025893,4574.723144237555,2,0,0,41.203399268722464,25,1.3559951248164168,45,29.760188525256964,70.23981147474304,Hospital/Clinic
Clayey,Commercial,49.54522161683497,1,0,1827.3849790241316,803.497661900104,1824.2032688376169,0,1,2,56.0977599725436,30,17.42463063860839,45,39.74037365004236,60.25962634995764,Shopping Complex
Clayey,Agricultural,30.311363998613842,0,0,15550.277672586866,893.9561390817895,4913.574960335628,1,1,2,64.42215900034654,30,49.481060002310265,85,60.66802065069886,39.33197934930114,Individual House
Sandy,Agricultural,54.70719937695086,1,1,11876.99133083547,707.9658044064812,2879.138233570116,3,0,0,42.32320015576229,25,8.821334371748563,10,23.26845364745394,76.73154635254606,Individual House
Clayey,Industrial,27.54162202150925,0,1,9083.533214484522,416.6057228313857,4867.009780937669,3,1,3,70.11825112473956,30,54.097296630817915,45,53.81571205136332,46.18428794863668,Factory
Rocky,Commercial,33.871374633390715,1,0,15137.528437996141,1429.2379724197156,135.30327023557663,1,2,2,8.238221746363854,55,43.547708944348805,45,33.27030484731455,66.72969515268545,Shopping Complex
Red Soil,Commercial,31.242137206762578,1,0,19350.664064391014,129.61373964020845,3639.88161206194,1,1,2,74.41264131989686,20,47.929771322062365,45,52.276867292479494,47.723132707520506,Shopping Complex
Rocky,Commercial,29.61931299660387,0,1,5354.91801209113,1408.3364991979608,4083.1076214636814,2,2,0,46.59517175084903,55,50.634478338993546,45,48.46692969754555,51.53307030245445,Shopping Complex
Black Cotton,Industrial,47.63549231116482,1,1,3729.2999363702725,466.857070297102,265.8664333824379,0,2,3,33.397031372031435,40,20.60751281472531,10,25.340839183892328,74.65916081610767,Factory
Loamy,Commercial,33.97228989982206,1,1,18344.753159231244,768.9921680509461,2894.8483200812284,1,2,3,53.50692752504449,15,43.37951683362991,10,34.32230384217304,65.67769615782696,Shopping Complex
Black Cotton,Agricultural,22.419441711386884,1,0,13710.10847168877,163.2634842413192,4009.7114679472415,0,1,0,92.59933051767413,40,62.63426381435519,45,65.31833163477475,34.68166836522525,Individual House
Loamy,Commercial,19.19869922121631,0,1,9321.734409677354,106.3966025565139,2805.1936261153637,3,1,0,80.81652904130509,15,68.00216796463948,45,58.78632715561665,41.21367284438335,Shopping Complex
Red Soil,Residential,7.0761024332088365,1,1,11891.931835021378,644.3181730779044,319.0679520273332,0,1,2,24.612333432244455,20,88.20649594465193,10,36.16594068744854,63.83405931255146,Apartment
Clayey,Agricultural,37.07573390356753,1,1,15166.664198348637,1112.5460645695173,3467.236204491557,4,2,2,62.731066524108115,30,38.20711016072078,10,38.507650823618036,61.492349176381964,Individual House
Rocky,Industrial,17.647877847056883,0,1,15687.606075408627,404.0471663228234,302.98457336654315,2,1,1,21.40489202619724,55,70.5868702549052,45,44.638429772895336,55.361570227104664,Factory
Sandy,Commercial,13.14736571090107,0,1,18477.98943556033,843.5218334029801,4087.3444750821923,2,0,1,52.713158572274736,25,78.08772381516488,45,52.97153645408737,47.02846354591263,Shopping Complex
Rocky,Residential,40.96064801052227,1,1,9110.012989016832,417.97551078422754,215.17091653347197,0,0,0,12.98472568098522,55,31.73225331579623,10,23.227717317293884,76.77228268270612,School
Red Soil,Industrial,42.466509180185184,1,1,6574.807290368505,582.9195913395612,686.986905051854,2,1,1,23.123110805990784,20,29.222484699691364,10,20.898709957019616,79.10129004298038,Factory
Black Cotton,Industrial,46.36851907417163,0,1,13153.621069006997,1359.669477710737,1375.5379526163424,0,2,3,53.91862928378394,40,22.719134876380622,45,41.80130396841953,58.19869603158047,Factory
Sandy,Agricultural,32.69672929862253,0,0,8898.830086311078,1283.7594382423792,3166.823961304,0,1,3,47.82581767534437,25,45.50545116896245,85,53.11539897861114,46.88460102138886,Individual House
Clayey,Industrial,54.17300328621376,1,0,12297.37062503058,774.0263151264447,4881.79549815653,3,0,3,58.45674917844656,30,9.711661189643735,45,38.63777750986723,61.36222249013277,Factory
Red Soil,Industrial,56.49885143690253,1,0,8979.730170663053,357.1584412081181,589.114263099672,0,2,2,26.22806593028072,20,5.835247605162451,45,24.888634976888866,75.11136502311113,Factory
Sandy,Industrial,49.40540168858692,0,1,3906.9199468853153,289.77586909953425,713.5383460695921,2,1,1,30.532864353273062,25,17.657663852355128,45,30.10091848673435,69.89908151326566,Factory
Red Soil,Industrial,39.957641510450294,0,0,9919.10828152021,1431.1310295535714,1844.3519835049017,4,1,1,46.89762929248546,20,33.40393081591617,85,49.015152956348956,50.984847043651044,Factory
Red Soil,Commercial,21.704652447515375,1,0,14127.438616879623,304.07489476603126,4181.095688776601,1,2,0,66.32934320215928,20,63.82557925414104,45,53.42166493429101,46.57833506570899,Shopping Complex
Clayey,Commercial,59.061970689112165,1,0,16186.392345685346,1212.2524663688087,2336.1547637540707,2,2,2,57.23450732772196,30,1.563382184813051,45,36.17292311090594,63.82707688909406,Shopping Complex
Loamy,Commercial,20.07748919555661,0,0,10373.19925913439,553.455314303306,1608.0530012791082,4,0,2,49.141687726693014,15,66.53751800740565,85,57.33397020619397,42.66602979380603,Shopping Complex
Sandy,Commercial,16.14613070947371,1,0,4139.519913997618,1478.4897713373575,2806.019161044306,2,1,2,51.96346732263157,25,73.08978215087716,45,51.45965910064034,48.54034089935966,Shopping Complex
Clayey,Residential,29.318476258262052,1,1,8879.0664833392,552.2336105441818,1302.61598722875,4,0,3,50.72270068000949,30,51.13587290289658,10,37.536913463727466,62.463086536272534,Individual House
Red Soil,Commercial,8.126231389181365,1,0,15939.584647992267,527.2749373660891,2005.7995362376046,2,0,2,57.96844215270466,20,86.45628101803106,45,56.1530250079544,43.8469749920456,Shopping Complex
Clayey,Industrial,58.81719555694849,1,1,8844.326141724385,956.1954433164346,1663.0257461602093,1,2,1,50.55621603396706,30,1.9713407384191868,10,25.187510796493267,74.81248920350673,Factory
Loamy,Commercial,37.36384560290337,0,1,14234.085078480224,1442.275209940229,4020.7051120732294,3,1,0,52.659038599274155,15,37.72692399516105,45,41.36239450853621,58.63760549146379,Shopping Complex
Rocky,Commercial,35.63236504152964,0,0,10637.059951883706,1464.3144086946493,4621.278632190004,3,0,1,45.091908739617594,55,40.61272493078394,85,55.43534929156214,44.56465070843786,Hospital/Clinic
Sandy,Agricultural,41.068795394484596,1,1,5583.2393770785375,1060.8092197004778,3797.860960784559,1,0,2,45.73280115137885,25,31.552007675859002,10,30.144482321947347,69.85551767805265,Individual House
Loamy,Industrial,32.33630062774637,1,0,16126.859652438412,1131.9095484545305,2195.4178801499174,2,2,0,53.91592484306341,15,46.10616562042272,45,43.89711510017787,56.10288489982213,Factory
Black Cotton,Commercial,6.763493440199787,1,1,2600.055627343054,845.1032639595416,2521.674887483319,4,1,3,76.30912663995005,40,88.72751093300036,10,57.39007205723261,42.60992794276739,Shopping Complex
Sandy,Commercial,38.67712088622182,1,1,10972.915372347861,1133.663608698498,625.3684696471784,0,1,0,18.838089171388113,25,35.53813185629696,10,21.72786417406008,78.27213582593993,Shopping Complex
Loamy,Commercial,44.389563232603685,0,0,4968.929650624694,1289.6694824557449,3734.323555672689,2,0,2,50.90260919184908,15,26.017394612327195,85,47.820261870228975,52.179738129771025,Hospital/Clinic
Red Soil,Residential,27.921198334322924,1,1,2274.2469422861377,729.1429547925349,2982.3783969752203,1,2,2,53.01970041641927,20,53.46466944279513,10,37.423062506445525,62.576937493554475,Individual House
Sandy,Commercial,46.65125646391561,1,1,10555.744804581727,929.7933942451546,4512.199980687182,3,1,0,44.337185884021096,25,22.247905893473984,10,27.32999153277588,72.67000846722412,Shopping Complex
Sandy,Agricultural,17.48507146361313,0,1,10491.680962763548,805.9750428495715,1003.0557178757659,3,1,2,31.689846491612037,25,70.85821422731145,45,43.80599982889208,56.19400017110792,Individual House
Clayey,Industrial,17.17021250864012,0,1,14431.117131838695,843.7059202930159,3798.6306096630606,2,0,2,67.70744687283997,30,71.38297915226647,45,57.2933511935606,42.7066488064394,Factory
Red Soil,Industrial,13.877934322816568,1,1,15150.263167986193,1335.0718648109114,3423.3583085959485,4,1,2,56.53051641929586,20,76.87010946197239,10,44.50320811224665,55.49679188775335,Factory
Black Cotton,Commercial,25.4597117884039,0,1,14828.03828516504,533.4252453083553,1329.2276690487608,1,1,2,58.21962543387424,40,57.56714701932683,45,52.01865565668769,47.98134434331231,Shopping Complex
Rocky,Commercial,51.5856619463996,0,1,8781.615925418346,312.27603840093633,3336.8931977041257,1,1,0,52.36702220934392,55,14.023896756000681,45,41.33443196227054,58.66556803772946,Shopping Complex
Loamy,Commercial,50.535163418198536,1,1,13002.105957304688,684.4201654104437,4621.866902883247,4,1,0,49.36620914545037,15,15.774727636335768,10,25.97185510999157,74.02814489000843,Shopping Complex
Clayey,Industrial,26.05533143799271,1,0,11961.959610235246,312.12778572189774,4592.179938335595,4,0,1,76.75849999718795,30,56.57444760334548,45,56.75908689985215,43.24091310014785,Factory
Loamy,Industrial,37.40153047891301,0,1,9009.673366221472,747.6006384930287,3598.1328725807066,2,1,3,52.64961738027175,15,37.66411586847832,45,41.343395050214696,58.656604949785304,Factory
Black Cotton,Residential,44.64489740612036,1,0,12347.041189533871,1355.2621580355878,240.3655626703005,2,1,3,31.646086901875925,40,25.591837656466083,45,34.72408982977309,65.27591017022691,Individual House
Black Cotton,Agricultural,18.266372604541264,0,0,18997.70965741899,926.1502807237167,4361.321686600808,3,2,1,73.43340684886468,40,69.55604565909789,85,70.3407038118771,29.659296188122894,Individual House
Sandy,Residential,14.24775972421109,0,1,4664.98112994617,1283.1492799546165,3288.8930350226997,3,0,0,52.43806006894723,25,76.25373379298152,45,52.41675447237691,47.58324552762309,Individual House
Black Cotton,Agricultural,58.4652796266771,0,1,18209.669819925,249.2863794232677,1552.1712659136722,4,1,1,69.4699226462081,40,2.557867288871492,45,42.20393974839071,57.79606025160929,Individual House
Loamy,Residential,38.965652226529016,1,0,2015.6547656807688,1351.3103888057651,936.2518085284966,0,2,2,30.983623113937675,15,35.05724628911831,45,33.108579662157766,66.89142033784223,Individual House
Red Soil,Industrial,58.97786470085151,1,0,6859.395045131552,902.6807466106736,581.0193149865855,0,0,2,16.875920124518835,20,1.7035588319141368,45,20.582461751560125,79.41753824843988,Factory
Red Soil,Residential,23.5765792922726,0,0,6474.759723619037,47.6396831107197,251.1844962888049,0,1,3,46.27116411606476,20,60.70570117954566,85,55.62133273550908,44.37866726449092,School
Sandy,Agricultural,43.66674349857723,0,1,12900.93704973721,949.6784329275553,3770.5162397537824,1,2,0,45.08331412535569,25,27.222094169037945,45,37.584683486133976,62.415316513866024,Individual House
Rocky,Commercial,17.243200009768074,1,1,3493.274083768516,1427.0954343913768,1179.2149947163766,2,0,3,33.273499891885514,55,71.26133331705321,10,40.211058291423235,59.788941708576765,Shopping Complex
Loamy,Agricultural,19.36600942006521,0,1,17764.604624955322,118.75050071304311,121.26468021627534,4,1,1,42.45876120652662,15,67.72331763322465,45,45.291395830590474,54.708604169409526,Individual House
Loamy,Commercial,33.15461666982932,0,0,16742.476760835783,873.6841957043582,1986.3532592099464,3,2,3,53.4384110167416,15,44.742305550284456,85,53.38902024343067,46.61097975656933,Shopping Complex
Black Cotton,Industrial,22.578996902943917,1,1,13389.250574020278,1373.2179043045721,2413.0354029616947,0,0,3,72.35525077426402,40,62.368338495093475,10,49.416422394765775,50.583577605234225,Factory
Loamy,Agricultural,14.219186011232146,1,1,9709.862804051758,14.54275250156184,846.1511545006344,3,2,2,64.49566143711095,15,76.30135664794642,10,46.39882066497544,53.60117933502456,Individual House
Clayey,Residential,19.45843860941293,1,1,18726.16480069949,946.3693896987348,220.24168081274885,2,2,3,31.540223963901745,30,67.56926898431178,10,34.93139563344356,65.06860436655644,Apartment
Rocky,Agricultural,6.966161695622555,1,1,16784.184539690563,712.353437746444,945.6274154903443,4,1,1,31.171007885901247,55,88.38973050729574,10,43.75728538688937,56.24271461311063,Individual House
Black Cotton,Commercial,43.74329918126176,0,0,10486.987813543652,520.4839779729159,3395.5138091828717,0,2,0,67.06417520468456,40,27.094501364563726,85,57.49608666278053,42.50391333721947,Shopping Complex
Clayey,Industrial,32.06641613972239,1,1,14335.593734631913,941.304734918064,411.21838625603203,0,1,3,32.20776369019004,30,46.55597310046268,10,29.91171056668218,70.08828943331781,Factory
Sandy,Residential,10.183368652248909,1,1,11771.669091414007,79.05314188112538,2775.185152784969,4,1,0,78.71096932407025,25,83.02771891291849,10,54.555768991654205,45.444231008345795,Individual House
Red Soil,Agricultural,14.443169622067016,0,0,12170.902529377026,1129.5945694311004,732.0599395408334,3,2,1,31.030406385299912,20,75.9280506298883,85,54.09265489232705,45.90734510767295,Individual House
Sandy,Commercial,10.639399596195421,0,1,7288.545319311954,6.719215379561438,978.4458679020969,2,2,3,62.50591453621939,25,82.26766733967429,45,57.44398692259536,42.55601307740464,Shopping Complex
Red Soil,Residential,38.6926044551732,0,0,9779.607487873038,460.40361568852836,1965.3894163334935,2,2,0,52.01042027156487,20,35.51232590804466,85,51.331728572058864,48.668271427941136,Individual House
Sandy,Industrial,10.18156999868716,1,0,2484.30718500514,755.9379565270176,504.1266802686567,2,2,2,23.537141105701345,25,83.03071666885474,45,43.99567855420916,56.00432144579084,Factory
Loamy,Residential,46.485528316936886,0,1,7789.625141627257,565.5333758498275,866.0175139110643,3,0,2,27.698968198987068,15,22.524119471771854,45,28.825668737588437,71.17433126241156,Individual House
Clayey,Industrial,6.128100562621515,1,0,14220.741791880888,461.2139028083737,1744.7620572567707,3,1,1,67.69038183597762,30,89.78649906229748,45,61.888258408166536,38.111741591833464,Factory
Red Soil,Residential,18.715668339774066,0,1,19111.10457961754,1246.2527182021443,1648.3450274918343,0,2,3,48.28798346489317,20,68.80721943370989,45,48.35259907114008,51.64740092885992,Individual House
Black Cotton,Agricultural,53.986667174054894,1,0,19298.218142497386,1402.2488614078634,3746.3574283786593,3,0,1,64.50333320648627,40,10.022221376575175,45,42.33172196641399,57.66827803358601,Individual House
Clayey,Commercial,44.51922249672353,0,0,11558.734513372941,1310.5690273588332,373.9115256321218,1,2,0,28.348424888461555,30,25.80129583879412,85,42.122272670660074,57.877727329339926,Hotel/Resort
Black Cotton,Agricultural,9.013258310912825,1,1,12525.822784382059,783.6469695749995,4302.253678331717,4,0,0,75.7466854222718,40,84.97790281514528,10,56.255815601581446,43.744184398418554,Individual House
Clayey,Agricultural,50.16193574668489,1,0,4528.702524518383,1326.2462627902246,4081.1608536972744,3,1,1,59.45951606332878,30,16.39677375552519,45,40.66002406104637,59.33997593895363,Individual House
Clayey,Industrial,32.11693168471126,0,1,14210.854053777084,1381.2923477723157,3829.958198459692,2,2,0,63.970767078822185,30,46.47178052548123,45,49.75771360895807,50.24228639104193,Factory
Sandy,Industrial,51.57306649428561,0,1,2342.5170608133385,613.857595571193,1546.8618123156625,3,0,1,34.04396962274184,25,14.044889176190651,45,30.426611662007307,69.5733883379927,Factory
Red Soil,Industrial,38.04068759477164,1,1,6409.028030189446,425.16878925816815,4114.4089277039375,0,0,1,54.979700745817006,20,36.598854008713936,10,33.89260876321443,66.10739123678556,Factory
Red Soil,Agricultural,42.50081676180723,0,1,13698.903598423401,147.39780871998047,914.010401446404,4,1,2,48.81113531527744,20,29.165305396987947,45,38.62522370959409,61.37477629040591,Individual House
Clayey,Residential,59.642585821763944,1,0,6895.892499326296,718.6378815738435,622.0460292751412,4,2,0,29.530274130061837,30,0.5956902970600879,45,26.234518519786665,73.76548148021334,Individual House
Loamy,Residential,17.778455025821,1,1,1947.090608174632,1419.445380657662,224.78166744743677,2,2,1,22.051019592493486,15,70.36924162363167,10,30.060167263280636,69.93983273671937,Individual House
Loamy,Agricultural,39.31700661187636,1,0,16805.537777668313,841.3612921055566,4696.5518150278795,4,1,2,52.17074834703091,15,34.47165564687273,45,40.377675833179,59.622324166821,Individual House
Black Cotton,Agricultural,30.31767645315691,0,1,6896.270135556698,1001.3431526792574,1540.0544885263685,1,1,1,61.22167065723814,40,49.47053924473849,45,51.045219541217975,48.954780458782025,Individual House
Black Cotton,Commercial,7.169857410748029,1,0,2198.99927231489,169.3257277377714,4588.089400889529,4,1,0,96.04799198304671,40,88.05023764875328,45,72.87935660625467,27.120643393745326,Shopping Complex
Sandy,Industrial,5.795885282657577,1,0,2420.975125554439,215.2794962133844,1363.0678075966484,2,0,2,58.89561505846551,25,90.34019119557071,45,58.198513069355606,41.801486930644394,Factory
Clayey,Industrial,11.557571779982226,1,0,5783.417176986319,696.7098929395088,4537.829796681748,4,0,0,69.11060705500444,30,80.73738036669629,45,60.12305756092562,39.87694243907438,Factory
Black Cotton,Agricultural,40.70004572962014,1,0,4382.302997208999,1426.8971984755885,4519.645264230441,3,1,3,67.82498856759497,40,32.166590450633095,45,49.03039361131651,50.96960638868349,Individual House
Black Cotton,Agricultural,36.19396983523657,0,1,15711.702237822867,541.1769623872933,4618.380225053565,0,2,3,68.95150754119086,40,39.67671694127238,45,51.3022068747349,48.6977931252651,Individual House
Rocky,Residential,35.438625864005004,0,1,7111.996886673654,1316.2260619763003,2480.767196420969,3,0,3,45.140343533998745,55,40.93562355999166,45,45.533026126897475,54.466973873102525,Individual House
Clayey,Agricultural,6.752121939054305,1,0,16289.219915756817,180.43289013856727,4329.73143399446,1,1,3,89.48599610692239,30,88.74646343490949,45,69.25671449615021,30.74328550384979,Individual House
Sandy,Residential,30.811664799800386,0,0,4303.073958639903,925.5258104005651,4753.829480836601,1,0,2,48.297083800049904,25,48.64722533366602,85,54.06578566343397,45.93421433656603,Individual House
Black Cotton,Agricultural,55.85425498133907,0,1,10364.704411337592,900.9194653657772,1623.0847094858975,0,0,0,56.498130444383186,40,6.909575031101554,45,38.7517394133095,61.2482605866905,Individual House
Sandy,Commercial,26.867552812085563,1,0,14072.705537509448,1289.8121251054026,2094.3720284127753,0,1,1,49.28311179697861,25,55.220745313190726,45,46.054275457240195,53.945724542759805,Shopping Complex
Red Soil,Commercial,39.3707358383651,0,0,13387.826223451242,4.975056607352258,3596.20093667872,0,2,1,79.8588126439676,20,34.382106936058165,85,60.796111159403196,39.203888840596804,Shopping Complex
Sandy,Residential,47.8900271592729,0,1,12421.458788675107,284.8975007963582,1501.7991086165046,0,2,1,46.96962533473037,25,20.183288067878507,45,36.48519088412526,63.51480911587474,School
Loamy,Industrial,48.11589035280382,0,0,18571.610436692226,329.5314381442226,3769.046544563295,4,0,0,60.199141123145694,15,19.80684941199364,85,49.5214117460994,50.4785882539006,Factory
Loamy,Commercial,33.56040453173992,0,0,5341.977806428143,1424.949132136106,369.46072606766967,3,2,2,20.999113388418415,15,44.065992447100136,85,41.86618779772148,58.13381220227852,Shopping Complex
Sandy,Residential,52.1873569971285,0,1,10380.664884780002,230.54048440484243,2617.491921442711,1,2,0,59.12073168642733,25,13.021071671452518,45,38.947524008112694,61.052475991887306,Individual House
Loamy,Agricultural,26.52579513500608,0,0,17795.858451375767,55.44352533084057,611.567420418726,4,1,3,54.27328810477257,15,55.79034144165653,85,56.44323619708453,43.55676380291547,Individual House
Red Soil,Agricultural,53.87812681316391,1,1,2479.981546307984,801.692242112712,1466.6173821833822,0,1,1,35.86281594037667,20,10.203121978060153,10,20.602766073646873,79.39723392635312,Individual House
Clayey,Residential,18.212494151754992,0,1,2061.87709680843,792.8376936505225,1293.12696243236,2,1,0,53.30941571070846,30,69.64584308040835,45,51.81975626885004,48.18024373114996,Individual House
Loamy,Industrial,20.411902384481408,1,1,5432.743463607537,1266.0704480517963,4194.660367813331,2,2,3,56.89702440387965,15,65.980162692531,10,41.15899921449062,58.84100078550938,Factory
Loamy,Residential,7.921634330945061,1,1,13027.403171222351,1423.289475266703,967.5862770309873,3,2,3,39.37131695788348,15,86.79727611509156,10,40.22927996403211,59.77072003596789,Apartment
Sandy,Residential,48.75700100982556,1,0,5937.712902546331,807.8181632101965,4042.2396007955945,1,1,2,43.81074974754361,25,18.738331650290746,45,35.01834532421295,64.98165467578704,Individual House
Red Soil,Commercial,27.938037992798808,0,1,4614.557792367181,1394.9912736294832,3969.80172953961,1,2,1,53.0154905018003,20,53.43660334533532,45,46.16457251196393,53.83542748803607,Shopping Complex
Clayey,Residential,17.60141376512695,0,1,9717.243991807549,1087.7387269497444,2494.4152777861495,3,1,0,67.59964655871826,30,70.66431039145507,45,57.07595389341516,42.92404610658484,Individual House
Sandy,Residential,17.748465268911882,1,0,12658.363306618818,396.8386919933775,1169.216277980648,0,0,3,41.13688772278234,25,70.41922455181353,45,47.0027168409272,52.9972831590728,Individual House
Sandy,Agricultural,54.576996767607824,1,1,5722.596433318067,1392.6310664158896,1134.4816997811135,0,0,3,25.045384803720317,25,9.038338720653627,10,17.275469361465518,82.72453063853447,Individual House
Rocky,Commercial,50.86541302535703,1,0,6713.132547751099,1001.1647642728121,2324.623235579239,1,2,1,41.28364674366074,55,15.224311624404947,45,37.7553542663825,62.2446457336175,Shopping Complex
Red Soil,Agricultural,35.44419869464508,0,1,12657.626791418765,621.1438991139507,44.04503696758155,1,2,0,12.01985106569036,20,40.92633550892486,45,28.68853175022284,71.31146824977716,Individual House
Clayey,Agricultural,38.88609402286466,0,1,18969.0300177996,1020.363126775396,2656.7537730568306,1,2,0,62.27847649428384,30,35.18984329522556,45,46.34492759680573,53.65507240319427,Individual House
Red Soil,Industrial,31.087906380266006,0,1,13820.092821323677,601.9692416156263,4763.897628835277,0,2,1,52.228023404933495,20,48.18682269955665,45,44.57651386661588,55.42348613338412,Factory
Clayey,Industrial,26.541659858334487,1,1,15875.178728106639,171.2756519819389,773.5344093129826,2,0,3,60.55873410275969,30,55.76390023610919,10,42.13653199499319,57.86346800500681,Factory
Red Soil,Commercial,55.351228467008234,0,0,7969.391800353907,1078.4681207653498,2866.7281073780173,3,1,2,46.16219288324794,20,7.747952554986284,85,42.34375564788335,57.65624435211665,Shopping Complex
Sandy,Commercial,11.908698693616614,0,0,6172.832828304855,1236.1314182561157,4808.893443222284,3,0,1,53.02282532659585,25,80.1521688439723,85,63.596031075301624,36.403968924698376,Shopping Complex
Sandy,Industrial,28.01457343439254,1,0,9631.087120849828,1093.2092985290815,4302.610697458001,4,1,3,48.99635664140187,25,53.309044276012436,45,45.475985893493764,54.524014106506236,Factory
Black Cotton,Industrial,23.950904939333142,0,1,16335.5237455218,343.67200163501485,4251.9005819067015,4,2,2,81.39195366706582,40,60.08182510111143,45,60.757640058750894,39.242359941249106,Factory
Loamy,Industrial,32.39828961381316,1,1,9669.693194020561,1434.9525202164193,4109.249651980946,2,1,1,53.900427596546706,15,46.002850643644734,10,35.11586231970253,64.88413768029747,Factory
Rocky,Industrial,30.16975309998463,0,1,17087.78276700736,37.88184253673388,1545.118030280928,1,1,1,65.08701177841837,55,49.71707816669229,45,54.7097236641195,45.2902763358805,Factory
Red Soil,Industrial,33.53892424080948,1,0,19786.667633207413,499.02794606346083,4453.084156334061,2,1,3,51.67359217598998,20,44.10179293198421,45,43.36120549459254,56.63879450540746,Factory
Rocky,Agricultural,12.695543747484674,0,1,2368.5066488763905,390.13865180234325,4706.701756165855,4,1,1,57.41779495498824,55,78.84076042085889,45,59.306418339460606,40.693581660539394,Individual House
Black Cotton,Commercial,33.22278258323024,1,0,1862.7929655903702,72.18934142227646,2478.962116495197,4,0,0,95.36294386885585,40,44.62869569461626,45,61.78420427775361,38.21579572224639,Shopping Complex
Loamy,Agricultural,18.333034763796597,0,0,3842.2043553538747,608.5945394830027,1772.855236297294,3,2,0,52.87384603499673,15,69.444942060339,85,59.367081627333604,40.632918372666396,Individual House
Red Soil,Agricultural,15.138224194350519,1,0,8303.023838952578,934.6722602441617,2071.1450780292807,2,2,2,56.21544395141237,20,74.76962634274913,45,52.61781196868161,47.38218803131839,Individual House
Clayey,Residential,8.565882033240516,1,1,3489.8019737632158,1323.829295227652,1671.0322091563278,0,1,1,63.27917367481643,30,85.72352994459914,10,50.57859327233553,49.42140672766447,Individual House
Loamy,Agricultural,46.94589073158775,0,1,17542.625074756364,1484.534574287205,1062.0922101227004,4,2,0,31.505371519557066,15,21.75684878068708,45,29.966092227016745,70.03390777298326,Individual House
Sandy,Industrial,28.509305647110796,0,1,1439.7787695142122,1212.1343796065971,3092.242351264447,3,0,3,48.8726735882223,25,52.484490588148674,45,45.226558402914975,54.773441597085025,Factory
Black Cotton,Industrial,39.46540258214671,1,1,7000.061610380628,703.0207780692372,2812.9844312266146,1,1,3,68.13364935446333,40,34.22432902975548,10,40.902859531501036,59.097140468498964,Factory
Loamy,Residential,45.01763388176089,0,0,4509.197960389902,1085.556638950546,2312.925355196378,2,2,3,50.745591529559775,15,24.970610197065184,85,47.50360958461222,52.49639041538778,Individual House
Loamy,Residential,42.362416592245445,1,0,18699.247272993114,1265.4356828844611,479.2269334241589,4,2,0,20.993934520421817,15,29.395972346257594,45,28.196870168712035,71.80312983128796,Individual House
Sandy,Residential,30.877539549932525,1,1,13720.139092910531,697.960794628022,3984.464823529999,0,1,1,48.28061511251687,25,48.537434083445795,10,35.282573810242354,64.71742618975765,School
Red Soil,Residential,26.33441909234514,0,1,18328.574872576115,1177.58165103825,874.667813753946,4,0,1,30.909751501992634,20,56.109301512758094,45,39.09573840388694,60.90426159611306,Individual House
Clayey,Residential,25.677795030236506,0,1,19474.245495897474,723.9786274693151,572.8102169802407,0,1,1,37.036755582045686,30,57.20367494960582,45,43.01378319111744,56.98621680888256,School
Sandy,Agricultural,40.202683831153095,0,0,10444.866629870015,579.743986315084,3115.3569774147372,2,1,2,45.94932904221173,25,32.99552694807818,85,49.331146901793645,50.668853098206355,Individual House
Clayey,Residential,32.21368952180303,1,1,5452.063052912498,789.1362566756418,1993.2218061886158,0,2,1,63.81101374332155,30,46.31051746366162,10,40.91148417607795,59.08851582392205,School
Red Soil,Agricultural,51.70227363936809,1,0,4680.846937735197,1013.7821064407173,299.04237676164735,0,2,0,13.055279125390925,20,13.829543934386521,45,22.276733677483453,77.72326632251655,Individual House
Loamy,Commercial,53.10860913796917,0,0,5235.45837203097,1090.3230844778961,1777.8417748052912,3,1,0,44.27968321161353,15,11.485651436718058,85,41.86930198324425,58.13069801675575,Shopping Complex
Clayey,Residential,14.380820790358516,1,0,14463.272844818055,535.1044033381618,3858.9017614248137,2,1,1,68.40479480241036,30,76.03196534940247,45,58.69966951819424,41.30033048180576,Individual House
Black Cotton,Residential,12.49285083501491,1,0,1768.468834337014,856.9803773340523,3076.2460260854878,4,2,3,74.87678729124627,40,79.17858194164182,45,63.25152103734665,36.74847896265335,Individual House
Black Cotton,Agricultural,39.672050931979975,0,0,1975.8603876215825,1364.8063111206707,1813.930114934984,1,1,2,64.36058956570469,40,33.87991511336671,85,58.24618512633832,41.75381487366168,Individual House
Sandy,Commercial,21.56741614342537,1,0,12554.71590527985,1464.4693501659597,959.0239581729404,2,0,2,29.788625127602465,25,64.05430642762438,45,41.43959540156696,58.56040459843304,Shopping Complex
Red Soil,Agricultural,6.021389532080438,1,0,13199.085788010725,340.8721367759318,3158.9781040238663,2,1,0,68.04232441042399,20,89.96435077986594,45,60.55590123861488,39.44409876138512,Individual House
Sandy,Agricultural,53.87534681496253,1,1,13639.99556212674,289.2467485700122,4437.776504731776,1,0,2,55.17635838205864,25,10.20775530839579,10,28.11366426081947,71.88633573918054,Individual House
Sandy,Residential,17.479542198409455,0,1,8065.729587183233,1015.0284501429728,3231.363590079569,4,1,3,51.630114450397635,25,70.86742966931757,45,50.787397474968564,49.212602525031436,Individual House
Rocky,Industrial,56.1104358427195,0,1,16312.95288556891,622.0258287351658,4064.519273251121,3,1,1,39.97239103932013,55,6.482606928800834,45,35.110988595962255,64.88901140403775,Factory
Sandy,Industrial,44.45889479830395,1,0,11138.867166805734,36.33350762720555,2607.639192771855,4,1,2,72.70526584279168,25,25.901842002826754,45,46.922303545683775,53.077696454316225,Factory
Rocky,Agricultural,46.945941945131636,0,0,3003.8469701789695,520.2928059709262,3589.855533705144,1,2,2,42.26351451371709,55,21.7567634247806,85,49.73142093599613,50.26857906400387,Individual House
Black Cotton,Residential,16.080382268623822,1,1,16144.88683427956,1210.1171152083782,4481.133868891762,4,2,0,73.97990443284405,40,73.19936288562695,10,52.69280727290216,47.30719272709784,Individual House
Black Cotton,Commercial,17.88069340892471,0,0,19108.287939138707,1196.140395574774,3865.8948912932756,2,2,3,73.52982664776883,40,70.19884431845881,85,70.5351504063338,29.4648495936662,Shopping Complex
Sandy,Industrial,33.669726460323616,1,0,2140.6899470448147,742.0277232248728,4549.269766990728,3,2,0,47.5825683849191,25,43.883789232793966,45,42.62484624292018,57.37515375707982,Factory
Black Cotton,Commercial,14.465491895742419,1,0,8435.67543531102,708.866902331303,2155.698010580299,0,2,0,74.3836270260644,40,75.8908468404293,45,62.25698116922987,37.74301883077013,Shopping Complex
Red Soil,Industrial,21.798743097566774,1,0,10262.804851860205,869.2611636515662,4521.101275635283,4,2,2,54.550314225608304,20,63.668761504055375,45,49.25980035497675,50.74019964502325,Factory
Rocky,Residential,22.680436287129247,1,0,3782.9444414880218,329.09506584536405,3107.836172408538,0,1,0,58.58418697749584,55,62.19927285478459,45,55.55428365581969,44.44571634418031,Individual House
Rocky,Agricultural,13.779646328902025,0,0,17486.470007874665,789.0654373364332,4350.243830408468,3,0,0,50.55508841777449,55,77.0339227851633,85,66.45276164251189,33.54723835748811,Individual House
Sandy,Commercial,16.28505583673384,1,0,6398.843252910837,16.56954008497258,196.882652189177,0,2,2,44.872216679501726,25,72.85824027211027,45,48.91983590585317,51.08016409414683,Shopping Complex
Black Cotton,Commercial,48.37035131045411,1,0,15877.162258825043,713.3393321747005,3289.2619095676805,4,2,2,65.90741217238647,40,19.382747815909823,45,45.16328121431272,54.83671878568728,Shopping Complex
Clayey,Agricultural,14.19577200009976,0,0,13748.895158538004,504.0765693758888,4239.8753943894935,1,1,2,68.45105699997507,30,76.34037999983373,85,68.7929649499497,31.207035050050294,Individual House
Rocky,Commercial,6.565156551415736,0,0,12362.870626873446,1012.3044088554894,871.0101682159988,2,2,1,29.77891422646604,55,89.0580724143071,85,62.18713808283989,37.81286191716011,Shopping Complex
Sandy,Industrial,39.614521844591614,1,0,4650.714125234534,957.5303762289413,3308.9346673246155,2,1,3,46.096369538852095,25,33.97579692568064,45,39.62767857001839,60.37232142998161,Factory
Sandy,Agricultural,58.679071566584746,1,0,5193.366890467209,571.2538202742135,4124.773571083158,0,2,1,41.33023210835381,25,2.2015473890254214,45,30.01596808518019,69.98403191481981,Individual House
Red Soil,Industrial,23.216759804271675,0,1,1899.619690184817,10.90947221788735,1439.7468481631854,2,0,2,72.33617867912255,20,61.30540032621388,45,54.89401261924636,45.10598738075364,Factory
Loamy,Industrial,11.526063675793877,1,0,5573.536165863061,378.4104440924407,2026.2316395319601,2,2,3,66.4138574355051,15,80.78989387367687,45,56.942323570846,43.057676429154,Factory
Loamy,Residential,36.37130289521419,1,0,7563.428579749768,950.0217752837434,2847.588592496097,1,2,0,52.90717427619645,15,39.38116184130968,45,41.86280145699618,58.13719854300382,Individual House
Rocky,Industrial,54.84948161026054,1,1,16829.760773386082,108.5600145262568,2595.8384444228104,0,1,3,63.77402872585946,55,8.584197316232434,10,35.216959383108914,64.78304061689109,Factory
Red Soil,Residential,48.12339789056633,1,1,7961.460667581301,161.46363275019576,195.9469651856782,1,2,2,32.200271866060234,20,19.794336849056123,10,21.718679365385114,78.28132063461489,Apartment
Red Soil,Commercial,39.23837276269938,1,1,15337.813872546521,970.5525368506308,493.3604904270672,1,1,1,20.0576166178665,20,34.60271206216771,10,21.170843831795203,78.8291561682048,Shopping Complex
Red Soil,Commercial,22.328107313417966,1,0,9349.403344614264,1133.6511014239384,502.33289652180656,3,0,3,24.46463110208164,20,62.78648781097005,45,38.50924283847109,61.49075716152891,Shopping Complex
Rocky,Residential,34.8034095301921,1,0,15912.49792788388,482.32456201906814,1311.339527495875,0,2,0,32.58646444622539,55,41.99431744967984,45,41.40384191859884,58.59615808140116,School
Loamy,Industrial,10.018466271734045,1,1,19549.160408303756,734.5095982748428,1229.3205640122462,1,1,1,44.081794712311414,15,83.3025562137766,10,41.00426720275314,58.99573279724686,Factory
Red Soil,Agricultural,42.34199833543685,1,1,5556.989603094023,1418.567047475488,3711.111918933998,4,0,1,49.41450041614079,20,29.430002774271927,10,30.152575839217256,69.84742416078274,Individual House
Black Cotton,Agricultural,44.8802810393708,0,1,17384.490627313648,1418.3153432639542,2863.721930080723,2,0,1,66.7799297401573,40,25.199531601048662,45,46.92285830931722,53.07714169068278,Individual House
Sandy,Residential,58.076739260045535,0,0,12814.657639809719,461.25416169514517,3819.8804232262055,0,1,1,43.805565483279906,25,3.2054345665907675,85,41.13330656079566,58.86669343920434,School
Sandy,Commercial,19.32185473097894,0,0,16528.590970184443,1214.9818125256354,349.48028705435064,3,1,0,18.159142058342276,25,67.79690878170177,85,48.30492691584524,51.69507308415476,Shopping Complex
Clayey,Commercial,6.015103047366246,1,1,13380.1321430883,890.9160792102882,2426.071187358003,1,2,2,70.49622423815843,30,89.97482825438959,10,54.16738554695284,45.83261445304716,Shopping Complex
Clayey,Agricultural,35.00846554349329,1,0,9055.040638208853,1463.22674002557,1618.8778963263474,4,0,0,55.625441540653625,30,41.652557427511184,45,45.632043896106566,54.367956103893434,Individual House
Rocky,Residential,43.87347774182479,1,0,5333.4238493940165,716.4203545666447,4249.696553778732,2,0,2,43.0316305645438,55,26.877537096958676,45,41.28045497183,58.71954502817,Individual House
Rocky,Agricultural,48.47241117356434,0,1,2330.6692812921356,1162.0603020233423,3538.9457845495162,2,1,2,41.88189720660891,55,19.212648044059435,45,38.96182603332798,61.03817396667202,Individual House
Sandy,Industrial,15.655641316364584,0,1,11174.848924753624,1152.2056944223066,4346.2923541339815,4,0,3,52.086089670908855,25,73.9072644727257,45,51.706947502999526,48.293052497000474,Factory
Black Cotton,Industrial,19.396407797036304,1,1,19816.195796010445,746.1493014496142,232.1356120303003,0,1,0,37.79361029134692,40,67.67265367160616,10,38.64592701987296,61.35407298012704,Factory
Loamy,Residential,33.19250088970129,0,0,15022.794295269918,1193.4451714459617,3604.117447833002,2,2,2,53.70187477757467,15,44.67916518383118,85,53.46544746810893,46.53455253189107,Individual House
Loamy,Residential,23.1830445483501,0,0,7219.565286581315,391.5604999604947,2700.0417607978898,2,1,0,62.71060886528279,15,61.361592419416496,85,60.7891112077031,39.2108887922969,Individual House
Rocky,Industrial,52.328131762309475,1,0,16716.89120164797,183.37955443534332,4125.000145077829,2,2,0,59.91519379330203,55,12.786447062817544,45,43.666929593360095,56.333070406639905,Factory
Black Cotton,Commercial,31.056808455629614,1,0,15610.696003351724,637.7456169829744,2535.802954629105,1,1,2,70.2357978860926,40,48.238652573950645,45,53.89219240362007,46.10780759637993,Shopping Complex
Rocky,Residential,48.976825425610166,0,0,6351.080073715679,1415.4459849503771,2701.0453895095447,1,2,2,41.75579364359746,55,18.371957623983064,85,48.70751718125487,51.29248281874513,Individual House
Loamy,Industrial,36.93408682652945,1,1,1271.842306090459,751.1169123037931,258.8369047103256,2,0,1,17.94321638757415,15,38.44318862245092,10,20.64092289126368,79.35907710873632,Factory
Rocky,Industrial,47.519957788941156,0,0,3245.0901321450424,952.8887079703904,3342.6143251798335,3,1,3,42.12001055276471,55,20.800070351764745,85,49.442021281408834,50.557978718591166,Factory
Red Soil,Commercial,23.29701425916781,0,0,17668.817615929092,936.243683861813,1365.69937802525,2,1,2,41.489733995713046,20,61.17164290138699,85,54.064317623846314,45.935682376153686,Shopping Complex
Rocky,Commercial,50.727914206167114,0,1,16894.697670792564,198.85930090429565,98.46961089410244,0,1,2,21.355855612082532,55,15.453476323054815,45,30.83791854499259,69.16208145500741,Shopping Complex
Sandy,Commercial,20.101477355306187,1,1,6608.971016688886,585.4453235658154,332.1858125301502,3,2,2,17.618346911776456,25,66.49753774115635,10,29.04080585441085,70.95919414558915,Shopping Complex
Rocky,Commercial,35.03543444018099,0,1,6418.713099403988,1060.4084593828122,4786.428044830128,0,1,3,45.24114138995475,55,41.60760926636501,45,45.73630180307541,54.26369819692459,Shopping Complex
Sandy,Agricultural,16.770391224563085,0,1,16064.434754946951,1457.9851478710893,1730.3864478992348,4,1,0,46.41513115184392,25,72.04934795906152,45,49.25763289291075,50.74236710708925,Individual House
Black Cotton,Commercial,31.153958689440636,1,0,18817.01192801302,252.02660744553924,4340.378143105795,4,0,1,85.08991388090749,40,48.07673551759895,45,59.050653737717354,40.949346262282646,Hospital/Clinic
Loamy,Agricultural,22.499636522978673,1,0,15803.607879154399,615.6628355086744,4798.386170346279,1,1,1,56.37509086925533,15,62.50060579503555,45,48.85643325299825,51.14356674700175,Individual House
Clayey,Residential,19.66868868504678,0,1,12505.994863584468,142.64069970409403,4716.335944186614,1,1,0,88.52438584649266,30,67.2188521915887,45,63.5382480941696,36.4617519058304,Individual House
Clayey,Industrial,58.18417599154206,1,0,5610.755656304286,363.564689473884,4408.6262034971005,1,1,3,65.64007463368144,30,3.026373347429896,45,39.480619458645975,60.519380541354025,Factory
Loamy,Agricultural,13.804075801770184,1,1,10989.210367809952,565.1390149892254,4474.2195623065045,4,1,3,58.548981049557455,15,76.9932069970497,10,44.49044511660753,55.50955488339247,Individual House
Clayey,Residential,48.30292106015674,0,0,5436.725313272028,810.9648719285257,1445.0402217047576,0,0,2,48.825074169055966,30,19.495131566405433,85,47.71255885077095,52.28744114922905,School
Rocky,Residential,59.12907277157682,1,0,16352.2169818387,345.85032335862144,757.3494513017914,3,1,3,23.613701431624335,55,1.4515453807052978,45,28.12768184624484,71.87231815375516,Individual House
Black Cotton,Agricultural,6.094581605704281,0,0,8352.260510837008,341.3439917680286,3196.3128104396183,1,1,3,85.99571509249222,40,89.84236399049286,85,79.80909127999549,20.190908720004515,Individual House
Black Cotton,Residential,43.44650777231522,1,1,16840.247122886496,1166.7449687103058,2440.527959344119,4,0,2,67.1383730569212,40,27.58915371280797,10,38.89571899812441,61.10428100187559,Individual House
Loamy,Residential,18.91014930559579,1,1,8250.57514167178,1443.962494420322,493.73359347585523,1,2,0,27.147134543118156,15,68.48308449067368,10,31.37226821275977,68.62773178724024,Apartment
Clayey,Agricultural,7.226830338056745,0,0,16658.838698797936,485.4194516271843,3387.7065801120543,2,2,1,71.06812531785476,30,87.95528276990542,85,72.61266455372552,27.387335446274477,Individual House
Rocky,Residential,27.158926842614694,0,0,7333.038488139597,1031.9880279535203,2814.300037423867,3,0,0,47.210268289346324,55,54.73512192897551,85,59.70737438351509,40.29262561648491,Individual House
Black Cotton,Commercial,56.436979559398125,1,1,9362.521387735727,387.1206920368811,4315.337004052196,0,0,0,70.6635135879376,40,5.93836740100312,10,34.716821606028944,65.28317839397106,Hospital/Clinic
Black Cotton,Commercial,5.647080190184873,1,1,12694.279967510492,1391.928382448448,3045.918978441993,1,2,2,76.58822995245379,40,90.58819968302521,10,57.95293040411512,42.04706959588488,Shopping Complex
Red Soil,Industrial,37.333713056137995,1,0,2335.464666568455,1009.3535402480974,2869.7308986087683,2,1,0,50.666571735965505,20,37.777144906436675,45,41.427586334197095,58.572413665802905,Factory
Red Soil,Residential,32.57680632274284,0,0,19015.934174493825,1204.015281956355,2203.7586166631395,2,2,3,51.85579841931429,20,45.70532279542861,85,53.82586014561715,46.17413985438285,Individual House
Black Cotton,Industrial,53.03612904040761,1,1,11898.50993635226,74.03106479874721,2313.9353494443517,3,1,0,90.29910385197327,40,11.60645159932065,10,43.00629924802081,56.99370075197919,Factory
Loamy,Commercial,9.620094298634411,0,0,10648.580279125243,897.758952360937,4771.90613489558,4,0,0,59.5949764253414,15,83.96650950227598,85,65.34986912443848,34.650130875561516,Shopping Complex
Sandy,Commercial,42.48393164376577,1,1,16948.485451278328,791.4184970375734,692.2300470011966,4,0,2,19.223618029082488,25,29.193447260390386,10,20.276628125276467,79.72337187472354,Hospital/Clinic
Sandy,Commercial,42.40603341383025,1,1,17449.491868039724,439.495360367298,2231.0940929109356,1,0,2,49.02877002450456,25,29.32327764361625,10,30.740888919480657,69.25911108051935,Hospital/Clinic
Rocky,Residential,41.79940092742558,1,0,10922.947686051304,393.64497758597713,3279.136169634214,1,2,1,49.93145111298498,55,30.334331787624038,45,44.55959083645075,55.44040916354925,Individual House
Black Cotton,Residential,56.82839722142703,1,0,18617.98419007911,870.0372034754546,2165.053227951998,4,0,3,63.792900694643244,40,5.286004630954949,45,40.89901640086387,59.10098359913613,Individual House
Black Cotton,Commercial,50.26981409537842,1,0,2230.017555453132,1059.7284525108378,1416.0781352037889,0,2,3,53.75410918023117,40,16.216976507702626,45,40.11818234000656,59.88181765999344,Shopping Complex
Black Cotton,Industrial,7.30849994339283,0,1,3151.290052773133,49.75913555278344,1436.786853814274,0,1,1,91.92306395727027,40,87.81916676101196,45,71.37786407529758,28.62213592470242,Factory
Loamy,Industrial,30.909556788748223,0,1,12338.976370274362,851.1023728855565,1168.2802312885788,2,1,1,37.638215428584516,15,48.48407201875297,45,38.794393404692826,61.205606595307174,Factory
Red Soil,Agricultural,26.887418091073343,0,1,7727.25137407809,255.68929341994294,1719.5160029154483,3,1,2,62.327107930344056,20,55.18763651487777,45,49.861396904339855,50.138603095660145,Individual House
Black Cotton,Commercial,22.058097159994112,1,0,9820.278157594777,210.54409707915084,4358.373877917835,0,0,1,89.85282988525242,40,63.236504733343146,45,64.50761664317413,35.49238335682587,Shopping Complex
Black Cotton,Industrial,29.82351988347535,0,0,7233.505140046164,934.6792321420268,2526.122751614976,1,1,0,70.54412002913116,40,50.294133527541085,85,64.51397539208118,35.48602460791882,Factory
Clayey,Commercial,26.13068017092876,0,1,8689.780917453776,466.30517582620956,1201.1936403890923,0,0,1,51.51289221547708,30,56.4488663817854,45,47.891728870863325,52.108271129136675,Shopping Complex
Loamy,Industrial,28.778364493326592,1,1,16630.280595779688,661.3203497022961,1922.6335851326621,3,2,0,53.25808057932159,15,52.036059177789014,10,36.399342997209814,63.600657002790186,Factory
Rocky,Agricultural,58.859402608475335,1,0,12276.04779723179,539.9982141596594,529.1520603928401,1,0,1,9.868190555737968,55,1.9009956525410985,45,23.429115607643563,76.57088439235643,Individual House
Black Cotton,Agricultural,9.87481361122694,0,1,19949.546436386467,972.5044802287856,4520.1786986936895,3,1,2,75.53129659719326,40,83.54197731462176,45,64.57144813767309,35.42855186232691,Individual House
Clayey,Commercial,55.72269784113014,0,0,15950.704758598296,705.1796490997033,2040.98916045716,4,0,3,58.06932553971747,30,7.128836931449769,85,47.856473171763554,52.143526828236446,Hospital/Clinic
Sandy,Industrial,31.41301924090647,0,0,6199.658827934706,1445.1879930569212,4901.956022965379,3,0,0,48.146745189773384,25,47.644967931822556,85,53.762602799376324,46.237397200623676,Factory
Rocky,Residential,39.305823502474766,0,1,6022.557236807228,528.574138659698,1737.6938663125964,3,2,3,38.92742145063323,55,34.49029416254206,45,41.747171048357146,58.252828951642854,Individual House
Black Cotton,Agricultural,50.66006316397316,0,1,7382.067132223136,1110.4265103942528,4181.780236135605,3,0,0,65.3349842090067,40,15.566561393378066,45,44.00888482149686,55.99111517850314,Individual House
Black Cotton,Commercial,24.825466603209055,0,1,17021.930132307112,385.9388513745668,1281.926566457266,1,1,3,64.27583359586905,40,58.62422232798491,45,54.40259734055039,45.59740265944961,Shopping Complex
Clayey,Commercial,28.67320494483818,0,1,1518.4653623607464,763.1296389392203,380.76446688801116,3,0,2,32.44698810155068,30,52.21132509193637,45,40.15927710852683,59.84072289147317,Shopping Complex
Loamy,Industrial,27.52351641532927,1,1,5373.444298553896,828.8546278529356,158.6668083690035,3,0,0,18.29245706354775,15,54.12747264111788,10,24.684228132521184,75.31577186747882,Factory
Black Cotton,Commercial,25.61020623946679,0,0,18193.449986541073,493.66392159409827,3030.8421332239177,2,1,1,71.9776131444874,40,57.316322934222015,85,66.77124533412609,33.22875466587391,Shopping Complex
Sandy,Agricultural,55.904112690579225,1,1,13158.032285581787,707.6707933689437,1557.868358367947,1,0,2,33.18133899471414,25,6.826478849034629,10,19.570088360408604,80.4299116395914,Individual House
Black Cotton,Commercial,50.59114401561566,1,0,5310.094814520072,418.91795684773825,2217.599402379142,3,2,3,70.21713658523178,40,15.681426640640566,45,45.74635446499126,54.25364553500874,Shopping Complex
Sandy,Commercial,10.994999442463685,1,1,5163.754396419026,9.001172510972989,4093.2351780039767,0,1,0,82.7111797887257,25,81.6750009292272,10,55.61766315836079,44.38233684163921,Shopping Complex
Rocky,Residential,10.946784386240282,0,1,17389.74393342918,323.47245245681813,1240.5404284740107,3,1,2,46.66576532551106,55,81.7553593562662,45,56.27185770299542,43.72814229700458,Individual House
Rocky,Residential,28.532823316914516,0,1,17981.392657263885,1050.096258739801,1543.2623836745663,0,0,3,37.732041844262696,55,52.44529447180914,45,45.81753826344423,54.18246173655577,School
Red Soil,Agricultural,10.426155720304498,1,1,5866.4907282801905,1156.4445367280655,4226.680925293336,4,2,0,57.39346106992387,20,82.6230737994925,10,46.24347982434648,53.75652017565352,Individual House
Red Soil,Industrial,39.05012023991158,0,1,8989.696803454113,420.3043007083799,2463.8113667175203,4,2,0,55.01921189751931,20,34.91646626681404,45,42.235840730835264,57.764159269164736,Factory
Sandy,Residential,12.903038399395365,0,1,16857.319033938023,612.064498227108,4138.325835262438,1,1,2,52.77424040015116,25,78.49493600100773,45,53.094718140304835,46.905281859695165,Individual House
Loamy,Industrial,33.73052951817406,1,0,15649.141333587822,56.048490207916636,1872.380017331582,1,1,3,77.65205855461312,15,43.78245080304324,45,51.6238331948754,48.3761668051246,Factory
Black Cotton,Agricultural,5.397097085204477,0,1,16464.406024755604,355.59435164652086,1991.8499041355426,4,0,3,85.15206271261849,40,91.00483819132587,45,69.80443149724793,30.195568502752067,Individual House
Black Cotton,Residential,22.41279916269557,1,1,10849.565624971407,1168.8289250584487,835.6918088912812,1,1,0,49.110636387151736,40,62.645334728840716,10,41.35005641771328,58.64994358228672,Apartment
Red Soil,Industrial,42.24548980199605,1,1,18319.43191779829,908.9794053975859,4581.729267974832,0,2,3,49.438627549500985,20,29.590850330006575,10,30.201232224826988,69.79876777517302,Factory
Sandy,Residential,31.622141712531665,1,1,7193.07933513427,308.6557829315571,4483.918470063048,0,0,1,59.57511759597366,25,47.296430479113894,10,38.92539877836926,61.07460122163074,School
Black Cotton,Agricultural,58.804821729944344,1,0,3976.7705526028426,386.1629926836482,4921.085072823867,2,0,1,70.12901500649502,40,1.991963783426101,45,42.29314619812978,57.70685380187022,Individual House
Black Cotton,Agricultural,53.075708783641595,0,0,14465.914318732432,1225.2030344843402,2012.2356358485576,1,2,0,64.7310728040896,40,11.540485360597344,85,52.7909968215807,47.2090031784193,Individual House
Loamy,Residential,24.748892847373316,1,0,11247.733904131032,313.6263044173512,4093.0747087932104,1,2,3,66.9951985231156,15,58.751845254377805,45,51.636280796684915,48.363719203315085,Individual House
Clayey,Industrial,7.501759780975103,0,0,17237.12960738014,501.2365887706968,2074.768658360593,2,1,0,70.12456005475622,30,87.49706703170816,85,72.16786277709171,27.832137222908287,Factory
Red Soil,Commercial,51.509446506326036,0,0,2542.025733369584,996.5380374819665,2271.493944604864,3,2,1,47.12263837341849,20,14.150922489456605,85,44.28065405306062,55.71934594693938,Shopping Complex
Red Soil,Commercial,55.117887067306924,0,0,17030.15566532327,841.668578562118,4149.9969679741225,0,0,0,46.22052823317327,20,8.136854887821798,85,42.461398603566096,57.538601396433904,Hospital/Clinic
Clayey,Residential,50.13450663804702,0,1,6572.598410967622,691.3053078507214,886.8338544319987,3,0,0,37.20305042912822,30,16.44248893658829,45,32.88168988434195,67.11831011565805,Individual House
Black Cotton,Industrial,12.037246750587068,1,1,13442.257676195477,1349.6116364696165,1101.5546723087616,2,2,2,57.02178175852847,40,79.93792208235489,10,48.44210413607368,51.55789586392632,Factory
Loamy,Commercial,59.88533239267583,1,0,1762.44699248686,329.5656940725775,1573.6412019790753,1,1,2,48.727549297057905,15,0.1911126788736226,45,30.60242042368867,69.39757957631133,Shopping Complex
Loamy,Agricultural,19.22213218540256,1,1,12582.044629768414,1112.1298362945,3940.8951625002874,3,0,1,57.19446695364936,15,67.96311302432906,10,41.75884168985954,58.24115831014046,Individual House
Red Soil,Industrial,44.83127020446035,1,1,14628.162094559384,238.59576092727502,1863.2577468404138,1,1,3,61.7415917300567,20,25.281216325899408,10,33.4298611869947,66.5701388130053,Factory
Loamy,Commercial,54.941918198464684,1,1,8006.254075606786,923.6007502232178,1790.8410414038078,2,2,1,44.08134127845999,15,8.430136335892186,10,22.28600353143404,77.71399646856597,Shopping Complex
Rocky,Industrial,17.962791288189017,0,1,5092.803399980665,1305.9353451169698,4994.081726276208,4,1,3,49.50930217795275,55,70.06201451968496,45,54.3437593922047,45.6562406077953,Factory
Clayey,Residential,54.95422050723863,1,1,11214.982855467355,686.8526782172069,1919.0307154973973,1,0,3,56.64205918313829,30,8.40963248793561,10,28.9271288360823,71.0728711639177,Individual House
Black Cotton,Industrial,22.021486855717683,0,0,16830.625284277285,1086.4417607869934,1238.8526815779348,3,2,2,57.27168191762928,40,63.297521907137195,85,63.11946914795455,36.88053085204545,Factory
Rocky,Commercial,58.702727231123085,0,0,7147.399807636366,1230.5900294984822,3116.0683910047164,3,0,2,39.32431819221923,55,2.1621212814615234,85,43.80404168764211,56.19595831235789,Hospital/Clinic
Clayey,Residential,20.469301120926104,1,0,5796.916652904311,204.0396373164041,4009.399759775004,2,0,1,84.64029648078423,30,65.88449813178983,45,61.84522830122194,38.15477169877806,Individual House
Sandy,Industrial,57.43897036168094,0,0,6299.770864116066,1058.7403429231651,348.0391686157963,3,2,1,8.601040781895692,25,4.268382730531769,85,29.077459956296437,70.92254004370356,Factory
Red Soil,Agricultural,7.944955799097119,0,0,19033.510905416624,1379.7615359830145,3094.461155692375,0,1,1,58.013761050225725,20,86.75840700150479,85,66.2444181179552,33.755581882044794,Individual House
Loamy,Commercial,44.00996064183972,1,0,7826.261399526634,864.5559147833163,178.67727940112377,1,2,2,14.571055427562547,15,26.6500655969338,45,25.26238579888034,74.73761420111965,Shopping Complex
Sandy,Residential,34.266112361035205,1,1,1068.4805578774562,279.18336679313404,2631.6617548975896,0,0,2,60.68246990215316,25,42.88981273160799,10,38.2113176486556,61.7886823513444,Individual House
Loamy,Industrial,31.283239241750184,1,0,15851.942951232775,190.41379738341448,1284.9578187890459,2,0,0,58.45351872233851,15,47.86126793041636,45,45.92404853542257,54.07595146457743,Factory
Rocky,Agricultural,17.292187284071197,0,1,14286.221111372413,389.6029957001219,1533.2084883659286,0,0,1,46.96494320429346,55,71.17968785988134,45,53.732652086473045,46.267347913526955,Individual House
Black Cotton,Commercial,43.807768437707054,1,1,3442.7970274564086,155.26990352502384,2335.479819911913,0,2,0,87.73186367907181,40,26.98705260382158,10,45.95291543863053,54.04708456136947,Shopping Complex
Black Cotton,Agricultural,15.494522029546891,1,0,19713.18073356334,770.0911073775712,4635.537303727935,1,2,3,74.12636949261328,40,74.17579661742184,45,61.7381784767701,38.2618215232299,Individual House
Black Cotton,Industrial,35.406298779162256,0,0,12553.183420797113,104.55702406010187,3553.3365329393823,1,2,1,92.87500386160332,40,40.989502034729576,85,70.00362686024356,29.996373139756443,Factory
Loamy,Industrial,18.928494967213794,1,0,10514.810327871428,335.1069369543397,4684.227981422482,4,2,2,67.16146004093616,15,68.45250838797702,45,54.11963811132191,45.88036188867809,Factory
Sandy,Residential,57.55917588797458,0,1,8262.166084834931,659.8656658683216,3299.8550227933883,0,1,1,41.61020602800635,25,4.068040186709027,45,30.58058215647948,69.41941784352052,School
Black Cotton,Agricultural,6.574715660960905,0,0,18074.78235570912,710.8721256030321,35.53873543929831,1,0,1,37.06709579354574,40,89.04214056506515,85,62.4840186690073,37.5159813309927,Individual House
Sandy,Residential,15.985055406118011,1,0,5635.306146952702,848.0977277204466,1327.925986738388,0,1,2,38.56225588323825,25,73.3582409898033,45,46.83634980658421,53.16365019341579,Individual House
Loamy,Commercial,18.327083351309625,0,0,6429.609104178136,1058.4224441260899,4528.86288860187,0,0,2,57.418229162172594,15,69.45486108115063,85,60.960095477048064,39.039904522951936,Shopping Complex
Rocky,Residential,27.773730417229903,0,1,3325.8053270447713,70.8429594982013,3217.227604838724,2,0,3,72.80598982580045,55,53.71044930461683,45,58.40970876518436,41.59029123481564,Individual House
Sandy,Commercial,17.800163302852944,1,0,15423.262816100942,120.93142826367486,4908.236182851374,2,1,1,74.29407347846627,25,70.33306116191176,45,58.58619100794114,41.41380899205886,Shopping Complex
Rocky,Industrial,32.02419996478319,1,0,12315.436327711213,91.28872770717112,779.820096091478,0,2,1,46.11302826820349,55,46.62633339202801,45,47.29614324187823,52.70385675812177,Factory
Loamy,Industrial,52.985603779219645,1,1,12572.257215835467,634.7254731973655,1483.739165532597,2,0,1,38.428382365847035,15,11.690660367967254,10,21.122598920038275,78.87740107996173,Factory
Loamy,Agricultural,44.16348817750439,0,1,5150.938189369809,62.77191732440146,1811.8382975851816,1,2,1,73.42957886786344,15,26.394186370826006,45,45.798899196458706,54.201100803541294,Individual House
Red Soil,Commercial,36.89790892943111,0,1,13372.199393414594,1119.1219002469893,1632.7890908365528,0,1,3,43.43130458437328,20,38.50348511761481,45,39.07682788393435,60.92317211606565,Shopping Complex
Loamy,Industrial,9.895174789047381,1,0,15543.710497690416,334.50027155771676,1259.9576507494032,2,0,1,54.65534302426321,15,83.50804201825437,45,53.506380563055714,46.493619436944286,Factory
Loamy,Agricultural,43.16956596141016,1,0,7799.882083788096,1408.818739934938,2217.328578783889,1,2,3,51.20760850964746,15,28.050723397649733,45,38.43534382778904,61.56465617221096,Individual House
Clayey,Agricultural,14.152785637101692,1,1,16225.595735272533,729.6056326456671,3211.490616846856,0,1,3,68.46180359072457,30,76.41202393816386,10,50.06463724129456,49.93536275870544,Individual House
Black Cotton,Residential,48.250206227893386,0,0,7627.021182108398,669.4886286633024,1556.28461443348,0,0,2,57.06314073169625,40,19.5829896201777,85,52.11784666113811,47.88215333886189,School
Red Soil,Agricultural,18.753121718058424,1,1,15404.630768676465,1170.8080389592503,398.4996165712784,2,1,1,23.281711901910963,20,68.7447971365693,10,30.83479844981116,69.16520155018884,Individual House
Red Soil,Industrial,27.937680057649548,0,1,1640.8720416966607,1069.7309758394867,3542.662634465817,1,2,2,53.015579985587614,20,53.43719990391742,45,46.16475297093502,53.83524702906498,Factory
Red Soil,Residential,24.275861127486035,1,1,11472.1274279994,910.9635614222143,2295.0827789063433,0,0,3,53.931034718128494,20,59.54023145418994,10,39.260920014892456,60.739079985107544,School
Clayey,Commercial,52.23476530711712,0,1,19421.004652157844,1402.720059375555,2782.411530450316,0,0,0,58.94130867322072,30,12.942057821471465,45,39.614972490995115,60.385027509004885,Hospital/Clinic
Rocky,Commercial,11.959945229237448,0,1,19643.647412965423,633.3888914806155,2277.0032858195755,4,0,0,51.010013692690634,55,80.06675795127092,45,57.370194280259454,42.629805719740546,Shopping Complex
Loamy,Industrial,36.11046853116338,1,0,6353.298988493071,1212.7975136584296,4451.787517274552,0,1,1,52.972382867209156,15,39.815885781394364,45,41.99430544887179,58.00569455112821,Factory
Black Cotton,Industrial,12.813388519368424,0,0,9386.582730526754,570.1394186187277,2793.7249858319,4,1,0,74.7966528701579,40,78.6443524677193,85,73.08991662148509,26.910083378514912,Factory
Sandy,Residential,43.76377098727026,0,0,2196.580251746028,1257.5185114441572,4616.384199258749,4,1,2,45.05905725318243,25,27.060381687882895,85,47.53576546058457,52.46423453941543,Individual House
Rocky,Residential,54.77929702869646,1,0,17593.484844487393,389.2119434489529,2552.876707780001,1,1,0,46.9524591358887,55,8.701171618839226,45,38.10865360227085,61.89134639772915,Individual House
Loamy,Industrial,28.903420962698938,1,1,11802.870909664069,433.90060925404873,1462.9408112014091,3,2,0,47.99892442811053,15,51.82763172883511,10,34.506531482047464,65.49346851795254,Factory
Clayey,Industrial,31.845074314573672,0,0,8316.912899869823,1016.804301026181,1777.212935880983,4,1,3,59.582990138976236,30,46.924876142377215,85,58.335265584235984,41.664734415764016,Factory
Loamy,Commercial,56.008256006551925,0,1,3142.6406112939085,319.0699424276945,2610.646467923928,1,1,2,58.853739452700346,15,6.65290665574679,45,35.76203547238182,64.23796452761817,Shopping Complex
Loamy,Commercial,33.65452637571464,0,1,18988.578424440893,343.73128053814315,2649.947189025043,2,1,1,62.962491573782756,15,43.90912270714227,45,46.51415272760953,53.48584727239047,Shopping Complex
Clayey,Commercial,31.81791409272585,1,0,11074.16190859888,457.8936435261221,3436.688507744744,4,2,2,66.5719028652512,30,46.970143178790245,45,50.79270179753548,49.20729820246452,Shopping Complex
Red Soil,Industrial,36.808100648736726,0,0,6375.630652575173,1018.3931544905638,1122.474360933154,3,2,2,33.247462056478895,20,38.653165585438785,85,45.54990311612731,54.45009688387269,Factory
Red Soil,Agricultural,42.90763549996235,0,1,7654.087472498681,1334.082138634848,3294.2144998275085,2,0,1,49.273091125009415,20,28.48727416672942,45,38.61740043543565,61.38259956456435,Individual House
Black Cotton,Industrial,10.878585629786727,1,0,6143.246437520806,1011.85147669048,3892.940041903761,4,1,2,75.28035359255333,40,81.86902395035546,45,64.06537974498252,35.93462025501748,Factory
Black Cotton,Industrial,50.16107902578338,1,0,12434.386368282632,1241.7213665161878,3382.9599473349504,4,0,3,65.45973024355416,40,16.398201623694362,45,44.26045599116755,55.73954400883245,Factory
Red Soil,Commercial,28.952776509929258,1,0,18669.307939829687,815.3408845417047,2409.1405490879542,3,0,1,52.761805872517684,20,51.745372483451234,45,45.652975176244,54.347024823756,Shopping Complex
Rocky,Industrial,8.979168044361705,1,0,17277.182263204726,103.38483201771793,4958.40325558417,0,2,3,75.5521180678465,55,85.03471992606383,45,67.20192130526223,32.79807869473777,Factory
Sandy,Residential,48.24004680590172,1,1,9747.236633093573,150.69931726275098,2024.0657956460811,3,2,2,64.89802926275951,25,19.599921990163807,10,33.86429073950678,66.13570926049323,Individual House
Loamy,Industrial,25.732248442744964,0,1,16703.48788371915,831.5879675503732,532.953072899146,1,0,0,26.225999347296682,15,57.11291926209173,45,36.95732958707677,63.04267041292323,Factory
Sandy,Industrial,10.520212230227965,0,0,9039.004144250266,491.7014529631644,4107.521077036715,1,0,1,53.86785976465315,25,82.46631294962006,85,64.47032915503361,35.52967084496639,Factory
Loamy,Industrial,39.85784717487878,0,1,5793.835674414123,330.85211045541394,1061.006094402091,3,1,1,43.40453346699729,15,33.57025470853537,45,37.08415039058289,62.91584960941711,Factory
Red Soil,Industrial,53.40722443885029,1,1,19684.88719006213,699.3853909539312,3566.4278645122104,3,2,0,46.64819389028743,20,10.987959268582841,10,24.57385767874631,75.42614232125369,Factory
Black Cotton,Agricultural,53.82644301776925,1,0,6773.863791445615,999.7451113564523,894.8814135756295,3,2,0,42.44101751707028,40,10.289261637051254,45,34.67667154023741,65.32332845976259,Individual House
Rocky,Industrial,57.67149111449353,1,0,7150.76038875126,577.4879216037876,84.38695428969689,3,0,1,1.269866307170556,55,3.8808481425107857,45,20.914665243137392,79.08533475686261,Factory
Black Cotton,Residential,52.72380028716784,0,1,19804.164487943923,1203.8133857360124,798.9930189451283,3,2,0,40.7989103071106,40,12.12699952138692,45,34.56136848783544,65.43863151216456,Individual House
Sandy,Residential,5.117750564001137,1,1,3544.622370147443,1107.7848698570906,1884.9434828791095,4,0,3,52.41943201658191,25,91.47041572666477,10,47.46440513746985,52.53559486253015,Individual House
Black Cotton,Industrial,25.913264152736463,1,1,15450.145772184207,1102.3723232393502,533.0912356489914,2,0,2,42.18350867479571,40,56.81122641210589,10,37.46703463920497,62.53296536079503,Factory
Red Soil,Commercial,50.01984189480267,1,0,18780.442411171804,1477.7845345160827,988.3954211784102,1,2,3,27.262947949867538,20,16.633596841995555,45,27.950430992952526,72.04956900704747,Shopping Complex
Rocky,Agricultural,25.14391532991608,0,1,10724.104891232953,442.8449660574522,3823.131388421965,1,1,2,51.14332320407385,55,58.093474450139865,45,51.923531733960814,48.076468266039186,Individual House
Sandy,Industrial,38.085167850883835,1,1,1047.9134723535806,967.0883795113427,3849.418039885654,2,2,2,46.47870803727904,25,36.52472024852694,10,31.648727875179397,68.35127212482061,Factory
Rocky,Industrial,38.34743210559926,1,0,8126.119938149019,1283.2175102404703,4087.4411359548835,3,0,0,44.41314197360018,55,36.087613157334566,45,44.0665029800937,55.9334970199063,Factory
Loamy,Industrial,25.076391722135266,0,1,3119.810855311715,869.2866508708664,4205.776182737963,2,0,0,55.73090206946618,15,58.206013796441226,45,47.557319173423465,52.442680826576535,Factory
Black Cotton,Commercial,54.74606600047082,1,0,8907.56555774022,1184.253264173089,2102.179473068777,3,1,3,64.3134834998823,40,8.75655666588196,45,41.94885839142929,58.05114160857071,Shopping Complex
Rocky,Commercial,32.67755899623647,1,0,16010.50847120341,621.6782787598684,4337.7483034676425,1,0,0,45.83061025094088,55,45.53740167293922,45,46.92506400606411,53.07493599393589,Hospital/Clinic
Clayey,Commercial,30.563131326562544,1,1,9335.51942879221,885.737018482207,2629.6843750702155,0,1,3,64.35921716835936,30,49.06144778906243,10,41.79108795619138,58.20891204380862,Shopping Complex
Black Cotton,Agricultural,59.863256011404275,0,0,9206.577305572528,83.49958920649242,2352.9855846800406,1,2,1,88.02421064475939,40,0.2279066476595375,85,58.115450387580665,41.884549612419335,Individual House
Loamy,Residential,32.14252002399392,1,0,11579.000061458086,1478.65140873722,3592.681644978879,1,1,3,53.96436999400152,15,46.42913329334347,45,43.994812821236394,56.005187178763606,Individual House
Rocky,Agricultural,14.811903856071957,1,1,12052.121110205924,1200.0277221726258,1069.092056799536,0,0,2,31.67886517197273,55,75.3134935732134,10,40.665976203493805,59.334023796506195,Individual House
Sandy,Commercial,33.21881825748909,0,0,17269.629867180454,1303.2136074471741,3947.48688413736,2,0,1,47.69529543562773,25,44.63530290418485,85,52.852179128515914,47.147820871484086,Hospital/Clinic
Loamy,Residential,49.770920453596155,0,1,6858.753345350078,1041.441417214419,2147.329132831016,4,1,3,49.55726988660096,15,17.048465910673073,45,35.107160937978605,64.8928390620214,Individual House
Clayey,Residential,47.72731797940548,1,0,16611.754022992303,279.0750492130492,636.4770700188021,3,2,3,46.05320895274172,30,20.454470034324203,45,36.98224064204065,63.01775935795935,Individual House
Rocky,Commercial,48.371997080965905,0,0,11752.741225148899,46.5426636270484,596.5595675848379,3,1,1,41.045632263832374,55,19.38000486505682,85,48.710972508605536,51.289027491394464,Shopping Complex
Red Soil,Commercial,43.94130811988515,1,1,6710.061444625792,1296.9849116040205,824.5337192335006,1,0,1,25.505347354698724,20,26.764486466858088,10,21.117993190859075,78.88200680914093,Hospital/Clinic
Black Cotton,Agricultural,18.981980598667853,0,1,6607.394836115465,594.4959806041846,4452.863671218912,0,2,2,73.25450485033303,40,68.36336566888691,45,59.979918114838284,40.020081885161716,Individual House
Sandy,Commercial,52.41462472121273,1,1,7861.612825008766,395.7973140598799,4954.689111295237,1,1,2,49.14850497610402,25,12.642292131312118,10,26.612549774464437,73.38745022553556,Shopping Complex
Red Soil,Residential,54.13939059569458,1,0,12831.171609779534,842.5094382584166,1784.8689960064173,1,1,2,42.1625322712047,20,9.767682340509026,45,31.4488068800489,68.55119311995111,Individual House
Rocky,Industrial,15.678398314020198,1,1,5385.422895839034,631.347783713579,1460.7192610264879,2,1,0,39.294785642024706,55,73.86933614329968,10,42.97050901053356,57.02949098946644,Factory
Rocky,Commercial,12.175060010326664,0,0,18486.337671773083,977.4989935313355,1093.8548629716865,3,0,2,32.83333225685206,55,79.70823331612223,85,60.91872461892878,39.08127538107122,Shopping Complex
Loamy,Commercial,58.65827327240116,0,1,11923.339099380108,725.6898495817704,4119.082385836227,4,0,0,47.335431681899706,15,2.2362112126647276,45,30.62645389183108,69.37354610816892,Hospital/Clinic
Rocky,Agricultural,52.757818000770236,1,0,18480.29976292413,1045.849710660406,1046.0374120943804,0,0,3,21.731293741695048,55,12.070303332049605,45,30.123528642605667,69.87647135739434,Individual House
Sandy,Agricultural,54.12798809654707,1,1,1881.6828130039394,1280.1349042637144,4620.450649651349,4,2,3,42.46800297586323,25,9.786686505754886,10,23.56047266799085,76.43952733200915,Individual House
Red Soil,Commercial,53.75070115434173,1,0,7509.616038767995,293.33551643368355,3336.7518948564134,0,2,3,58.962193725393554,20,10.415498076097109,45,37.490642322912024,62.509357677087976,Shopping Complex
Sandy,Residential,34.79277532185506,1,1,1433.3455530648384,494.1493208482302,4485.638958345973,3,2,0,47.652846918642425,25,42.01204113024156,10,33.43150670408524,66.56849329591476,Individual House
Clayey,Residential,40.552095516618984,0,0,6172.784486861427,655.2233798559583,2770.0492719707313,2,0,3,61.861976120845256,30,32.41317413896836,85,55.50498517703792,44.49501482296208,Individual House
Clayey,Industrial,34.9949568673503,0,0,17378.122973103174,1443.0876720414574,3453.399310912484,4,2,3,63.25126078316242,30,41.6750718877495,85,58.30670924604422,41.69329075395578,Factory
Black Cotton,Commercial,7.816349205468098,1,0,1695.5846010018163,548.0004203212279,3097.2905032885383,0,2,0,76.04591269863297,40,86.97275132421984,45,65.6092572755765,34.390742724423504,Shopping Complex
Black Cotton,Agricultural,46.0026696944025,0,0,9286.794898399152,571.6497743889444,4155.977281618984,1,1,2,66.49933257639938,40,23.328883842662506,85,56.356987362405405,43.643012637594595,Individual House
Clayey,Residential,32.793261833473416,0,1,3233.774338991328,980.2087844393417,4179.304055929405,3,0,2,63.801684541631644,30,45.34456361087764,45,49.41673049229048,50.58326950770952,Individual House
Rocky,Industrial,40.62399911346264,0,0,8919.972525946987,628.7995648349239,2948.9649992256254,2,1,2,43.84400022163434,55,32.2933348108956,85,52.918733780295916,47.081266219704084,Factory
Sandy,Commercial,32.64518927365444,1,1,16938.180101023172,1426.835618459408,3162.538246648862,1,0,2,47.83870268158639,25,45.59135121057594,10,34.39138374119922,65.60861625880078,Hospital/Clinic
Clayey,Residential,32.04962272773508,1,0,12838.349634647864,1341.7031407131658,4609.37960248915,2,0,1,63.98759431806623,30,46.583962120441534,45,49.79164854143356,50.20835145856644,Individual House
Black Cotton,Commercial,14.448401021277174,0,1,14998.37056129704,770.1131666635094,4649.332419824847,0,2,3,74.38789974468071,40,75.91933163120471,45,62.265597818439424,37.734402181560576,Shopping Complex
Clayey,Commercial,20.329254332763192,0,0,7632.978193542039,967.1628509217747,3321.248919475908,1,1,2,66.9176864168092,30,66.11790944539467,85,65.70066760723189,34.29933239276811,Shopping Complex
Rocky,Residential,13.73689805691757,1,0,18943.556205192686,87.04584282543082,38.771390865817715,2,1,2,36.118452733561114,55,77.10516990513739,45,51.41775093303073,48.58224906696927,Individual House
Clayey,Residential,15.761646259393833,1,1,14475.979781810502,1043.595792048597,522.056073769705,3,2,2,38.50070991054564,30,73.73058956767694,10,38.90789586061021,61.09210413938979,Apartment
Sandy,Residential,58.51375592311677,1,1,9014.177566406088,1060.8013094235484,4289.712658872081,4,1,2,41.371561019220806,25,2.4770734614720595,10,21.349314722095293,78.6506852779047,Apartment
Red Soil,Commercial,13.421239517470914,0,0,9102.831204314043,538.798943464812,423.5705818540075,4,1,2,25.11610175771242,20,77.63126747088181,85,52.4484524829198,47.5515475170802,Shopping Complex
Rocky,Commercial,19.80987333678642,0,1,18454.999380922654,329.524325437909,1067.5959042753318,1,0,1,40.6279902250355,55,66.9835444386893,45,50.46568268843475,49.53431731156525,Shopping Complex
Black Cotton,Industrial,37.482431175622175,0,1,11951.689175272444,1372.617602725525,1152.7334011082592,3,1,1,51.68406022825964,40,37.529281373963045,45,44.72174142338163,55.27825857661837,Factory
Sandy,Agricultural,38.5598216930153,1,1,14421.204988157793,640.0573512076916,3001.1738488995243,3,1,0,46.360044576746176,25,35.73363051164117,10,31.409423229771452,68.59057677022855,Individual House
Clayey,Commercial,13.468577135910598,1,0,8923.669265750244,980.559157202566,2883.163989418821,2,0,0,68.63285571602235,30,77.552371440149,45,59.15959236064507,40.84040763935493,Shopping Complex
Clayey,Agricultural,48.65445841818668,1,1,5250.162530529568,49.99319246438394,1447.0876171020013,1,2,2,75.77854618963033,30,18.909235969688865,10,38.24980015879283,61.75019984120717,Individual House
Red Soil,Residential,48.18615773520538,1,0,14747.626547893953,621.1007498652544,1038.0568278422143,3,0,0,28.714597123042942,20,19.689737107991036,45,29.222543270062786,70.77745672993721,Individual House
Black Cotton,Commercial,18.052473731214008,1,1,12548.65167068637,1225.88821652082,3822.660149287379,2,2,1,73.48688156719649,40,69.91254378130999,10,51.69854449384627,48.30145550615373,Shopping Complex
Black Cotton,Industrial,20.876646647150324,0,1,10525.514728070808,581.3640006010726,4677.280778029881,3,2,2,72.78083833821242,40,65.20558892141614,45,59.02469064872838,40.97530935127162,Factory
Loamy,Industrial,56.589332600272336,0,0,12856.397859894812,904.7417402053152,264.02839958219346,1,0,0,13.133234841575787,15,5.684445666212781,85,29.51774361110472,70.48225638889528,Factory
Black Cotton,Agricultural,50.41192952887129,0,1,4957.426135220439,314.7837007268092,665.9023135243142,3,0,0,49.82804184465991,40,15.980117451881185,45,38.68484400860126,61.31515599139874,Individual House
Red Soil,Residential,43.37883681843881,1,1,16084.83542410717,624.7884732593393,3210.8199435285374,3,2,1,49.1552907953903,20,27.701938635935306,10,29.62983643737043,70.37016356262957,Apartment
Loamy,Agricultural,9.52282718308303,0,1,19015.09329538581,1391.45657707978,4022.2072583571285,3,0,3,59.619293204229244,15,84.12862136152829,45,55.39890796186231,44.60109203813769,Individual House
Loamy,Residential,28.004524449641664,1,1,17930.959739186354,849.6776245515557,3955.943343881998,4,0,2,54.99886888758958,15,53.32579258393056,10,37.33105225663899,62.66894774336101,Individual House
Clayey,Industrial,35.76160296422549,0,1,7107.2791608333255,1352.8971886393972,3598.4157654134465,0,1,0,63.05959925894363,30,40.39732839295752,45,47.92019183886965,52.07980816113035,Factory
Clayey,Agricultural,15.30762083910773,0,1,8714.109692359441,1353.028949234315,4437.13977249046,1,0,1,68.17309479022306,30,74.48729860148711,45,58.23240782694985,41.76759217305015,Individual House
Black Cotton,Industrial,29.65246201595235,1,1,16359.643696153662,1416.2217006367193,1086.7443978540641,4,0,2,52.321772453093196,40,50.57922997341275,10,39.457427851935805,60.542572148064195,Factory
Loamy,Industrial,38.056423261877946,0,0,12307.225485667474,1343.087490120158,536.4547324597357,0,1,1,23.21498883372523,15,36.57262789687009,85,40.76840306602135,59.23159693397865,Factory
Clayey,Residential,23.005717406346957,0,0,11410.374429856334,4.921693515450965,3076.8148504568417,3,2,2,95.95326903748621,30,61.65713765608841,85,74.74792857714228,25.252071422857725,Individual House
Red Soil,Agricultural,47.9519650422768,0,0,18606.19738313546,1401.0223373723954,4111.379457617162,3,2,3,48.0120087394308,20,20.080058262872,85,46.07421762451878,53.92578237548122,Individual House
Clayey,Agricultural,51.2247269901343,0,0,11184.474258563965,206.18915862806458,2910.217892402866,4,0,3,76.82246873478256,30,14.625455016442828,85,56.2942278112846,43.7057721887154,Individual House
Rocky,Industrial,22.798520818873893,0,0,10783.834912158887,59.88937666672584,4814.987437294531,2,0,2,74.70700719527797,55,62.002465301876846,85,71.1480688438165,28.851931156183497,Factory
Rocky,Industrial,51.126143497085145,0,1,1798.3532340608335,83.08280186707923,3977.8223069589467,1,2,2,66.23349601370397,55,14.789760838191427,45,46.379163814344246,53.620836185655754,Factory
Clayey,Residential,10.696711135665826,0,0,2318.922213212615,523.3742927646504,3503.959004546304,0,0,1,69.32582221608354,30,82.17214810722362,85,70.55707480243514,29.44292519756486,Individual House
Loamy,Commercial,51.075100424246095,1,0,1140.9858497323535,931.2061279031903,301.286454358668,3,2,2,15.256953981111836,15,14.874832626256506,45,22.55864204995327,77.44135795004672,Shopping Complex
Loamy,Commercial,13.401273741718912,0,1,18351.640289889037,603.4667947784963,538.7111936584105,1,2,0,29.423905437738483,15,77.66454376380182,45,43.21450284415892,56.78549715584108,Shopping Complex
Sandy,Industrial,9.560993388034932,1,0,8759.346540336312,38.33142697406922,3924.1881629559716,3,1,2,81.3098660345471,25,84.06501101994178,45,64.47470586707692,35.52529413292308,Factory
Rocky,Commercial,40.297647244255614,0,1,9902.666146534839,714.7239512620721,991.1896278851467,3,1,2,23.74938074663903,55,32.8372545929073,45,36.02159690955048,63.97840309044952,Shopping Complex
Red Soil,Commercial,30.95655511654119,1,1,17062.352004256776,663.1961134055701,144.17588039495277,3,0,3,15.144378828763758,20,48.40574147243135,10,22.901967958175153,77.09803204182485,Hospital/Clinic
Loamy,Commercial,54.9339830227058,1,0,12575.67989713978,1135.2738982524704,4553.803428734825,1,0,3,48.26650424432355,15,8.443361628823666,45,32.50411689271915,67.49588310728085,Hospital/Clinic
Black Cotton,Commercial,24.975405784996706,0,0,12580.530331421041,419.41934763815755,4454.026868506171,4,2,1,76.59098769546137,40,58.37432369167216,85,68.65042661632951,31.34957338367049,Shopping Complex
Rocky,Industrial,20.793374489069578,1,1,6634.154157741436,326.29676069155073,1092.4191361574592,1,0,2,41.07223345938875,55,65.3443758515507,10,41.461375673673736,58.538624326326264,Factory
Red Soil,Commercial,32.54041983793091,1,1,16844.259104565863,383.90843651493935,3901.031290364773,1,1,0,58.83038884962092,20,45.76596693678181,10,37.532127831562775,62.467872168437225,Shopping Complex
Red Soil,Commercial,30.077040217276373,0,0,4150.769544750382,455.609733944772,239.89830605827544,2,2,0,19.942122030160093,20,49.87159963787271,85,43.69764262002421,56.30235737997579,Shopping Complex
Loamy,Residential,23.943542541945355,1,1,2009.8422512860102,898.7473100507498,1425.2900191163153,2,2,2,44.519914746839966,15,60.09409576342441,10,35.35549410225009,64.64450589774991,Individual House
Red Soil,Industrial,43.15577142840807,0,0,4640.463792852113,707.2882281781198,3118.334541283124,4,0,1,49.211057142897985,20,28.07371428598654,85,48.49229857151093,51.50770142848907,Factory
Loamy,Agricultural,46.77590086526496,1,0,6087.007156716729,505.3418477685869,3815.8949807919275,2,2,0,50.30602478368376,15,22.040165224558407,45,36.61714998042892,63.38285001957108,Individual House
Clayey,Agricultural,51.91411829665751,1,0,6363.910099229928,561.4712374255176,51.99594394094787,4,2,1,20.061389304654583,30,13.476469505570805,45,26.140603633021804,73.85939636697819,Individual House
Rocky,Residential,58.50711325906886,1,0,13739.758373756584,556.3854902384643,1631.0430663687202,3,2,2,31.99408301260719,55,2.4881445682185586,45,31.319965196467155,68.68003480353285,Individual House
Sandy,Residential,19.666090567287746,1,1,5138.667159244227,1458.6100420654761,1071.72780031837,3,1,1,32.51803336454547,25,67.22318238785377,10,34.43710727455436,65.56289272544564,Apartment
Clayey,Industrial,44.385141536947884,0,1,13856.507785404707,349.4954820794288,4993.902028743618,1,2,2,69.9339856909973,30,26.02476410508686,45,46.73308601812077,53.26691398187923,Factory
Rocky,Agricultural,26.684202952265988,0,0,2731.511291442195,1227.0923404083878,3354.9111619261753,3,1,3,47.3289492619335,55,55.52632841289002,85,59.94671434489923,40.05328565510077,Individual House
Loamy,Commercial,42.23950845731095,0,0,3796.8467608602714,1062.3162563822805,2028.357264398719,2,2,2,51.44012288567227,15,29.600819237815088,85,48.904247819439064,51.095752180560936,Shopping Complex
Rocky,Residential,31.17899296920712,0,1,10667.607521328904,8.355008405325881,378.2630099034251,0,0,1,43.26921145144717,55,48.03501171798813,45,46.65297693750354,53.34702306249646,School
Loamy,Agricultural,59.65752065223624,0,1,18516.02024895621,1489.7643271882318,2993.3512875348188,1,0,0,47.08561983694094,15,0.5707989129396083,45,30.122666671164232,69.87733332883576,Individual House
Clayey,Industrial,45.08961746849125,1,1,17331.784187411165,1134.6590559503604,3208.507354680321,4,2,2,60.72759563287719,30,24.850637552514584,10,34.467317859635656,65.53268214036434,Factory
Black Cotton,Commercial,57.387021523887846,0,1,19406.31540641326,1023.674379526187,4082.0296375156754,3,0,2,63.65324461902804,40,4.354964126853588,45,40.61737664837321,59.38262335162679,Hospital/Clinic
Black Cotton,Industrial,50.92332522146521,1,1,13359.102240285247,607.9870615149559,1442.8842645968177,1,1,2,54.12685398657005,40,15.127791297557977,10,31.22634671968901,68.773653280311,Factory
Rocky,Residential,54.65955561398541,0,0,13840.482461905749,832.8046333714344,4907.140402400482,1,2,3,40.335111096503645,55,8.90074064335765,85,45.842474044615685,54.157525955384315,Individual House
Black Cotton,Agricultural,49.79305584680712,0,0,12875.436979698348,379.9063435012053,2197.3286965697475,1,1,3,72.75735542822589,40,17.011573588654798,85,56.96796779704276,43.03203220295724,Individual House
Loamy,Agricultural,30.253752170675128,0,0,12833.559534305748,53.22510771854622,1479.7187732974683,3,2,3,70.83743096016782,15,49.57707971554145,85,60.6873707649441,39.3126292350559,Individual House
Red Soil,Agricultural,18.84836493407864,0,0,3795.2865562841084,1254.0324876689592,1742.2466700072891,4,1,0,50.132842166626126,20,68.58605844320226,85,58.94300936911971,41.05699063088029,Individual House
Loamy,Agricultural,25.36760964977872,1,1,11331.040167114645,1344.7267405217574,2597.930264835619,1,0,0,55.65809758755532,15,57.72065058370213,10,38.66049680156989,61.33950319843011,Individual House
Red Soil,Commercial,6.1129927951972745,0,1,8335.290735582788,243.70595492135982,4683.5078225356365,1,1,2,73.8493945059191,20,89.81167867467121,45,62.550207745739485,37.449792254260515,Shopping Complex
Clayey,Commercial,33.8196242105567,1,0,9408.207099768575,1180.5841437685995,3675.7939895970026,1,1,0,63.545093947360826,30,43.633959649072175,45,48.89927279384433,51.10072720615567,Shopping Complex
Sandy,Industrial,32.77817901487248,1,0,10948.410888125509,1111.729009928488,2885.5482473189113,3,0,1,47.80545524628188,25,45.3697016418792,45,43.074334746668455,56.925665253331545,Factory
Red Soil,Commercial,33.88877556567685,0,1,3439.5272642427803,267.56250290413567,814.051939899309,2,0,1,41.755094732318824,20,43.51870739053858,45,39.743960003946235,60.256039996053765,Shopping Complex
Black Cotton,Residential,58.571717373463514,1,0,7830.266943190277,632.7432038621907,746.7665544543584,4,2,3,38.29240174572129,40,2.380471044227477,45,31.24745837205932,68.75254162794067,Individual House
Loamy,Residential,55.12997019001616,1,0,2205.541656655468,634.136881251155,2510.9845690678203,1,2,1,48.21750745249596,15,8.11671634997306,45,32.40530669586685,67.59469330413316,Individual House
Clayey,Agricultural,13.89420280815594,0,1,19613.694478025584,1139.9463874578728,3643.5435230082458,1,1,1,68.52644929796102,30,76.8429953197401,45,58.945006084221376,41.054993915778624,Individual House
Black Cotton,Residential,25.288538685573904,1,1,3252.0325475823965,1256.4913586640832,3755.0608637755504,1,2,2,71.67786532860653,40,57.85243552404349,10,48.05036174602316,51.94963825397684,Individual House
Clayey,Industrial,28.317589870479406,0,1,5911.970032354136,142.1626820870565,1129.571919381292,3,1,3,68.9822799947826,30,52.80401688253432,45,53.09480221880749,46.90519778119251,Factory
Sandy,Commercial,24.829310481840626,0,0,17934.565607364548,844.4538523563044,500.4975642362663,2,2,3,19.80262366426517,25,58.61781586359896,85,46.585372248392545,53.414627751607455,Shopping Complex
Loamy,Commercial,48.91727799821522,1,1,10171.490878543695,1142.622745393328,1922.3049462689473,1,0,3,48.216779425825145,15,18.47120333630798,10,26.243673633115794,73.75632636688421,Hospital/Clinic
Rocky,Commercial,33.82207184271728,1,1,3577.1068288919755,1179.2858910977377,4590.862716220371,1,0,1,45.544482039320684,55,43.62988026213787,10,37.5980387792967,62.4019612207033,Shopping Complex
Loamy,Residential,36.46548993343938,1,0,8300.38022274763,221.99028664561337,2726.836263346911,3,0,0,69.56421031790336,15,39.2241834442677,45,47.6535194723331,52.3464805276669,Individual House
Sandy,Commercial,51.9157457443359,1,1,3201.4918896363306,788.2577147261911,1600.4988341588717,4,0,2,35.03104024709346,25,13.473757092773496,10,21.879303359676083,78.12069664032391,Shopping Complex
Loamy,Agricultural,49.326048437844726,1,0,4804.103944605534,1286.3380595440544,1618.1883416956084,4,1,0,42.032254724450986,15,17.789919270258792,45,32.65876897112254,67.34123102887746,Individual House
Rocky,Agricultural,12.271633755116483,1,0,1988.5670920470557,477.7778648779262,660.4352261109248,2,0,3,25.474124190763803,55,79.54727707480586,45,48.3027627354688,51.6972372645312,Individual House
Red Soil,Agricultural,44.265302124599884,1,0,9326.322396432899,637.6753483676957,2366.11868053079,4,0,3,48.93367446885003,20,26.224496459000193,45,37.93291017884756,62.06708982115244,Individual House
Clayey,Residential,28.948987089611954,0,0,16326.086312779937,1206.5377670044986,3956.813392574192,1,0,1,64.76275322759702,30,51.75168818398008,85,61.354885675653975,38.645114324346025,Individual House
Rocky,Commercial,21.205689668437525,0,1,12133.414395298014,133.97928177564344,4842.793457636707,3,0,2,70.65982067635201,55,64.65718388593746,45,60.39523320820757,39.60476679179243,Shopping Complex
Black Cotton,Residential,7.7510351496202485,0,0,12520.560804207624,1289.2399348334673,2507.974999789877,1,2,2,76.06224121259494,40,87.08160808396624,85,75.64218644539979,24.357813554600213,Individual House
Sandy,Commercial,31.798725818999802,1,1,4811.096571581566,466.73507509621356,836.0745792134422,1,1,2,26.76770562374608,25,47.00212363500032,10,27.369227877061206,72.6307721229388,Shopping Complex
Red Soil,Industrial,24.549017439849226,1,1,7533.983021794963,2.1754748866907314,3414.751999014323,2,1,1,83.73221714683625,20,59.08497093358462,10,49.57751873478884,50.42248126521116,Factory
Black Cotton,Industrial,18.833217182202045,1,1,17059.599972975808,351.23871758453737,3783.9567137264767,4,2,0,82.21737264937724,40,68.61130469632992,10,54.42890660136452,45.57109339863548,Factory
Black Cotton,Residential,43.20694512783267,0,1,2669.2675022037765,134.2509613432597,358.498747115511,4,2,2,56.31318097975647,40,27.988424786945558,45,43.95671953965115,56.04328046034885,Individual House
Sandy,Agricultural,47.32169630235729,0,1,17300.68241970214,138.5773604943662,4250.695648156144,4,1,0,65.85493429474872,25,21.130506162737845,45,43.331853543846506,56.668146456153494,Individual House
Red Soil,Residential,18.463423546618365,0,0,10190.110499030927,1039.2536012138871,4146.611949979287,1,1,1,55.38414411334541,20,69.22762742230273,85,60.941357295246576,39.058642704753424,Individual House
Black Cotton,Agricultural,7.7196090173641,1,1,16905.801195177228,320.9645034585972,2362.70527019559,3,2,1,86.81222753814313,40,87.13398497105983,10,60.66777588111505,39.33222411888495,Individual House
Black Cotton,Commercial,51.68139853108792,0,0,7042.121968493606,1402.1135444654738,2802.112593079342,3,0,0,65.07965036722803,40,13.864335781520126,85,53.49396157390984,46.50603842609016,Hospital/Clinic
Red Soil,Agricultural,5.547785766236682,0,0,7438.016080077396,774.666819886956,3567.0403185545956,1,1,2,58.613053558440825,20,90.75369038960552,85,67.45299134285567,32.54700865714433,Individual House
Loamy,Agricultural,56.54118716568096,1,0,15280.492498139713,690.1473869323778,3383.7406253142967,0,2,0,47.86470320857976,15,5.7646880571983985,45,31.693818137302515,68.30618186269749,Individual House
Black Cotton,Commercial,39.51909306904882,0,1,15914.927294452184,651.4252773302275,82.67989096604533,1,0,2,29.773824552058702,40,34.134844884918635,45,36.2045498144502,63.7954501855498,Hospital/Clinic
Clayey,Industrial,22.701564936072614,0,1,5363.248881812789,1038.8814595074477,612.1765192424289,4,0,3,38.56813915083042,30,62.16405843987898,45,44.78986331276039,55.21013668723961,Factory
Red Soil,Commercial,18.55628502672049,0,1,19484.555171616204,678.3941437854127,812.9527789062286,1,2,3,31.61998432144445,20,69.07285828879918,45,42.585209084705355,57.414790915294645,Shopping Complex
Black Cotton,Residential,5.495311534546138,1,1,2605.3119806517498,192.90053433778775,3778.379445360494,0,1,2,95.0521400560962,40,90.84114744242311,10,64.47853588023945,35.52146411976055,Individual House
Sandy,Residential,17.950927935598244,0,0,2301.556298940487,1320.2582709611347,2200.4178144619004,1,1,0,51.512268016100435,25,70.08178677400292,85,60.54974049913588,39.45025950086412,Individual House
Rocky,Residential,12.57505658344276,1,1,12314.580090435953,642.593023388488,2727.513131934126,4,0,2,50.856235854139314,55,79.04157236092874,10,48.310075639180944,51.689924360819056,Individual House
Clayey,Residential,38.66914213977301,1,1,14732.074587660807,111.00686354925371,3863.4371844774205,2,2,2,85.67230265210154,30,35.55142976704498,10,45.87316336999678,54.12683663000322,Individual House
Rocky,Residential,14.160007372659072,0,0,19256.836455274504,794.0489812466417,1704.911345320454,3,0,2,44.558225063244315,55,76.39998771223487,85,64.19537570019423,35.804624299805766,Individual House
Rocky,Industrial,34.07464106451406,0,0,8693.96983517837,971.0202876835551,3744.4511365938656,0,0,3,45.481339733871486,55,43.208931559143224,85,56.220701796640824,43.779298203359176,Factory
Black Cotton,Industrial,37.456403228945895,1,0,1480.5367708030292,413.37369623663784,2211.4963731477983,2,0,1,73.83347741856525,40,37.57266128509017,45,52.48488241777038,47.51511758222962,Factory
Clayey,Agricultural,21.3922934090803,1,0,12455.030449481732,1200.5106115107635,1885.9009388710328,3,2,3,64.36994542515058,30,64.34617765153284,45,54.36602531168591,45.63397468831409,Individual House
Clayey,Residential,6.928572196029529,1,0,6504.224391376665,1004.6637690560456,1665.1863202737004,2,1,2,63.571583356466626,30,88.45237967328411,45,60.113149093084346,39.886850906915654,Individual House
Loamy,Commercial,7.048963433780786,1,0,9225.995302712643,975.5117538966501,4824.724077461914,1,0,0,60.237759141554804,15,88.25172761036535,45,56.646147602135514,43.353852397864486,Shopping Complex
Rocky,Residential,6.449103270665468,1,0,10280.92016274877,631.2374293016913,3859.867053544894,1,1,1,52.387724182333635,55,89.25149454889089,45,60.14857710103949,39.85142289896051,Individual House
Clayey,Industrial,45.651856692510044,0,1,2225.7396040226427,1442.8729521169316,100.97970386764688,3,1,2,22.60662990422543,30,23.913572179149924,45,29.64071351126638,70.35928648873362,Factory
Loamy,Residential,22.4905337647864,1,1,10233.653906717953,411.2837519238715,4787.077432591009,3,2,1,61.700341443371116,15,62.51577705868934,10,41.97406376985222,58.02593623014778,Individual House
Red Soil,Industrial,48.7965102282215,0,0,9100.073669281981,866.5582515231789,3877.1981486333666,1,1,0,47.80087244294462,20,18.67248295296416,85,45.64842609327165,54.35157390672835,Factory
Loamy,Agricultural,28.745305311356706,1,0,14538.341040445272,463.58273620892635,745.8735722712778,1,1,1,31.916180945050797,15,52.09115781440549,45,37.69345278436915,62.30654721563085,Individual House
Sandy,Agricultural,29.91489554564801,0,1,13267.652313034549,1117.2071294573311,381.69062705658564,3,0,1,16.15508865471971,25,50.14184075725331,45,33.18974121846523,66.81025878153477,Individual House
Black Cotton,Agricultural,33.208543138026556,1,0,4519.09864486066,71.68722580518217,1540.970468297267,3,2,2,86.21604003312777,40,44.652428103289076,45,58.58872103741699,41.41127896258301,Individual House
Red Soil,Industrial,44.21673010063071,0,0,4916.639445997543,68.84080181257384,3120.907646730309,3,2,0,74.81536936608788,20,26.30544983228215,85,57.011741736201294,42.988258263798706,Factory
Red Soil,Residential,20.04265762063389,0,0,5769.117396713092,1216.291454278187,3082.733445747337,4,0,0,54.98933559484153,20,66.59557063227686,85,60.14516011626375,39.85483988373625,Individual House
Sandy,Residential,11.687304224343979,1,0,4400.05836564637,651.4022415955066,1379.2506257461023,4,0,3,40.66318645883605,25,80.52115962609336,45,49.36240516711596,50.63759483288404,Individual House
Loamy,Commercial,35.58315343553038,1,0,13487.050793700875,511.77008190053357,2228.374893287089,1,1,1,53.1042116411174,15,40.69474427411603,45,42.2601601429201,57.7398398570799,Shopping Complex
Black Cotton,Industrial,22.98376927835066,0,1,19894.17340480514,911.2902932630077,1059.4507785686774,4,1,2,53.44307325178588,40,61.693717869415565,45,51.37850510547895,48.62149489452105,Factory
Loamy,Commercial,29.337022251742056,0,0,13390.058469802794,1052.8490158034604,252.89342583368736,0,2,1,19.723612953738233,15,51.10496291376324,85,43.179505262249194,56.820494737750806,Shopping Complex
Clayey,Agricultural,40.582068958551794,0,0,12526.949377634533,301.80202026660993,2584.8523371343936,1,2,1,73.74636154436546,30,32.36321840241368,85,59.65203114113133,40.34796885886867,Individual House
Loamy,Residential,32.17691576276988,1,0,8788.630733670376,278.1468621070973,1734.9556712601905,0,1,1,61.966072758085495,15,46.371807062050195,45,46.78107723084247,53.21892276915753,School
Red Soil,Industrial,39.11533494054636,1,1,6939.024918335454,1437.2261216398222,2714.41216148965,2,0,2,50.22116626486341,20,34.8077750990894,10,31.779351967474543,68.22064803252546,Factory
Black Cotton,Commercial,34.931000116249535,1,1,18310.401381223106,884.496459576854,4732.536612352258,0,2,1,69.26724997093761,40,41.78166647291744,10,43.18895410805752,56.81104589194248,Shopping Complex
Loamy,Commercial,45.68880045648545,1,0,19411.035608700906,585.1747159414022,716.8515584766055,2,0,2,24.914831055410747,15,23.851999239190917,45,28.18319067919149,71.81680932080852,Hospital/Clinic
Black Cotton,Commercial,43.8265139741391,0,0,10438.747336166829,1202.1625420042596,9.810091554776633,0,1,0,27.239573337560756,40,26.955810043101508,85,43.52280317892164,56.47719682107836,Hotel/Resort
Black Cotton,Residential,34.38044404947406,1,0,6513.809414624592,787.7384381668758,384.3910664106259,2,2,1,37.09271031584401,40,42.699259917543245,45,40.90726358993121,59.09273641006879,Individual House
Clayey,Residential,42.33966614728388,1,0,15632.321945725585,362.49421556187207,2313.541480508145,2,2,3,69.6654305294667,30,29.43388975452686,45,47.49137312394506,52.50862687605494,Individual House
Clayey,Residential,53.0457781249937,1,1,3516.6790264706906,310.10295846236073,3534.6601490116177,1,1,0,70.13237796100992,30,11.590369791677162,10,34.44392473427276,65.55607526572723,Individual House
Red Soil,Industrial,28.774920828349273,1,1,15546.17651522995,595.2888992547325,2903.818016585945,3,1,3,52.80626979291268,20,52.041798619417875,10,36.99264408237391,63.00735591762609,Factory
Sandy,Residential,27.70196900118365,1,0,16560.019111915433,1289.8437903898193,2474.473036868735,3,0,1,49.07450774970409,25,53.83005166469392,45,45.63359062856991,54.36640937143009,Individual House
Black Cotton,Industrial,47.03350914688091,0,0,3373.17494791618,92.17187406638838,1769.815655462062,1,0,0,86.1076233785377,40,21.610818088531815,85,62.79037270462115,37.20962729537885,Factory
Sandy,Commercial,37.04046103730967,1,1,19560.36790713471,327.78900113214473,1549.870857657505,2,1,2,48.069961825894,25,38.265898271150554,10,32.640961206850534,67.35903879314947,Shopping Complex
Red Soil,Commercial,8.90537291224237,0,1,19724.73351738109,1339.727728278887,1881.4308755249003,3,1,1,55.40227428243741,20,85.15771181292938,45,54.93022395208544,45.06977604791456,Shopping Complex
Black Cotton,Agricultural,54.06616086300947,1,0,18797.670107219674,182.60185345387575,3058.1747700453566,3,1,1,83.52734857701509,40,9.889731894984209,45,48.95700497570133,51.04299502429867,Individual House
Black Cotton,Residential,6.6930706230702075,1,0,10424.661378719022,944.4385773962525,838.769779327681,0,2,2,53.10212793078607,40,88.84488229488299,45,58.04696534949587,41.95303465050413,Individual House
Rocky,Commercial,46.16179959153587,1,0,5675.408703259741,320.2670521815377,3856.8104152731285,4,1,3,53.24352697122377,55,23.063667347440216,45,43.90115127678837,56.09884872321163,Shopping Complex
Sandy,Residential,46.73367784873721,1,1,12058.176336756345,908.8002712678325,2876.2662004655513,1,2,0,44.316580537815696,25,22.110536918771317,10,27.28843741792832,72.71156258207168,Apartment
Loamy,Industrial,57.42110969050618,0,1,8978.74293095728,574.6562502663481,1345.781888057138,4,1,0,34.56036033851622,15,4.298150515823039,45,26.670663747436436,73.32933625256356,Factory
Clayey,Commercial,7.977392462127641,0,1,4913.024249626745,152.51534464648782,2505.764814056419,2,2,2,90.85473120567882,30,86.70434589645393,45,69.22524239610107,30.774757603898934,Shopping Complex
Loamy,Residential,37.827127343147005,1,1,9049.851782739104,873.7126013311596,4813.893438425832,0,0,0,52.54321816421325,15,36.954787761421656,10,32.37882329783005,67.62117670216995,School
Sandy,Commercial,28.53123138448791,0,0,13613.90687787422,1024.564120626879,102.45764572597015,3,0,2,10.916345068397426,25,52.44794769252015,85,41.932707697069134,58.067292302930866,Shopping Complex
Clayey,Commercial,23.18481251727481,0,1,2347.3529049338304,1020.4089284487043,997.6132045061458,0,2,3,46.15606096080421,30,61.358645804541986,45,47.24428278741697,52.75571721258303,Shopping Complex
Loamy,Residential,9.967520816449017,1,1,7334.942027474314,955.5516136090644,2241.90119951639,1,0,3,59.508119795887744,15,83.38746530591831,10,46.42470825504029,53.57529174495971,Individual House
Rocky,Commercial,35.945976581922004,0,1,1338.1029102436787,750.3371714033187,3192.1986088991407,2,0,0,45.0135058545195,55,40.09003903013,45,45.277236806614326,54.722763193385674,Shopping Complex
Clayey,Commercial,31.34723991210375,0,0,15240.414603771836,779.2089252889886,1061.141331427426,0,2,2,45.38601665052258,30,47.75460014649375,85,53.573755864306335,46.426244135693665,Shopping Complex
Black Cotton,Commercial,10.750495198306336,1,1,13173.134084717316,953.4601647119393,4657.019741880981,0,1,2,75.31237620042342,40,82.08250800282278,10,55.37995867085389,44.62004132914611,Shopping Complex
Loamy,Commercial,38.68692289033959,1,1,2190.770559337351,1035.3890426199616,3212.860062123211,0,1,2,52.3282692774151,15,35.52179518276736,10,31.945343042787126,68.05465695721287,Shopping Complex
Clayey,Industrial,45.587421613911616,0,1,19330.01363243739,982.3151082470777,4387.159744782152,3,2,2,60.6031445965221,30,24.020963976813974,45,42.966341602986226,57.033658397013774,Factory
Rocky,Commercial,47.200306557950654,1,0,1429.8095854149128,880.4183473701776,1646.5896512515926,2,0,0,35.13171638554419,55,21.332822403415577,45,37.12930633579436,62.87069366420564,Shopping Complex
Clayey,Agricultural,54.79552535443351,1,1,12209.252283045684,233.7584772061776,4144.769671533148,3,1,1,74.27561002902097,30,8.674124409277482,10,35.164994612476704,64.8350053875233,Individual House
Clayey,Commercial,27.520890803882747,1,0,15750.98177418206,315.92480773929265,1891.0960844972312,0,1,0,73.98621052461637,30,54.131848660195416,45,55.17813584866458,44.82186415133542,Shopping Complex
Rocky,Residential,57.41900227421753,0,0,15970.029947849736,390.33603155302256,1263.7588623060246,3,0,2,31.500264784384758,55,4.301662876304107,85,41.600508393610696,58.399491606389304,Individual House
Loamy,Agricultural,52.59861727954773,1,1,1651.417576270872,1379.4924856312534,4558.276695818965,3,2,1,48.850345680113065,15,12.335637867420445,10,24.931530454894684,75.06846954510532,Individual House
Red Soil,Industrial,21.30758640631665,1,0,18221.887520168348,1139.0926376954499,461.09237839427277,1,2,1,23.894950966306293,20,64.48735598947225,45,38.73507183557526,61.26492816442474,Factory
Loamy,Agricultural,13.760567054220216,0,1,18450.58176661532,829.3002293053173,4714.443980282021,4,1,0,58.559858236444946,15,77.06572157629964,45,53.26238077683064,46.73761922316936,Individual House
Sandy,Agricultural,28.94641678704074,0,0,11666.41708993308,378.0853928160702,2292.5760293380276,4,2,2,56.0782722342756,25,51.755972021598765,85,57.56638828739615,42.43361171260385,Individual House
Rocky,Agricultural,27.104428937578163,0,0,10159.580778855776,166.33728486625677,4963.127367429309,1,0,2,67.24365567363006,55,54.825951770703064,85,66.74176742844628,33.25823257155372,Individual House
Loamy,Residential,36.66456179321624,0,1,1852.4817981893964,1348.138838969962,2697.973268675144,1,2,2,52.83385955169594,15,38.892397011306265,45,41.714950095920145,58.285049904079855,Individual House
Clayey,Residential,37.08624277802614,0,1,11677.128707687503,1338.9990237343757,3787.4408604115156,3,2,2,62.72843930549347,30,38.18959536995643,45,47.25235259941182,52.74764740058818,Individual House
Rocky,Residential,46.24928414089864,1,0,8778.202553634384,166.04339354353732,35.35508169001999,3,2,2,23.1821769859635,55,22.91785976516894,45,33.34322688637946,66.65677311362055,Individual House
Black Cotton,Industrial,33.04394715130856,0,0,15683.321740764466,1195.8249991447442,2483.3340998008257,2,2,1,69.73901321217286,40,44.926754747819075,85,62.89034331121527,37.10965668878473,Factory
Loamy,Residential,10.765245251742105,1,0,8673.787770835668,669.967603964869,3687.267358090576,4,0,0,59.308688687064475,15,82.05792458042983,45,54.77252218558002,45.22747781441998,Individual House
Rocky,Residential,52.206023455420834,0,0,13988.035833169486,485.95039924581016,3914.1350997922455,3,2,0,41.79147018139618,55,12.989960907631954,85,47.37450479039665,52.62549520960335,Individual House
Loamy,Agricultural,22.03705207518529,1,1,2926.7547785130855,1108.6568043130608,790.2429130079902,2,1,3,32.29559524136348,15,63.27157987469118,10,31.87135330315001,68.12864669684998,Individual House
Rocky,Residential,58.42136031686256,1,0,3526.093144553372,921.4943115910959,2094.8547519138933,4,2,0,39.39465992078436,55,2.631066138562403,45,33.94589750691513,66.05410249308487,Individual House
Clayey,Commercial,11.482305977387359,0,0,3654.4936223340087,1170.0451613900061,2095.3597905966935,2,1,1,69.12942350565316,30,80.86282337102107,85,70.16100406973388,29.838995930266123,Shopping Complex
Black Cotton,Residential,57.70381447278768,0,1,1864.984496195127,111.49329094940563,518.2040424952794,2,0,3,57.248529774744334,40,3.8269758786871932,45,38.243729390832314,61.756270609167686,Individual House
Black Cotton,Industrial,10.005649378538433,0,0,11285.248326126271,477.88052993618464,2215.227538457333,1,2,1,76.82575585919432,40,83.32391770243595,85,74.969993976327,25.030006023672996,Factory
Sandy,Industrial,17.70698758708827,0,1,16085.386794829083,478.9752756251036,4035.464793480027,0,1,0,52.83473656572172,25,70.48835402151956,45,51.11424630338249,48.88575369661751,Factory
Rocky,Commercial,7.561896814759788,0,1,12597.812870179656,494.62963843164823,1500.903688094935,0,2,1,42.44982125230986,55,87.39683864206702,45,56.20664709882521,43.79335290117479,Shopping Complex
Loamy,Industrial,43.78122306514472,0,1,11924.142825504268,753.7198089657081,2162.8726094694157,0,2,1,51.05469423371382,15,27.03129489142546,45,38.1269667046562,61.8730332953438,Factory
Black Cotton,Industrial,51.76643051144855,1,0,13931.854639651992,424.52070462142103,4804.793425310713,2,1,0,69.5871500948526,40,13.722615814252421,45,45.03615648676151,54.96384351323849,Factory
Black Cotton,Agricultural,28.873909499878923,1,1,7453.261138368281,666.5754151312796,158.54037945781107,3,0,1,33.95233021418649,40,51.876817500201795,10,33.35251995001572,66.64748004998428,Individual House
Red Soil,Commercial,56.068714127333635,1,1,7877.127361316349,551.6663896731237,2957.6088394767785,0,0,3,45.98282146816659,20,6.552143121110603,10,23.232023294135956,76.76797670586404,Hospital/Clinic
Red Soil,Agricultural,37.466448946557975,1,1,6971.131866197528,1102.9440720307668,3717.180458888146,3,0,3,50.6333877633605,20,37.55591842240338,10,32.610665322777024,67.38933467722298,Individual House
Black Cotton,Agricultural,39.65039244955878,1,0,14530.069724217936,905.2511935125751,3804.412170155892,4,0,2,68.0874018876103,40,33.916012584068696,45,49.55959380668078,50.44040619331922,Individual House
Rocky,Residential,51.498056093542345,0,0,4071.1663777447116,980.4441484759731,3579.6901244202218,0,0,3,41.125485976614414,55,14.169906510762758,85,47.43639671950574,52.56360328049426,Individual House
Sandy,Commercial,21.324011277851138,0,0,1247.4803259455632,315.87584112396667,3632.257217342182,2,0,3,61.71644671309922,25,64.45998120358144,85,62.71575165048009,37.28424834951991,Shopping Complex
Black Cotton,Residential,24.48461467301942,1,0,12327.732487727355,488.25324799033405,295.0633283652493,1,2,0,38.484918019630086,40,59.19230887830097,45,45.51779852644577,54.48220147355423,Individual House
Clayey,Residential,54.82735555570544,1,1,18905.245929949902,31.748171418111426,2670.683095681664,2,2,3,86.38827082598696,30,8.621074073824275,10,39.39116330755151,60.60883669244849,Individual House
Loamy,Agricultural,54.55299228213201,0,1,12578.75042292979,162.56206093975484,3914.8453582862803,3,1,0,68.60802827308171,15,9.078346196446645,45,39.782396444690264,60.217603555309736,Individual House
Sandy,Industrial,58.7065526910479,0,1,15875.511405877007,397.581347983331,470.325245186648,4,0,3,16.874985851971125,25,2.15574551492017,45,21.445181426919937,78.55481857308007,Factory
Clayey,Commercial,54.60110740429191,0,0,13783.023479854573,98.19558195303158,60.249611934339306,2,0,0,43.66298047043192,30,8.998154326180156,85,43.28158174619621,56.71841825380379,Hospital/Clinic
Sandy,Industrial,12.005461981834848,0,1,10451.296416937308,903.9486005320537,4072.8091579982906,1,0,0,52.998634504541286,25,79.99089669694192,45,53.54724625082493,46.45275374917507,Factory
Clayey,Agricultural,50.304835737534304,1,0,14649.455633893074,1497.1951738857379,3561.471937832446,1,1,1,59.42379106561643,30,16.158607104109493,45,40.58797864899312,59.41202135100688,Individual House
Loamy,Agricultural,27.541116296027674,1,0,16657.978353249215,151.22282109808276,2061.032084572213,4,2,3,76.04135166010812,15,54.09813950662054,45,53.639007957692975,46.360992042307025,Individual House
Loamy,Agricultural,59.49407457702658,0,0,5269.901239262262,1231.8453190038977,4701.98216287086,0,2,0,47.12648135574335,15,0.8432090382890323,85,40.205070734082426,59.794929265917574,Individual House
Red Soil,Agricultural,30.97545303808406,0,1,7386.479129179766,178.22437089772075,3832.990473257356,2,0,3,71.56267448661573,20,48.374244936526566,45,51.39049730444715,48.60950269555285,Individual House
Rocky,Agricultural,35.46098453762213,1,1,5250.788917562393,1004.8710281946542,4839.304708032887,2,2,2,45.13475386559447,55,40.89835910396311,10,36.771753628948844,63.228246371051156,Individual House
Clayey,Agricultural,34.13762033912392,1,0,9591.286156218379,964.7364045885257,4646.576297737336,1,2,1,63.46559491521902,30,43.10396610146013,45,48.738949745691684,51.261050254308316,Individual House
Red Soil,Industrial,22.69553664220528,1,1,17816.226467416684,1354.075402216799,2406.468014896536,3,2,1,54.32611583944868,20,62.17410559632454,10,40.057666942888176,59.942333057111824,Factory
Clayey,Residential,9.1262148891105,0,0,7558.934915871315,170.91842052076856,3773.54489321783,2,0,0,89.46334104647626,30,84.7896418514825,85,78.25957982913731,21.74042017086269,Individual House
Red Soil,Industrial,54.26081767210552,1,1,8114.8708934805145,473.1666991228467,3345.9569440381947,1,2,3,48.04479363460281,20,9.565303879824143,10,24.70700374206702,75.29299625793298,Factory
Loamy,Commercial,49.14716968894577,0,0,17346.977458766705,136.16964053202858,4057.2260504624574,3,2,1,71.54302914584184,15,18.088050518423714,85,53.06207283065057,46.93792716934943,Shopping Complex
Sandy,Industrial,12.67397293078181,0,0,10792.112284148829,611.0749887066507,3938.44201125496,0,1,1,52.831506767304546,25,78.87671178203031,85,63.21020531406417,36.78979468593583,Factory
Red Soil,Agricultural,47.72225492425401,0,0,11173.530993301254,1367.3897603361672,766.1598501661338,0,0,1,23.392633272259175,20,20.46290845957664,85,37.55314876018487,62.44685123981513,Individual House
Clayey,Industrial,39.42156663278355,1,1,17355.222863312047,1172.2847265927842,1168.6776590427316,1,2,0,45.518161522658744,30,34.29738894536075,10,31.505703769270745,68.49429623072925,Factory
Clayey,Residential,27.502908335469225,1,1,10320.008003483992,1084.3501506679788,1328.6578858878368,1,0,2,51.69743063388943,30,54.16181944088462,10,38.634555582082456,61.365444417917544,Individual House
Rocky,Commercial,18.97116320025595,0,1,13949.59315795851,799.541257294053,4092.4927960850528,0,2,0,49.257209199936014,55,68.38139466624008,45,53.83537188653763,46.16462811346237,Shopping Complex
Loamy,Industrial,52.285083092622784,1,1,2627.248651607154,1325.2286135032844,4053.7085196459443,1,0,2,48.928729226844304,15,12.858194845628688,10,25.08960394080268,74.91039605919732,Factory
Clayey,Residential,43.510354261172914,0,1,4394.002549410821,674.1626973619925,2476.6767346972106,4,2,1,61.12241143470677,30,27.482742898045146,45,44.01352972665865,55.98647027334135,Individual House
Black Cotton,Industrial,35.125695020802524,1,0,8683.147813608666,224.52850065095737,2904.161296259606,2,2,2,85.74686620574192,40,41.45717496532912,45,57.625696913341955,42.374303086658045,Factory
Sandy,Commercial,38.526269364415526,0,1,10401.942288577622,1256.377834681169,4134.610764841999,4,1,0,46.36843265889612,25,35.789551059307456,45,40.176339195440505,59.823660804559495,Shopping Complex
Red Soil,Industrial,10.008640014519955,0,0,19348.94032348836,419.45749207759025,1562.9680033887162,3,0,0,53.589750539488925,20,83.31893330913341,85,63.83614601610448,36.16385398389552,Factory
Rocky,Agricultural,31.065586850115555,1,1,19442.38102790801,80.45031153667209,250.8938845818165,1,2,3,36.424462286907115,55,48.22402191647408,10,35.55456727953601,64.445432720464,Individual House
Sandy,Industrial,15.65351610321361,1,1,17172.74466209647,189.05704600318705,2412.9821913958363,1,1,3,70.74319821400536,25,73.91080649464398,10,49.48782099856287,50.51217900143713,Factory
Loamy,Residential,16.461102345485394,0,1,6996.377870425916,913.5883742912223,4568.585719243359,3,1,0,57.88472441362865,15,72.56482942419102,45,51.90086090081778,48.09913909918222,Individual House
Rocky,Industrial,41.371717925777666,1,0,19316.537525816355,910.6229458817588,3952.341304800365,2,0,3,43.657070518555585,55,31.04713679037056,45,42.54175887908709,57.45824112091291,Factory
Red Soil,Residential,55.119088350885846,0,1,14097.476428848038,390.2747566230517,1833.0865155424287,0,0,1,49.46547282574401,20,8.134852748523585,45,33.59662867614129,66.4033713238587,School
Red Soil,Commercial,27.20661357630906,0,0,8465.862428530607,1090.7702219189687,323.85680241418356,4,1,2,19.675482654206405,20,54.655644039484905,85,44.80032993884347,55.19967006115653,Shopping Complex
Black Cotton,Industrial,16.42621001567047,0,1,14331.82342271056,1160.4602330993016,3184.5975269125497,2,0,0,73.89344749608239,40,72.62298330721589,45,61.268452450432804,38.731547549567196,Factory
Loamy,Commercial,40.68108154801598,0,0,1313.931865944005,1380.7539392004273,4172.453979352601,0,0,0,51.829729612996005,15,32.19819741997337,85,49.689954719541944,50.310045280458056,Shopping Complex
Rocky,Commercial,52.915287549267475,0,0,3776.938963210058,877.4062480173554,3324.7428322731926,0,0,3,40.77117811268313,55,11.807854084554208,85,46.72187586057765,53.27812413942235,Shopping Complex
Rocky,Industrial,46.157534061736996,0,0,16764.028519570988,1169.1350462213593,2125.3733238150985,1,2,0,42.46061648456575,55,23.070776563771673,85,50.128909910540926,49.871090089459074,Factory
Clayey,Residential,52.7816476795123,0,0,13265.899100590252,1129.6495196574506,616.7680658953567,3,0,3,31.13994939802906,30,12.030587200812832,85,39.65662908951338,60.34337091048662,Individual House
Black Cotton,Commercial,34.510506905593964,0,1,7919.699324545796,386.7135727007893,4553.871220686774,1,0,1,76.16955891155416,40,42.48248849067673,45,54.529967741713136,45.470032258286864,Hospital/Clinic
Black Cotton,Commercial,46.353193440305496,1,1,10512.666164231658,465.33889190648904,1379.7916287669148,3,1,0,56.08720070087258,40,22.744677599490842,10,33.816689645178116,66.18331035482188,Shopping Complex
Rocky,Industrial,12.703550764741506,1,0,18197.700843269573,717.7235936293072,1121.4351824647968,1,1,1,33.25281595811056,55,78.82741539209749,45,50.845339433363065,49.154660566636935,Factory
Rocky,Industrial,24.15510384497553,0,1,12999.984080102644,28.558451293872743,4079.8833280482704,4,1,1,76.24771696112376,55,59.741493591707446,45,61.122074334320175,38.877925665679825,Factory
Sandy,Industrial,26.425204046483735,0,0,8564.836394752274,446.0966597365853,4906.099693619285,1,0,0,52.62789940418394,25,55.957993255860444,85,57.40926310542949,42.59073689457051,Factory
Sandy,Industrial,33.121266043531904,0,1,3286.206490553165,710.8243100163569,3300.801293723802,4,0,3,47.719683489117024,25,44.79788992744683,45,42.901361703052665,57.098638296947335,Factory
Sandy,Industrial,56.099199814125306,1,1,6581.189230885659,162.1039429217156,3124.052445122753,2,1,3,62.24896347116574,25,6.501333643124482,10,29.662470625689128,70.33752937431088,Factory
Black Cotton,Agricultural,53.08631081221959,0,1,19588.464423135083,189.41383166268815,1597.154346105313,2,1,1,75.30667931929007,40,11.522815312967367,45,46.488041589993365,53.511958410006635,Individual House
Clayey,Industrial,12.398902075905148,0,0,9309.898194183772,694.8551036060118,102.06725342564671,1,2,3,30.941619549536647,30,79.33516320682475,85,56.41335764404401,43.58664235595599,Factory
Red Soil,Residential,14.503430853535477,0,1,9964.949813052357,1096.4475473788968,958.9893291135481,2,2,3,35.5539288688871,20,75.82761524410753,45,45.650778915137366,54.349221084862634,Individual House
Sandy,Commercial,24.670230227390125,1,0,10473.362615543292,1250.6233963810248,2922.1521827828597,0,2,1,49.832442443152466,25,58.882949621016465,45,47.16209226035748,52.83790773964252,Shopping Complex
Clayey,Residential,20.990912623987064,1,1,17797.97643601601,819.4708462571228,756.5823090802276,4,0,0,41.883918025607784,30,65.01514562668822,10,37.91315771563478,62.08684228436522,Apartment
Loamy,Residential,38.81240242359443,1,0,12474.637403320889,712.1234813200966,4419.179034656636,3,0,0,52.296899394101395,15,35.31266262734262,45,40.63208044477114,59.36791955522886,Individual House
Sandy,Agricultural,54.65268262704997,0,1,14179.863692586521,576.4208526896329,940.7234392644259,4,1,2,21.151298128526026,25,8.912195621583379,45,24.631003250379955,75.36899674962004,Individual House
Red Soil,Industrial,57.92603479199227,0,0,8398.857308432976,289.42348865640935,2610.522265059508,1,2,0,58.15308198261737,20,3.4566086800128915,85,45.4677308639193,54.5322691360807,Factory
Loamy,Commercial,40.94816238943746,1,0,1552.6647531905128,219.84300422154706,2560.0662288439744,2,0,3,68.57237914934781,15,31.7530626842709,45,45.43859837333946,54.56140162666054,Shopping Complex
Loamy,Residential,51.09875607705977,0,0,18688.485370614042,1187.8446774927122,3019.7281506482527,2,2,2,49.22531098073506,15,14.835406538233713,85,44.4377104778157,55.5622895221843,Individual House
Red Soil,Industrial,33.88612101269384,1,1,19033.42593741172,697.5099483185043,1637.170348590195,0,2,2,44.271876718630445,20,43.52313164551026,10,31.87593976289822,68.12406023710179,Factory
Sandy,Industrial,16.457982077302184,1,0,19033.90801361297,1185.480368219632,4367.671005326577,2,0,2,51.885504480674456,25,72.57002987116303,45,51.30243403602682,48.69756596397318,Factory
Black Cotton,Agricultural,33.857862665141255,0,1,18930.054646287615,1056.1245538509445,2221.507679875348,1,2,0,69.53553433371468,40,43.57022889143124,45,52.47999423965795,47.52000576034205,Individual House
Red Soil,Agricultural,35.529543079070805,0,0,16489.59688032166,290.84387157506825,3500.76789368287,1,1,2,63.6669819357282,20,40.78409486821533,85,56.729467394558704,43.270532605441296,Individual House
Red Soil,Agricultural,45.835166031745615,0,0,14007.32495221021,765.4608963168386,3179.5543048335157,3,1,2,48.541208492063596,20,23.608056613757313,85,47.14143712566158,52.85856287433842,Individual House
Red Soil,Commercial,17.0935644339042,0,0,17045.688447078428,666.024945634021,585.7804155985164,4,0,2,27.44221720349428,20,71.510725943493,85,51.73245750709625,48.26754249290375,Shopping Complex
Loamy,Residential,25.257071014770244,1,1,12410.378541019689,635.8102591360451,3113.196763513057,4,2,0,55.68573224630744,15,57.904881642049595,10,38.71622669672,61.28377330328,Individual House
Clayey,Agricultural,25.021510806801146,1,1,3553.022663948449,813.8565738057207,2753.51338990548,4,1,0,65.74462229829972,30,58.29748198866476,10,44.58498830157109,55.41501169842891,Individual House
Black Cotton,Agricultural,57.76917776576407,1,1,8433.145135787,1473.1228516131569,4493.02031627953,3,2,0,63.55770555855898,40,3.718037057059888,10,31.674706209760615,68.32529379023939,Individual House
Sandy,Agricultural,29.41697281796954,1,1,19454.603327485813,1219.350896506118,4404.383182424516,3,1,0,48.645756795507616,25,50.97171197005076,10,36.01894287094035,63.98105712905965,Individual House
Sandy,Residential,46.530168201398055,1,1,7671.61845831747,1355.5686474455874,754.7739370582318,3,1,1,19.462936690815123,25,22.44971966433657,10,18.674457757869433,81.32554224213057,Apartment
Clayey,Residential,46.294625975594144,1,1,17488.73036089602,44.459374764056314,408.42572793303833,0,2,0,55.92729557891886,30,22.84229004067643,10,32.28512596279071,67.71487403720928,School
Red Soil,Agricultural,19.604930164178278,0,1,2771.017944722522,210.5045501887589,1472.9610960543437,3,0,3,61.927716368716766,20,67.32511639303621,45,52.755979827309915,47.244020172690085,Individual House
Black Cotton,Agricultural,36.45283291544527,1,0,7349.493005133922,127.14549033684524,4933.064283421544,2,0,2,91.25806235092796,40,39.24527847425788,45,59.00164144138925,40.99835855861075,Individual House
Sandy,Industrial,54.18665913252565,0,0,7668.1131698202125,394.846507597915,107.86888203158374,0,0,0,10.919922401625364,25,9.688901445790592,85,31.244198202016527,68.75580179798348,Factory
Rocky,Agricultural,31.13587457013222,0,1,1980.448319070623,662.8387379499757,3364.461197864384,2,2,3,46.216031357466946,55,48.1068757164463,45,47.702329904225,52.297670095775,Individual House
Sandy,Commercial,56.98146290384003,1,1,3262.7922735483444,963.0798714838344,3042.5686692048857,4,2,3,41.754634274039994,25,5.03089516026661,10,22.12184578598065,77.87815421401935,Shopping Complex
Red Soil,Commercial,16.795202612828888,1,1,4670.139011313649,751.246899429903,3232.891402289084,1,2,3,55.80119934679278,20,72.00799564528519,10,43.03241868269877,56.96758131730123,Shopping Complex
Rocky,Agricultural,9.07875081757169,0,1,16918.496225392148,1354.7758723697095,1091.4294488537073,4,0,1,33.558901272681226,55,84.86874863738052,45,52.46280260478356,47.53719739521644,Individual House
Clayey,Residential,54.02996302296121,0,1,2204.6378088563215,1409.7839383407957,1133.5867289992495,3,2,1,41.16424382424469,30,9.950061628397975,45,32.645000745585136,67.35499925441486,Individual House
Black Cotton,Industrial,51.62246588792191,1,0,6675.317125543357,245.28142679618836,2153.210410869123,1,0,1,80.37749792024822,40,13.962556853463482,45,48.872763485452744,51.127236514547256,Factory
Clayey,Residential,59.59244317636146,1,1,1193.3250491960828,1279.3693803971776,479.2890353347817,4,1,3,26.687669912605273,30,0.679261372730906,10,16.51049981259457,83.48950018740543,Individual House
Clayey,Agricultural,42.366641846183434,0,1,14216.92716265747,722.5833060199515,373.066045094701,0,0,0,28.869660440348163,30,29.38893025636095,45,33.201613718212094,66.79838628178791,Individual House
Black Cotton,Commercial,56.51783596669322,1,1,12785.758710824217,679.9942069760765,441.797267430486,3,0,3,32.706486356936416,40,5.80360672217796,10,21.398171905472235,78.60182809452776,Hospital/Clinic
Black Cotton,Industrial,50.482196379626096,1,0,13254.662979009694,1177.4090227268523,2864.8958565312887,4,0,1,65.37945090509348,40,15.863006033956509,45,44.09855932527184,55.90144067472816,Factory
Sandy,Residential,51.44344832160478,1,0,8113.272909577756,139.71076356731487,1988.709284489469,1,2,1,64.53067779534929,25,14.260919463992039,45,41.15096709437026,58.84903290562974,Individual House
Sandy,Residential,36.302786374984755,1,0,4957.088604083812,1323.7396911287199,1468.083903286368,2,0,1,36.285981471981174,25,39.49535604169208,45,37.57393252561643,62.42606747438357,Individual House
Black Cotton,Agricultural,26.030052885419096,1,0,14686.084052434633,1006.2950318214221,1579.096898256528,4,1,0,63.07442474377579,40,56.61657852430151,45,53.4801932913969,46.5198067086031,Individual House
Rocky,Industrial,56.4006939898805,0,1,16411.239582073205,1312.8924114869967,1036.4165292453686,0,1,3,20.628157087437245,55,5.9988433501991665,45,28.219565818152827,71.78043418184717,Factory
Loamy,Commercial,28.766444658874196,1,0,3633.4284638658337,1491.7163665614341,2057.5266766096743,1,1,1,54.80838883528145,15,52.055925568543,45,45.69691748448426,54.30308251551574,Shopping Complex
Sandy,Agricultural,34.635065198731795,1,0,10249.759130811006,777.00667853588,1015.290345999837,4,1,3,27.647040620313792,25,42.27489133544701,45,35.24518705097158,64.75481294902842,Individual House
Loamy,Industrial,29.536286891885325,0,0,5725.597957598387,139.89329686339346,3490.230211496663,2,1,3,76.22233046522507,15,50.77285518019112,85,62.87102945787655,37.12897054212345,Factory
Rocky,Residential,36.06500726781084,0,0,4194.030362916541,249.78579439632975,619.6625632696806,3,1,1,32.38985178466112,55,39.89165455364859,85,50.80936176304354,49.19063823695646,Individual House
Black Cotton,Agricultural,30.877779344577995,1,0,14952.180956404982,485.4273638314649,4741.2104229042325,3,0,2,71.1549133339676,40,48.53703442570334,45,54.288478273314496,45.711521726685504,Individual House
Rocky,Residential,7.638215721871173,1,1,11223.841773983902,155.32941320206433,449.094700636411,3,2,2,41.75257529013657,55,87.26964046354804,10,47.18081146743481,52.81918853256519,Apartment
Sandy,Residential,53.512650230423425,0,0,5107.521315194687,1223.0127392066547,4717.3035713993795,1,2,2,42.621837442394146,25,10.812249615960951,85,42.62070550882819,57.37929449117181,Individual House
Clayey,Agricultural,29.44166004036734,1,0,6890.000213019356,445.3017765491527,4166.474857602033,2,1,1,67.921478396959,30,50.93056659938777,45,52.25515908878259,47.74484091121741,Individual House
Black Cotton,Agricultural,37.39190066790418,1,0,19366.419755227103,1463.829282029798,3403.560603066902,2,0,3,68.65202483302396,40,37.680165553493026,45,50.69825007993164,49.30174992006836,Individual House
Red Soil,Agricultural,12.655329151689287,1,1,17124.911729462576,1053.8871478977835,4561.508277827418,4,1,2,56.83616771207768,20,78.90778474718452,10,45.11960488602332,54.88039511397668,Individual House
Loamy,Agricultural,5.186331639045153,0,1,17718.98811458944,260.14555538333644,696.0939675868843,3,1,0,49.01656311897621,15,91.35611393492475,45,53.49482557537286,46.50517442462714,Individual House
Rocky,Agricultural,18.49095515040036,1,1,9740.229844533453,714.0639704159104,881.5738709345766,1,1,2,27.00873863109144,55,69.1817414159994,10,37.49849387488185,62.50150612511815,Individual House
Black Cotton,Residential,43.752231767334266,1,1,12852.338014496625,700.3263324499817,1260.762960294079,3,1,0,52.27720126404802,40,27.079613721109553,10,33.56692387269419,66.43307612730581,Individual House
Rocky,Commercial,10.455699156208322,0,1,8158.5870638838205,738.7674875004508,1224.0576338294545,3,2,2,35.86722788753701,55,82.5738347396528,45,52.696988445551156,47.303011554448844,Shopping Complex
Black Cotton,Commercial,54.98880922125573,1,1,2476.5275380889207,803.5367559644034,1554.241354635801,4,2,2,55.337624787402085,40,8.351984631240455,10,29.95616483340084,70.04383516659917,Shopping Complex
Sandy,Agricultural,16.826241314590153,1,1,8620.316902478868,46.75962347659629,2878.1544913654666,4,0,2,78.98786226275668,25,71.95626447568307,10,51.8848179108856,48.1151820891144,Individual House
Sandy,Residential,16.25264878604767,1,1,12285.63431093575,1029.4516886154352,140.86305652552312,4,0,0,14.754098933998545,25,72.91225202325388,10,29.64199763271296,70.35800236728704,Apartment
Sandy,Commercial,14.982937889182253,1,0,6455.741144594497,730.787662932665,1911.362975199879,0,1,0,50.48152503170202,25,75.02843685136291,45,51.425642973936434,48.574357026063566,Shopping Complex
Rocky,Commercial,5.768994213425061,0,0,17111.0609198209,1186.4480983030485,1231.9256394629824,0,2,2,37.196264235903385,55,90.38500964429157,85,65.11494489363908,34.88505510636092,Shopping Complex
Red Soil,Commercial,47.449300766302905,0,1,3870.903024317374,1223.0243598906459,3033.14924026361,1,1,0,48.13767480842427,20,20.917832056161828,45,36.327644196988956,63.672355803011044,Shopping Complex
Sandy,Residential,53.12689921848922,1,0,7975.452699301478,345.80268298757613,4925.846655257678,1,2,3,51.97011421612313,25,11.455167969184629,45,36.05333196793925,63.94666803206075,Individual House
Black Cotton,Agricultural,38.778948643890935,1,1,3373.1742011598553,72.6344196401667,2588.273060916863,4,2,2,93.94719766061726,40,35.36841892684845,10,50.223623912928154,49.776376087071846,Individual House
Sandy,Agricultural,15.350998992392427,1,0,8691.810545719281,1054.8507841684839,2128.4261955921693,2,0,3,52.162250251901895,25,74.41500167934595,45,51.86053800800215,48.13946199199785,Individual House
Clayey,Agricultural,20.690289831748387,1,0,1753.5647945111386,1466.6441826958114,1841.2177257255807,1,0,1,63.65178205657452,30,65.51618361375269,45,54.407169623239255,45.592830376760745,Individual House
Sandy,Industrial,31.175968355072982,0,1,6178.438506171264,669.9869798713515,3924.7460943992883,0,2,1,48.20600791123175,25,48.040052741545026,45,43.88211595431737,56.11788404568263,Factory
Rocky,Industrial,57.48902733928155,0,0,8613.969847159991,389.4192143903937,359.9046582536347,0,0,1,13.460683466828687,55,4.184954434530752,85,35.25747782202273,64.74252217797726,Factory
Red Soil,Industrial,18.604325449975853,0,1,10085.141902257139,235.00784187522146,4798.852572300608,3,1,3,71.24844812499275,20,68.99279091670691,45,56.43515457292419,43.56484542707581,Factory
Clayey,Residential,45.24052471559384,1,1,11330.230811027695,431.1683960858776,2089.589429940228,4,2,0,64.81976505594888,30,24.599125474010265,10,35.83669913808467,64.16330086191533,Individual House
Rocky,Commercial,29.16965228111062,1,0,6224.831466008459,491.8793270571747,1568.5036291255649,2,2,1,38.56489988880316,55,51.383912864815635,45,45.84369317728502,54.15630682271498,Shopping Complex
Rocky,Commercial,21.3816041598012,1,1,10937.785357682575,635.8121151516967,4870.340581998506,4,2,2,48.6545989600497,55,64.363993066998,10,43.87010790276689,56.12989209723311,Shopping Complex
Rocky,Residential,30.075376536216258,0,0,10671.087809679137,983.1106848218798,4679.394316215999,0,1,2,46.48115586594594,55,49.87437243963957,85,58.23699766299097,41.76300233700903,School
Black Cotton,Residential,8.91636946476779,0,0,7007.3829666479605,409.7445841203406,3209.670698828605,2,2,0,81.18623258658762,40,85.13938422538702,85,76.95002746165243,23.049972538347575,Individual House
Rocky,Agricultural,48.927805401169934,0,1,16773.806282473088,76.46514520301395,92.53687425200663,1,0,2,29.03087742256681,55,18.453657664716772,45,34.274221514077574,65.72577848592243,Individual House
Black Cotton,Agricultural,18.381606039063193,0,1,11367.181405277737,559.9179173590794,3742.674881032859,3,1,3,73.4045984902342,40,69.36398993489468,45,60.28260695530564,39.71739304469436,Individual House
Rocky,Industrial,44.897666775613374,0,1,7313.1246561843545,1283.4444242386137,1677.7870002100065,0,2,1,36.33132331029678,55,25.170555373977706,45,38.5086020020983,61.4913979979017,Factory
Loamy,Industrial,8.75916042965071,1,1,18999.431729534754,747.5272662778257,1941.4011542713056,3,1,3,58.638232978013434,15,85.40139928391548,10,46.62373136328357,53.37626863671643,Factory
Clayey,Residential,57.53042058911274,1,1,17057.13584835206,1447.1756366181148,793.710644886943,4,1,2,33.49160775046067,30,4.11596568481211,10,19.751054133864262,80.24894586613574,Apartment
Loamy,Industrial,15.615824197313424,1,0,19669.168419484216,755.4322966330976,2617.2904193244967,2,0,3,58.09604395067164,15,73.97362633781096,45,52.32702196718781,47.67297803281219,Factory
Rocky,Commercial,53.55081419138943,0,1,14152.443618262994,413.8482253827717,3722.7629810188314,4,0,0,45.781402929186335,55,10.74864301435096,45,38.210651778802955,61.789348221197045,Hospital/Clinic
Clayey,Residential,49.52102652884889,1,0,8186.235204614891,289.9709958678219,1365.0555904653422,3,0,3,59.52259542502531,30,17.464955785251846,45,40.94914734507182,59.05085265492818,Individual House
Clayey,Residential,58.23229582447788,1,1,6336.352666901234,1041.7867451783645,4693.664540216876,0,2,2,57.44192604388053,30,2.946173625870202,10,27.841217521825733,72.15878247817426,School
Red Soil,Commercial,31.28398635201623,0,0,13603.03902981514,804.5719286661546,973.6842800147716,3,2,2,31.652689012291376,20,47.86002274663962,85,47.293446840961884,52.706553159038116,Shopping Complex
Loamy,Agricultural,45.00685116152734,0,0,19635.515067410768,905.9983934931622,331.3117029721668,0,0,1,17.374521269061503,15,24.98858139745444,85,35.828227793535135,64.17177220646487,Individual House
Red Soil,Agricultural,25.389086137078124,0,0,12907.586521973128,1132.6901840011967,3221.8193667495048,3,0,3,53.65272846573047,20,57.68485643820313,85,57.449669072556446,42.550330927443554,Individual House
Clayey,Commercial,15.14025309108316,1,0,17750.683878806925,1088.8551963973393,4246.593659400234,4,2,0,68.21493672722922,30,74.76624484819473,45,58.316789066578906,41.683210933421094,Shopping Complex
Black Cotton,Commercial,29.369176311339686,0,0,7252.965189907603,65.04495025234047,4765.664296537561,3,0,1,96.75500890702465,40,51.051372814433854,85,73.87709632106709,26.122903678932914,Shopping Complex
Clayey,Industrial,14.116195846365018,1,1,8732.121867010857,1203.8578579425423,3835.855052582594,1,1,2,68.47095103840874,30,76.47300692272498,10,50.0830845941243,49.9169154058757,Factory
Red Soil,Residential,59.012454253251114,1,0,18219.229552197714,799.0549605775672,998.2500575303616,4,1,3,25.211887587294456,20,1.6459095779148072,45,23.48563805003176,76.51436194996825,Individual House
Loamy,Industrial,10.2935570127394,0,1,15380.467337198557,587.5627962221589,4888.305924018651,3,1,0,59.42661074681515,15,82.84407164543433,45,55.01033167274389,44.98966832725611,Factory
Rocky,Commercial,37.40664478989412,1,0,19646.79608699021,806.2791394021056,4597.179380144214,3,2,2,44.64833880252647,55,37.65559201684313,45,44.540816585095044,55.459183414904956,Shopping Complex
Rocky,Industrial,39.455512038973076,0,1,15720.519984912597,918.6771726859876,815.8371138122372,2,0,2,20.45286426650148,55,34.24081326837822,45,35.21870581037007,64.78129418962993,Factory
Loamy,Commercial,34.59437485807298,0,0,9521.798437146403,224.25946481069548,2793.929134576622,4,1,1,69.89583839684003,15,42.34270856987836,85,58.5492205813636,41.4507794186364,Shopping Complex
Rocky,Industrial,41.42022371415084,1,0,11090.292376624899,626.1230929896675,2777.5871296548944,2,2,2,43.64494407146229,55,30.966293809748592,45,42.51730387744895,57.48269612255105,Factory
Rocky,Industrial,11.389942625654001,1,1,18109.794356799597,503.3793152822757,2212.6738906473543,4,0,0,51.1525143435865,55,81.01676229057666,10,48.90757059289944,51.09242940710056,Factory
Red Soil,Agricultural,35.52601883129101,1,1,11481.287985862911,525.6134172270577,4921.406651298444,0,0,0,51.11849529217724,20,40.78996861451498,10,33.588965505890776,66.41103449410923,Individual House
Loamy,Commercial,20.796691412004883,0,0,5852.550109124459,137.00240761096234,298.11118590110596,4,1,1,44.54290640836316,15,65.33884764665854,85,55.42472915459174,44.57527084540826,Shopping Complex
Sandy,Industrial,56.709683481558116,1,0,9276.77644262904,239.7652320003456,3136.044542217923,4,0,1,57.436665209589734,25,5.483860864069811,45,36.47379803937386,63.52620196062614,Factory
Black Cotton,Residential,46.91394093918491,0,1,10810.00378813324,242.74810137933207,1026.5181133940505,3,0,0,62.23699095032485,40,21.81009843469181,45,44.48547144128665,55.51452855871335,Individual House
Black Cotton,Industrial,58.488296518785845,0,0,2837.676837471462,559.8371148324717,2636.656023654798,1,1,1,63.37792587030354,40,2.5195058020235876,85,50.062150505112136,49.937849494887864,Factory
Rocky,Industrial,7.0655838357104255,1,0,15131.490810804915,1341.7373173121873,3898.703858937594,4,1,2,52.2336040410724,55,88.22402694048262,45,59.83776814949599,40.16223185050401,Factory
Black Cotton,Residential,20.68232463493898,1,1,3077.7247337444874,309.041057881414,1233.6340158427317,2,0,0,68.95963568523504,40,65.52945894176837,10,49.018237225274355,50.981762774725645,Individual House
Loamy,Commercial,15.748242265109194,1,0,8693.436554007309,624.2887615122067,1966.7977324157425,1,2,1,57.39889408203756,15,73.75292955815135,45,52.02784531825098,47.97215468174902,Shopping Complex
Loamy,Agricultural,5.613502302150677,1,0,16287.826389267686,467.41412294870685,4753.840371401996,4,2,0,62.551777047539915,15,90.64416282974886,45,58.05416267407618,41.94583732592382,Individual House
Clayey,Agricultural,18.32791516354768,0,1,9883.836870652642,1181.074968827007,3807.403688601548,1,1,2,67.41802120911308,30,69.45347472742054,45,56.70967610504471,43.29032389495529,Individual House
Clayey,Agricultural,42.33267909362359,1,0,16998.294874651652,75.18964848122422,2863.6159225591778,0,0,1,86.90545131772065,30,29.445534843960687,45,53.528291672192395,46.471708327807605,Individual House
Black Cotton,Residential,17.709890717401272,0,1,7495.745119066185,294.8150933038356,1109.9869390335837,1,1,0,68.08336050309121,40,70.48351547099789,45,58.7000550438314,41.2999449561686,Individual House
Sandy,Industrial,32.995189501544004,1,1,19195.089585970272,315.96231353219156,2126.5271873879155,0,2,2,58.7934638126825,25,45.00801749742666,10,38.07971670879554,61.92028329120446,Factory
Clayey,Commercial,53.82999632307492,1,0,4979.900204299476,1489.444200469847,3870.3065952496136,1,2,1,58.54250091923127,30,10.2833394615418,45,38.8107101871164,61.1892898128836,Shopping Complex
Clayey,Industrial,43.15668561919914,1,0,1727.0187547967248,856.1625269494554,4102.715390549881,1,0,0,61.21082859520021,30,28.072190634668104,45,44.1918376669871,55.8081623330129,Factory
Loamy,Agricultural,26.704598844831757,0,1,17576.104316817953,208.43739657527732,1223.0309907119947,2,1,2,57.278226308515315,15,55.49233525861374,45,47.4204630226338,52.5795369773662,Individual House
Sandy,Industrial,25.485791640165957,1,1,15291.851603057756,408.2987089148482,3310.301052085096,2,1,2,55.13062955506762,25,57.523680599723406,10,39.92664049420452,60.07335950579548,Factory
Rocky,Residential,30.06546977046666,0,0,5407.692904280083,251.7331411843864,475.01496061699953,3,2,2,30.87994329866014,55,49.890883715888904,85,52.780701083503274,47.219298916496726,Individual House
Black Cotton,Residential,14.737279258294851,1,1,19710.090535596806,186.906854429172,116.06153725232215,1,1,3,55.422499664722416,40,75.43786790284192,10,46.75734185836332,53.24265814163668,Individual House
Clayey,Commercial,39.870042207879344,1,0,10543.322456102029,1195.7730426118387,2743.3696171651063,0,1,2,62.03248944803016,30,33.549929653534434,45,45.848853720194164,54.151146279805836,Shopping Complex
Sandy,Commercial,25.028405050753303,0,1,19070.243362739107,743.6289429905323,1121.8992714021435,1,1,2,32.18088416535455,25,58.28599158207783,45,40.83480735339355,59.16519264660645,Shopping Complex
Sandy,Agricultural,51.8800942094124,0,1,10595.546656352986,946.8152052731721,394.56015621066433,4,0,1,10.921179571860186,25,13.533176317645996,45,22.205706929562563,77.79429307043743,Individual House
Black Cotton,Commercial,46.6103963031799,1,1,9965.61714865453,496.87687048799404,3649.14156447615,0,2,3,66.5347886949254,40,22.316006161366843,10,37.3661775835656,62.6338224164344,Shopping Complex
Sandy,Industrial,38.578224025068806,1,0,9533.632205744836,830.5426291009942,2489.872941823225,4,1,2,46.3554439937328,25,35.702959958218656,45,40.15014538736114,59.84985461263886,Factory
Sandy,Residential,25.031122245723385,0,1,7362.630246526054,386.3535487855457,3981.3850547922525,3,0,1,56.56100651143641,25,58.28146292379436,45,49.366718009951335,50.633281990048665,Individual House
Sandy,Residential,16.546250742041643,1,1,11140.328446354482,462.0544123923522,3319.7211984027845,4,1,1,54.14017257094845,25,72.4229154299306,10,43.30478925731461,56.69521074268539,Individual House
Clayey,Residential,47.68835252580926,0,1,9598.53857702279,978.3569165500995,3649.02469957745,3,1,0,60.07791186854769,30,20.519412456984583,45,41.907122268237835,58.092877731762165,Individual House
Black Cotton,Commercial,31.75250044450976,1,1,1698.1906558475284,225.52518887884537,1536.8029064794991,3,2,0,77.26642168573183,40,47.079165925817065,10,47.31303907146041,52.68696092853959,Shopping Complex
Sandy,Residential,17.36125209975466,0,0,5948.269435046547,925.8327887511928,1316.3791284161819,3,0,3,37.98726954338497,25,71.06457983374223,85,56.061689298620294,43.938310701379706,Individual House
Sandy,Residential,15.734603827200342,0,1,5049.33320200561,1278.3522246346909,3004.374460476306,4,1,1,52.066349043199914,25,73.77566028799943,45,51.667137237119825,48.332862762880175,Individual House
Clayey,Residential,14.097049747574747,0,0,17481.276444100266,180.6348392711536,1000.4107019904218,3,2,2,67.64586124664552,30,76.50491708737542,85,68.55228070816979,31.44771929183021,Individual House
Black Cotton,Agricultural,47.74386579130773,0,1,12378.529567309986,1346.1919208549684,4077.0605781601053,3,0,2,66.06403355217307,40,20.42689034782046,45,45.479134330215686,54.520865669784314,Individual House
Loamy,Agricultural,17.594295191517144,0,1,15509.978908544821,119.16852044834248,2614.6008448711927,2,1,1,80.45131497522017,15,70.67617468080476,45,59.32700391152825,40.67299608847175,Individual House
Clayey,Commercial,33.96532449388586,1,0,19179.69471723633,523.3638404338095,1134.949661738805,1,2,3,46.20766211130463,30,43.39112584352357,45,42.77046319983751,57.22953680016249,Shopping Complex
Black Cotton,Residential,29.835049853518104,1,0,13236.746178001791,915.7639728569918,3125.8411616495423,3,1,2,70.54123753662047,40,50.27491691080316,45,54.508162365517954,45.491837634482046,Individual House
Sandy,Commercial,36.878599457555616,1,1,19669.589836690142,839.1221401778052,4725.1786754180885,0,1,3,46.780350135611094,25,38.53566757074064,10,32.25703944014904,67.74296055985096,Shopping Complex
Black Cotton,Residential,53.24351952041568,1,1,6923.516981390463,144.5866087416502,410.4736329538705,0,0,1,54.22339625447447,40,11.260800799307205,10,30.293388888892867,69.70661111110714,School
Black Cotton,Residential,52.72610645449519,1,1,4539.076463944983,1198.3697516787797,546.7260365675147,2,2,3,35.7529941177265,40,12.123155909174685,10,24.044336918497947,75.95566308150205,Apartment
Rocky,Residential,29.80918395036728,1,0,8662.887871865318,1459.7299397178792,4219.1957343167,4,0,0,46.54770401240818,55,50.31802674938787,45,48.37120309168983,51.62879690831017,Individual House
Black Cotton,Commercial,5.845143790409782,1,1,9945.188883780353,271.84243377565514,547.9688728343679,4,1,3,61.1875454825456,40,90.25809368265037,10,52.48016433955355,47.51983566044645,Shopping Complex
Loamy,Commercial,28.454409314286675,1,0,18011.869314199117,1342.6964547231942,196.876846764939,4,2,3,18.82393460672711,15,52.57598447618888,45,33.23237323140171,66.76762676859829,Shopping Complex
Black Cotton,Residential,38.340644558327725,1,1,11638.86834169685,835.2141631676258,1739.6529052323644,3,1,2,63.20789696506536,40,36.09892573612046,10,39.64749537180299,60.35250462819701,Individual House
Loamy,Industrial,35.6770617503934,0,0,6551.438988942323,1403.900656867991,2333.529424607988,4,1,3,53.08073456240165,15,40.538230416011004,85,52.212814700843325,47.787185299156675,Factory
Sandy,Commercial,40.8234858190113,0,0,15110.051374482897,264.12893762514165,2847.222183453449,4,1,2,59.946392287738675,25,31.960856968314502,85,53.971451542787165,46.028548457212835,Shopping Complex
Loamy,Agricultural,13.474165286019591,1,0,10610.806805642347,1188.0320897691367,2536.501162821249,1,2,2,58.6314586784951,15,77.54305785663402,45,53.406775001631786,46.593224998368214,Individual House
Sandy,Commercial,40.55943043294029,0,1,4080.5069602282333,89.6723631679967,4565.922813290567,3,1,0,70.47980060168513,25,32.40094927843286,45,47.76816753019801,52.23183246980199,Shopping Complex
Sandy,Residential,15.045839030907473,1,1,11959.57596423379,1324.7946702040897,3843.340501958187,3,2,2,52.23854024227313,25,74.92360161515421,10,43.26438948858414,56.73561051141586,Individual House
Loamy,Industrial,46.278818938321194,0,0,18316.496199338395,1011.2391332994505,4919.051279308554,0,1,1,50.4302952654197,15,22.86863510279801,85,46.867762118596396,53.132237881403604,Factory
Clayey,Residential,23.6498187294474,0,0,17009.829732040584,555.3821758836451,2382.2771161266114,0,0,2,66.08754531763815,30,60.583635450920994,85,64.0265497239036,35.9734502760964,School
Red Soil,Agricultural,44.04424883597994,0,0,12149.38948007129,285.70023524677526,421.6480491958946,1,2,1,30.279884660116394,20,26.592918606700096,85,41.49618928271576,58.50381071728424,Individual House
Black Cotton,Commercial,7.632607939835889,1,1,8164.580303814774,1224.799647850807,4777.653214714373,2,1,2,76.09184801504102,40,87.27898676694018,10,56.9518934969994,43.0481065030006,Shopping Complex
Rocky,Commercial,27.432301407500237,1,1,2652.5962702200122,904.8619820922173,20.565807945486792,3,0,1,7.553240807034677,55,54.27949765416627,10,26.963508696003704,73.0364913039963,Shopping Complex
Red Soil,Residential,43.7768987244833,1,1,9923.329543300852,540.623779422002,3880.480069195242,0,2,0,49.05577531887917,20,27.038502125861157,10,29.429146893072996,70.570853106927,School
Black Cotton,Residential,17.47787839823218,1,0,15289.509313062004,665.7537372037744,156.41015385839728,4,0,3,36.7587334776099,40,70.87020266961304,45,47.83310738456672,52.16689261543328,Individual House
Black Cotton,Agricultural,48.74078746384724,0,1,7845.200674927201,1239.813984108565,3806.0709532581923,3,1,2,65.81480313403819,40,18.76535422692126,45,44.97651965364368,55.02348034635632,Individual House
Sandy,Industrial,39.69288532077126,1,1,5473.489685481623,508.39079003530156,4689.694699240271,3,0,0,46.07677866980718,25,33.8451911320479,10,30.83817031744449,69.1618296825555,Factory
Black Cotton,Agricultural,37.31589746823891,0,1,18696.214666148117,134.44901716489304,1946.3014866552342,3,1,0,89.53011433615137,40,37.80683755293516,45,58.03724940588677,41.96275059411323,Individual House
Rocky,Industrial,24.445186981238543,1,0,16609.558308701857,1366.9232583052092,1204.8242560985884,0,1,2,31.98518837666213,55,59.25802169793577,45,45.50932135631569,54.49067864368431,Factory
Black Cotton,Commercial,31.534830870961468,0,1,13127.236768982748,581.0156094870518,1131.3957625591543,1,2,2,52.74420753344272,40,47.44194854839755,45,47.57095977380433,52.42904022619567,Shopping Complex
Loamy,Industrial,37.85421155378192,0,1,3598.8835344898685,522.5812666728202,2458.5882207510167,0,1,1,52.53644711155452,15,36.90964741036347,45,41.11516834163495,58.88483165836505,Factory
Red Soil,Industrial,30.985416265318975,0,1,3753.2679677172873,306.5994283139091,854.4351787839577,4,1,2,40.94638381051487,20,48.35763955780171,45,40.67064422313063,59.32935577686937,Factory
Loamy,Commercial,43.407232816730804,0,1,2961.1722376598004,1346.1338568425183,3364.61815329856,4,2,2,51.1481917958173,15,27.654611972115333,45,38.31552012156489,61.68447987843511,Shopping Complex
Rocky,Commercial,28.853331320882777,1,1,12709.636670962122,326.2580005317508,1841.7617874418745,2,2,1,54.04642288671175,55,51.911114465195375,10,42.64402662664796,57.35597337335204,Shopping Complex
Black Cotton,Commercial,16.12502499581167,1,0,3195.693132993384,955.0093020020755,1615.5474620162952,0,1,1,66.27969299137298,40,73.12495834031388,45,58.729132132059014,41.270867867940986,Shopping Complex
Rocky,Agricultural,16.766358054057598,0,0,17009.916778390027,1321.1475174121545,2306.4278812822854,0,1,2,49.8084104864856,55,72.05606990990401,85,64.94696114774595,35.05303885225405,Individual House
Sandy,Commercial,5.31920728636176,1,0,19866.33503456712,52.3704219048261,2712.937512198759,2,2,2,81.52797286412,25,91.1346545227304,45,66.3184541331246,33.681545866875396,Shopping Complex
Loamy,Residential,21.552674355726985,1,0,7960.61550946464,1243.1875579502937,709.651311293979,2,2,2,30.80485763694783,15,64.07887607378836,45,40.30141919137883,59.69858080862117,Individual House
Loamy,Commercial,46.19047022631858,0,1,9619.727092374851,615.8991325346617,3538.8168189842168,3,0,3,50.452382443420355,15,23.015882956135698,45,36.912304594231045,63.087695405768955,Hospital/Clinic
Clayey,Commercial,48.67894898606853,1,1,14521.676362727896,986.9618628978178,4414.7354995266305,3,0,3,59.83026275348287,30,18.868418356552453,10,32.65769655285712,67.34230344714288,Hospital/Clinic
Black Cotton,Commercial,16.13571481526625,1,0,18805.90712018955,558.6068448383309,1389.9345810059087,4,0,0,61.76476291630161,40,73.10714197455624,45,57.14445251434462,42.85554748565538,Shopping Complex
Sandy,Industrial,57.74741982792742,1,0,17987.781697571318,1043.2743845212408,901.954509147424,1,2,0,19.602235225966623,25,3.7543002867876254,45,22.799357400785226,77.20064259921477,Factory
Loamy,Agricultural,32.63215364140697,0,0,2094.244746247123,381.4423718365487,3802.527118595318,4,2,2,60.955419279455334,15,45.61307726432171,85,56.23766606388979,43.76233393611021,Individual House
Loamy,Commercial,55.43383119601764,1,1,4212.364248578535,32.89581365309441,917.7086188282474,0,2,1,54.52196575837487,15,7.610281339970598,10,25.73525835042385,74.26474164957615,Shopping Complex
Sandy,Agricultural,43.87209050238971,0,1,15337.346772598054,1421.6812721819304,206.2758018147831,1,0,2,9.157493410698235,25,26.87984916268381,45,24.925084984415335,75.07491501558466,Individual House
Rocky,Residential,44.73383826623272,0,1,14088.9690526165,24.551646060124167,3096.2161019138944,3,1,2,71.34344166983436,55,25.443602889612123,45,50.83110530684506,49.16889469315494,Individual House
Rocky,Residential,9.677399171833912,0,0,3531.153286762342,1236.1489344502606,1198.757081526751,2,1,0,35.55579183757655,55,83.87100138027681,85,62.912277488220994,37.087722511779006,Individual House
Black Cotton,Commercial,17.099511979331186,1,0,10539.227058029786,253.7063899837107,859.0520446427985,2,1,2,65.68377949900054,40,71.50081336778136,45,58.114526166595525,41.885473833404475,Shopping Complex
Clayey,Residential,5.484815831195995,1,0,15835.477990620617,588.3303429030418,4908.013708572531,4,2,2,70.628796042201,30,90.85864028134,45,63.18473868510535,36.81526131489465,Individual House
Loamy,Agricultural,44.387020226220564,1,1,5156.83296299118,1233.7385647590836,1459.3249169986384,0,1,0,40.08974328341763,15,26.021632956299058,10,25.286818388270937,74.71318161172906,Individual House
Clayey,Industrial,23.944105863568048,0,1,17554.46507895866,308.89822546851804,4517.216451077678,0,1,0,77.48008000599691,30,60.09315689405325,45,57.89131722561223,42.10868277438777,Factory
Rocky,Commercial,48.26588838419907,1,0,2006.4637215869914,1298.5614082875536,891.0938294430215,2,2,1,19.755404492810662,55,19.556852693001545,45,31.30360474573412,68.69639525426588,Shopping Complex
Rocky,Residential,23.641492096536446,0,0,15861.706616293404,746.638408652852,4094.885660312176,4,2,1,48.08962697586589,55,60.59751317243926,85,61.48074773466288,38.51925226533712,Individual House
